id,database,title,programme_area,record_category,keyword_count,all_keywords,source_family,issuer,source_status
EMA-KM-0001,documents,"Freedom of Information Act, Chap. 22:02",Cross-cutting,Legislation / Legal Instrument,20,ema; environmental management; governance; foia; public statement; freedom of information act chap 22 02; ema km 0001; freedom information; freedom information act; freedom; law; legal notice; statutory instrument; rules regulations; compliance reference; held by ema; ema information centre; request access; gazette confirmed; information centre request,,,Held by EMA — Request Required
EMA-KM-0002,documents,"Environmental Management Act, Chap. 35:05",Cross-cutting,Legislation / Legal Instrument,20,ema; environmental management; governance; foia; public statement; environmental management act chap 35 05; ema km 0002; act chap; act; chap; law; legal notice; statutory instrument; rules regulations; compliance reference; legislation legal instrument; cross cutting; section 8 1 a i; official ema linked; ema website google drive,,,Official EMA linked
EMA-KM-0003,documents,"Air Pollution Rules, 2014",Air,Legislation / Legal Instrument,20,air pollution; air quality; source emitter; ambient monitoring; air permit; air pollution rules 2014; ema km 0003; air pollution 2014; air; law; legal notice; statutory instrument; rules regulations; compliance reference; legislation legal instrument; section 8 1 a i; official ema linked; ema website google drive; official ema; air pollution rules 2014 index 1,,,Official EMA linked
EMA-KM-0004,documents,"Air Pollution (Fees) Regulations, 2014",Air,Legislation / Legal Instrument,20,air pollution; air quality; source emitter; ambient monitoring; air permit; air pollution fees regulations 2014; ema km 0004; air pollution fees; air; law; legal notice; statutory instrument; rules regulations; compliance reference; legislation legal instrument; section 8 1 a i; official ema linked; ema website google drive; official ema; air pollution fees regulations 2014 index 1,,,Official EMA linked
EMA-KM-0005,documents,"Certificate of Environmental Clearance Rules, Legal Notice No. 104/2001",CEC,Legislation / Legal Instrument,20,certificate environmental clearance; cec; eia; designated activities; environmental impact assessment; certificate of environmental clearance rules legal notice no 104 2001; ema km 0005; certificate clearance; certificate clearance legal; law; legal notice; statutory instrument; rules regulations; compliance reference; legislation legal instrument; section 8 1 a i; official ema linked; ema website google drive; official ema; certificate of environmental clearance rules legal notice no 104 2001 index 1,,,Official EMA linked
EMA-KM-0006,documents,"Certificate of Environmental Clearance Rules (Designated Activities) Order, Legal Notice No. 103/2001",CEC,Legislation / Legal Instrument,20,certificate environmental clearance; cec; eia; designated activities; environmental impact assessment; certificate of environmental clearance rules designated activities order legal notice no 103 2001; ema km 0006; certificate clearance; certificate clearance designated; law; legal notice; statutory instrument; rules regulations; compliance reference; legislation legal instrument; section 8 1 a i; official ema linked; ema website google drive; official ema; certificate of environmental clearance rules designated activities order legal notice no 103 2001 index 1,,,Official EMA linked
EMA-KM-0007,documents,"Certificate of Environmental Clearance Rules (Designated Activities) (Amendment) Order, 2007, Legal Notice No. 164/2007",CEC,Legislation / Legal Instrument,20,certificate environmental clearance; cec; eia; designated activities; environmental impact assessment; certificate of environmental clearance rules designated activities amendment order 2007 legal notice no 164 2007; ema km 0007; certificate clearance; certificate clearance designated; law; legal notice; statutory instrument; rules regulations; compliance reference; legislation legal instrument; section 8 1 a i; official ema linked; ema website google drive; official ema; certificate of environmental clearance rules designated activities amendment order 2007 legal notice no 164 2007 index 1,,,Official EMA linked
EMA-KM-0008,documents,"Certificate of Environmental Clearance Rules (Designated Activities) (Amendment) Order, 2008, Legal Notice No. 186/2008",CEC,Legislation / Legal Instrument,20,certificate environmental clearance; cec; eia; designated activities; environmental impact assessment; certificate of environmental clearance rules designated activities amendment order 2008 legal notice no 186 2008; ema km 0008; certificate clearance; certificate clearance designated; law; legal notice; statutory instrument; rules regulations; compliance reference; legislation legal instrument; section 8 1 a i; official ema linked; ema website google drive; official ema; certificate of environmental clearance rules designated activities amendment order 2008 legal notice no 186 2008 index 1,,,Official EMA linked
EMA-KM-0009,documents,"Certificate of Environmental Clearance Rules (Fees) Regulations, Legal Notice No. 91/2001",CEC,Legislation / Legal Instrument,20,certificate environmental clearance; cec; eia; designated activities; environmental impact assessment; certificate of environmental clearance rules fees regulations legal notice no 91 2001; ema km 0009; certificate clearance; certificate clearance fees; law; legal notice; statutory instrument; rules regulations; compliance reference; legislation legal instrument; section 8 1 a i; official ema linked; ema website google drive; official ema; certificate of environmental clearance rules fees regulations legal notice no 91 2001 index 1,,,Official EMA linked
EMA-KM-0010,documents,"Environmentally Sensitive Areas Rules, 2001, Legal Notice No. 37/2001",Biodiversity/ESA/ESS,Legislation / Legal Instrument,20,biodiversity; environmentally sensitive area; environmentally sensitive species; protected area; species conservation; environmentally sensitive areas rules 2001 legal notice no 37 2001; ema km 0010; esa; environmentally sensitive; environmentally sensitive areas; law; legal notice; statutory instrument; rules regulations; compliance reference; legislation legal instrument; biodiversity esa ess; section 8 1 a i; official ema linked; ema website google drive,,,Official EMA linked
EMA-KM-0011,documents,"Environmentally Sensitive Areas (Matura), 2004, Legal Notice No. 323/2004",Biodiversity/ESA/ESS,Legislation / Legal Instrument,20,biodiversity; environmentally sensitive area; environmentally sensitive species; protected area; species conservation; environmentally sensitive areas matura 2004 legal notice no 323 2004; ema km 0011; esa; environmentally sensitive; environmentally sensitive areas; law; legal notice; statutory instrument; rules regulations; compliance reference; legislation legal instrument; biodiversity esa ess; section 8 1 a i; official ema linked; ema website google drive,,,Official EMA linked
EMA-KM-0012,documents,"Environmentally Sensitive Areas (Nariva Swamp), 2006, Legal Notice No. 334/2006",Biodiversity/ESA/ESS,Legislation / Legal Instrument,20,biodiversity; environmentally sensitive area; environmentally sensitive species; protected area; species conservation; environmentally sensitive areas nariva swamp 2006 legal notice no 334 2006; ema km 0012; esa; environmentally sensitive; environmentally sensitive areas; law; legal notice; statutory instrument; rules regulations; compliance reference; legislation legal instrument; biodiversity esa ess; section 8 1 a i; official ema linked; ema website google drive,,,Official EMA linked
EMA-KM-0013,documents,"Environmentally Sensitive Areas (Aripo Savannas), 2007, Legal Notice No. 152/2007",Biodiversity/ESA/ESS,Legislation / Legal Instrument,20,biodiversity; environmentally sensitive area; environmentally sensitive species; protected area; species conservation; environmentally sensitive areas aripo savannas 2007 legal notice no 152 2007; ema km 0013; esa; environmentally sensitive; environmentally sensitive areas; law; legal notice; statutory instrument; rules regulations; compliance reference; legislation legal instrument; biodiversity esa ess; section 8 1 a i; official ema linked; ema website google drive,,,Official EMA linked
EMA-KM-0014,documents,"Environmentally Sensitive Species Rules, 2001, Legal Notice No. 63/2001",Biodiversity/ESA/ESS,Legislation / Legal Instrument,20,biodiversity; environmentally sensitive area; environmentally sensitive species; protected area; species conservation; environmentally sensitive species rules 2001 legal notice no 63 2001; ema km 0014; ess; environmentally sensitive; law; legal notice; statutory instrument; rules regulations; compliance reference; legislation legal instrument; biodiversity esa ess; section 8 1 a i; official ema linked; ema website google drive; environmentally sensitive species rules 2001 legal notice no 63 2001 index 1,,,Official EMA linked
EMA-KM-0015,documents,"Environmentally Sensitive Species (Pawi), 2005, Legal Notice No. 124/2005",Biodiversity/ESA/ESS,Legislation / Legal Instrument,20,biodiversity; environmentally sensitive area; environmentally sensitive species; protected area; species conservation; environmentally sensitive species pawi 2005 legal notice no 124 2005; ema km 0015; ess; environmentally sensitive; law; legal notice; statutory instrument; rules regulations; compliance reference; legislation legal instrument; biodiversity esa ess; section 8 1 a i; official ema linked; ema website google drive; environmentally sensitive species pawi 2005 legal notice no 124 2005 index 1,,,Official EMA linked
EMA-KM-0016,documents,"Environmentally Sensitive Species (White-tailed Sabrewing), 2005, Legal Notice No. 125/2005",Biodiversity/ESA/ESS,Legislation / Legal Instrument,20,biodiversity; environmentally sensitive area; environmentally sensitive species; protected area; species conservation; environmentally sensitive species white tailed sabrewing 2005 legal notice no 125 2005; ema km 0016; ess; environmentally sensitive; law; legal notice; statutory instrument; rules regulations; compliance reference; legislation legal instrument; biodiversity esa ess; section 8 1 a i; ema hub only direct link not verified; ema website google drive; environmentally sensitive species white tailed sabrewing 2005 legal notice no 125 2005 index 1,,,EMA hub only / direct link not verified
EMA-KM-0017,documents,"Environmentally Sensitive Species (Manatee), 2005, Legal Notice No. 98/2005",Biodiversity/ESA/ESS,Legislation / Legal Instrument,20,biodiversity; environmentally sensitive area; environmentally sensitive species; protected area; species conservation; environmentally sensitive species manatee 2005 legal notice no 98 2005; ema km 0017; ess; environmentally sensitive; law; legal notice; statutory instrument; rules regulations; compliance reference; legislation legal instrument; biodiversity esa ess; section 8 1 a i; official ema linked; ema website google drive; environmentally sensitive species manatee 2005 legal notice no 98 2005 index 1,,,Official EMA linked
EMA-KM-0018,documents,"Environmentally Sensitive Species (Ocelot), 2013, Legal Notice No. 31/2013",Biodiversity/ESA/ESS,Legislation / Legal Instrument,20,biodiversity; environmentally sensitive area; environmentally sensitive species; protected area; species conservation; environmentally sensitive species ocelot 2013 legal notice no 31 2013; ema km 0018; ess; environmentally sensitive; law; legal notice; statutory instrument; rules regulations; compliance reference; legislation legal instrument; biodiversity esa ess; section 8 1 a i; official ema linked; ema website google drive; environmentally sensitive species ocelot 2013 legal notice no 31 2013 index 1,,,Official EMA linked
EMA-KM-0019,documents,"Environmentally Sensitive Species (Golden Tree Frog), 2013, Legal Notice No. 32/2013",Biodiversity/ESA/ESS,Legislation / Legal Instrument,20,biodiversity; environmentally sensitive area; environmentally sensitive species; protected area; species conservation; environmentally sensitive species golden tree frog 2013 legal notice no 32 2013; ema km 0019; ess; environmentally sensitive; law; legal notice; statutory instrument; rules regulations; compliance reference; legislation legal instrument; biodiversity esa ess; section 8 1 a i; official ema linked; ema website google drive; environmentally sensitive species golden tree frog 2013 legal notice no 32 2013 index 1,,,Official EMA linked
EMA-KM-0020,documents,"Environmentally Sensitive Species (Leatherback Turtle), 2014, Legal Notice No. 88/2014",Biodiversity/ESA/ESS,Legislation / Legal Instrument,20,biodiversity; environmentally sensitive area; environmentally sensitive species; protected area; species conservation; environmentally sensitive species leatherback turtle 2014 legal notice no 88 2014; ema km 0020; ess; environmentally sensitive; law; legal notice; statutory instrument; rules regulations; compliance reference; legislation legal instrument; biodiversity esa ess; section 8 1 a i; ema hub only direct link not verified; ema website google drive; environmentally sensitive species leatherback turtle 2014 legal notice no 88 2014 index 1,,,EMA hub only / direct link not verified
EMA-KM-0021,documents,"Environmentally Sensitive Species (Loggerhead Turtle), 2014, Legal Notice No. 89/2014",Biodiversity/ESA/ESS,Legislation / Legal Instrument,20,biodiversity; environmentally sensitive area; environmentally sensitive species; protected area; species conservation; environmentally sensitive species loggerhead turtle 2014 legal notice no 89 2014; ema km 0021; ess; environmentally sensitive; law; legal notice; statutory instrument; rules regulations; compliance reference; legislation legal instrument; biodiversity esa ess; section 8 1 a i; ema hub only direct link not verified; ema website google drive; environmentally sensitive species loggerhead turtle 2014 legal notice no 89 2014 index 1,,,EMA hub only / direct link not verified
EMA-KM-0022,documents,"Environmentally Sensitive Species (Green Turtle), 2014, Legal Notice No. 90/2014",Biodiversity/ESA/ESS,Legislation / Legal Instrument,20,biodiversity; environmentally sensitive area; environmentally sensitive species; protected area; species conservation; environmentally sensitive species green turtle 2014 legal notice no 90 2014; ema km 0022; ess; environmentally sensitive; law; legal notice; statutory instrument; rules regulations; compliance reference; legislation legal instrument; biodiversity esa ess; section 8 1 a i; ema hub only direct link not verified; ema website google drive; environmentally sensitive species green turtle 2014 legal notice no 90 2014 index 1,,,EMA hub only / direct link not verified
EMA-KM-0023,documents,"Environmentally Sensitive Species (Hawksbill), 2014, Legal Notice No. 91/2014",Biodiversity/ESA/ESS,Legislation / Legal Instrument,20,biodiversity; environmentally sensitive area; environmentally sensitive species; protected area; species conservation; environmentally sensitive species hawksbill 2014 legal notice no 91 2014; ema km 0023; ess; environmentally sensitive; law; legal notice; statutory instrument; rules regulations; compliance reference; legislation legal instrument; biodiversity esa ess; section 8 1 a i; ema hub only direct link not verified; ema website google drive; environmentally sensitive species hawksbill 2014 legal notice no 91 2014 index 1,,,EMA hub only / direct link not verified
EMA-KM-0024,documents,"Environmentally Sensitive Species (Olive Ridley), 2014, Legal Notice No. 92/2014",Biodiversity/ESA/ESS,Legislation / Legal Instrument,20,biodiversity; environmentally sensitive area; environmentally sensitive species; protected area; species conservation; environmentally sensitive species olive ridley 2014 legal notice no 92 2014; ema km 0024; ess; environmentally sensitive; law; legal notice; statutory instrument; rules regulations; compliance reference; legislation legal instrument; biodiversity esa ess; section 8 1 a i; ema hub only direct link not verified; ema website google drive; environmentally sensitive species olive ridley 2014 legal notice no 92 2014 index 1,,,EMA hub only / direct link not verified
EMA-KM-0025,documents,"Noise Pollution Control Rules, 2001, Legal Notice No. 60/2001",Noise,Legislation / Legal Instrument,20,noise pollution; noise variation; npcr; event variation; noise control; noise pollution control rules 2001 legal notice no 60 2001; ema km 0025; noise pollution control; law; legal notice; statutory instrument; rules regulations; compliance reference; legislation legal instrument; noise; section 8 1 a i; official ema linked; ema website google drive; noise pollution control rules 2001 legal notice no 60 2001 index 1; noise pollution control rules 2001 legal notice no 60 2001 index 2,,,Official EMA linked
EMA-KM-0026,documents,"Noise Pollution Control (Fees) Regulations, 2001, Legal Notice No. 51/2001",Noise,Legislation / Legal Instrument,20,noise pollution; noise variation; npcr; event variation; noise control; noise pollution control fees regulations 2001 legal notice no 51 2001; ema km 0026; noise pollution control; noise; law; legal notice; statutory instrument; rules regulations; compliance reference; legislation legal instrument; section 8 1 a i; official ema linked; ema website google drive; official ema; noise pollution control fees regulations 2001 legal notice no 51 2001 index 1,,,Official EMA linked
EMA-KM-0027,documents,"Noise Pollution Control (Amendment) Rules, 2022, Legal Notice No. 18/2022",Noise,Legislation / Legal Instrument,20,noise pollution; noise variation; npcr; event variation; noise control; noise pollution control amendment rules 2022 legal notice no 18 2022; ema km 0027; noise pollution control; noise; law; legal notice; statutory instrument; rules regulations; compliance reference; legislation legal instrument; section 8 1 a i; official ema linked; ema website google drive; official ema; noise pollution control amendment rules 2022 legal notice no 18 2022 index 1,,,Official EMA linked
EMA-KM-0028,documents,"Water Pollution Rules, 2019, Legal Notice No. 312/2019",Water,Legislation / Legal Instrument,20,water pollution; water permit; water quality; discharge monitoring; annual discharge fee; water pollution rules 2019 legal notice no 312 2019; ema km 0028; wpr; water pollution 2019; law; legal notice; statutory instrument; rules regulations; compliance reference; legislation legal instrument; water; section 8 1 a i; official ema linked; ema website google drive; water pollution rules 2019 legal notice no 312 2019 index 1,,,Official EMA linked
EMA-KM-0029,documents,"Water Pollution (Fees) Regulations, 2019, Legal Notice No. 311/2019",Water,Legislation / Legal Instrument,20,water pollution; water permit; water quality; discharge monitoring; annual discharge fee; water pollution fees regulations 2019 legal notice no 311 2019; ema km 0029; water pollution fees; water; law; legal notice; statutory instrument; rules regulations; compliance reference; legislation legal instrument; section 8 1 a i; ema hub only direct link not verified; ema website google drive; official ema; water pollution fees regulations 2019 legal notice no 311 2019 index 1,,,EMA hub only / direct link not verified
EMA-KM-0030,documents,"Notice of Final Action for Water Pollution Rules, 2019",Water,Legislation / Legal Instrument,20,water pollution; water permit; water quality; discharge monitoring; annual discharge fee; notice of final action for water pollution rules 2019; ema km 0030; wpr; notice final; notice final action; law; legal notice; statutory instrument; rules regulations; compliance reference; legislation legal instrument; water; section 8 1 a i; official ema linked; ema website google drive,,,Official EMA linked
EMA-KM-0031,documents,"Waste Management Rules, 2021, Legal Notice No. 184/2021",Waste,Legislation / Legal Instrument,20,waste management; waste permit; hazardous waste; waste handling; waste generation; waste management rules 2021 legal notice no 184 2021; ema km 0031; wmr; waste 2021; waste 2021 legal; law; legal notice; statutory instrument; rules regulations; compliance reference; legislation legal instrument; waste; section 8 1 a i; official ema linked; ema website google drive,,,Official EMA linked
EMA-KM-0032,documents,"Waste Management (Fees) Regulations, 2021, Legal Notice No. 185/2021",Waste,Legislation / Legal Instrument,20,waste management; waste permit; hazardous waste; waste handling; waste generation; waste management fees regulations 2021 legal notice no 185 2021; ema km 0032; wmfr; waste fees; waste fees 2021; law; legal notice; statutory instrument; rules regulations; compliance reference; legislation legal instrument; waste; section 8 1 a i; official ema linked; ema website google drive,,,Official EMA linked
EMA-KM-0033,documents,Source Emitter Registration Form A,Air,Form / Guideline / Technical Guidance,20,air pollution; air quality; source emitter; ambient monitoring; air permit; source emitter registration form a; ema km 0033; source emitter registration; source; technical guidance; form; guideline; methodology; application guidance; form guideline technical guidance; air; section 7 1 a iii section 8; official ema linked; ema website google drive; source emitter registration form a index 1,,,Official EMA linked
EMA-KM-0034,documents,Source Emitter Registration Form A (Sample),Air,Form / Guideline / Technical Guidance,20,air pollution; air quality; source emitter; ambient monitoring; air permit; source emitter registration form a sample; ema km 0034; source emitter registration; source; technical guidance; form; guideline; methodology; application guidance; form guideline technical guidance; air; section 7 1 a iii section 8; official ema linked; ema website google drive; source emitter registration form a sample index 1,,,Official EMA linked
EMA-KM-0035,documents,"A Guide to Source Emitter Registration under the Air Pollution Rules, 2014 / Air Guide",Air,Form / Guideline / Technical Guidance,20,air pollution; air quality; source emitter; ambient monitoring; air permit; a guide to source emitter registration under the air pollution rules 2014 air guide; ema km 0035; source emitter registration; source; technical guidance; form; guideline; methodology; application guidance; form guideline technical guidance; air; section 7 1 a iii section 8; official ema linked; ema website google drive; a guide to source emitter registration under the air pollution rules 2014 air guide index 1,,,Official EMA linked
EMA-KM-0036,documents,Instructional Booklet for Form A — Source Emitter Registration,Air,Form / Guideline / Technical Guidance,20,air pollution; air quality; source emitter; ambient monitoring; air permit; instructional booklet for form a source emitter registration; ema km 0036; instructional booklet; instructional booklet source; instructional; technical guidance; form; guideline; methodology; application guidance; form guideline technical guidance; air; section 7 1 a iii section 8; official ema linked; ema website google drive,,,Official EMA linked
EMA-KM-0037,documents,Application to Transfer Registration Certificate Form E,Air,Form / Guideline / Technical Guidance,20,air pollution; air quality; source emitter; ambient monitoring; air permit; application to transfer registration certificate form e; ema km 0037; transfer registration; transfer registration certificate; transfer; technical guidance; form; guideline; methodology; application guidance; form guideline technical guidance; air; section 7 1 a iii section 8; official page listing; official,,,Official EMA page listing / individual links to verify
EMA-KM-0038,documents,Air Pollution Permit Application Form (Form H),Air,Form / Guideline / Technical Guidance,20,air pollution; air quality; source emitter; ambient monitoring; air permit; air pollution permit application form form h; ema km 0038; air pollution permit; air; technical guidance; form; guideline; methodology; application guidance; form guideline technical guidance; section 7 1 a iii section 8; official ema linked; ema website google drive; official ema; air pollution permit application form form h index 1,,,Official EMA linked
EMA-KM-0039,documents,Instructional Booklet for Form H Permit Application Form,Air,Form / Guideline / Technical Guidance,20,air pollution; air quality; source emitter; ambient monitoring; air permit; instructional booklet for form h permit application form; ema km 0039; instructional booklet; instructional booklet permit; instructional; technical guidance; form; guideline; methodology; application guidance; form guideline technical guidance; air; section 7 1 a iii section 8; official ema linked; ema website google drive,,,Official EMA linked
EMA-KM-0040,documents,Ambient Air Quality Monitoring and Stack Emissions Testing Guide,Air,Form / Guideline / Technical Guidance,20,air pollution; air quality; source emitter; ambient monitoring; air permit; ambient air quality monitoring and stack emissions testing guide; ema km 0040; aaqm; ambient air; ambient air quality; technical guidance; form; guideline; methodology; application guidance; form guideline technical guidance; air; section 7 1 a iii section 8; official ema linked; ema website google drive,,,Official EMA linked
EMA-KM-0041,documents,Air Quality Index FAQs / Air FAQs,Air,Form / Guideline / Technical Guidance,20,air pollution; air quality; source emitter; ambient monitoring; air permit; air quality index faqs air faqs; ema km 0041; air quality index; air; technical guidance; form; guideline; methodology; application guidance; form guideline technical guidance; section 7 1 a iii section 8; official ema linked; ema website google drive; official ema; air quality index faqs air faqs index 1,,,Official EMA linked
EMA-KM-0042,documents,Air Quality Index Brochure,Air,Form / Guideline / Technical Guidance,20,air pollution; air quality; source emitter; ambient monitoring; air permit; air quality index brochure; ema km 0042; air quality index; air; technical guidance; form; guideline; methodology; application guidance; form guideline technical guidance; section 7 1 a iii section 8; official ema linked; ema website google drive; official ema; air quality index brochure index 1,,,Official EMA linked
EMA-KM-0043,documents,Ambient Air Quality Monitoring Reports for Trinidad and Tobago,Air,Monitoring Report Series,20,air pollution; air quality; source emitter; ambient monitoring; air permit; ambient air quality monitoring reports for trinidad and tobago; ema km 0043; aaqm; ambient air; ambient air quality; monitoring report; time series; environmental data; trend analysis; monitoring report series; air; section 7 1 a iii section 8; official page listing; official; page,,,Official EMA page listing / individual links to verify
EMA-KM-0044,documents,CEC Process Flowchart,CEC,Form / Guideline / FAQ,20,certificate environmental clearance; cec; eia; designated activities; environmental impact assessment; cec process flowchart; ema km 0044; cec process; flowchart; form; guideline; faq; application guidance; public guide; form guideline faq; section 7 1 a iii section 8; official ema linked; ema website google drive; official ema; cec process flowchart index 1,,,Official EMA linked
EMA-KM-0045,documents,Certificate of Environmental Clearance Process video,CEC,Form / Guideline / FAQ,20,certificate environmental clearance; cec; eia; designated activities; environmental impact assessment; certificate of environmental clearance process video; ema km 0045; certificate clearance; certificate clearance process; form; guideline; faq; application guidance; public guide; form guideline faq; section 7 1 a iii section 8; official page listing; official; page; certificate of environmental clearance process video index 1,,,Official EMA page listing / direct link not verified
EMA-KM-0046,documents,CEC Brochure / CEC Facts,CEC,Form / Guideline / FAQ,20,certificate environmental clearance; cec; eia; designated activities; environmental impact assessment; cec brochure cec facts; ema km 0046; cec brochure; cec brochure facts; form; guideline; faq; application guidance; public guide; form guideline faq; section 7 1 a iii section 8; official ema linked; ema website google drive; official ema; cec brochure cec facts index 1,,,Official EMA linked
EMA-KM-0047,documents,EIA FAQs: A Guide to the Environmental Impact Assessment (EIA) Process,CEC,Form / Guideline / FAQ,20,certificate environmental clearance; cec; eia; designated activities; environmental impact assessment; eia faqs a guide to the environmental impact assessment eia process; ema km 0047; eia faqs; eia faqs impact; form; guideline; faq; application guidance; public guide; form guideline faq; section 7 1 a iii section 8; official ema linked; ema website google drive; official ema; eia faqs a guide to the environmental impact assessment eia process index 1,,,Official EMA linked
EMA-KM-0048,documents,Wastewater or Sewage Treatment Facilities Designated Activity 42 FAQ,CEC,Form / Guideline / FAQ,20,certificate environmental clearance; cec; eia; designated activities; environmental impact assessment; wastewater or sewage treatment facilities designated activity 42 faq; ema km 0048; faq; wastewater sewage; wastewater sewage treatment; form; guideline; application guidance; public guide; form guideline faq; section 7 1 a iii section 8; official ema linked; ema website google drive; official ema; cec unit permitting,,,Official EMA linked
EMA-KM-0049,documents,Scrap Metal Yard Facilities Designated Activities 36 & 37 FAQ,CEC,Form / Guideline / FAQ,20,certificate environmental clearance; cec; eia; designated activities; environmental impact assessment; scrap metal yard facilities designated activities 36 and 37 faq; ema km 0049; faq; scrap metal; scrap metal yard; form; guideline; application guidance; public guide; form guideline faq; section 7 1 a iii section 8; official ema linked; ema website google drive; official ema; cec unit permitting,,,Official EMA linked
EMA-KM-0050,documents,Waste Incineration FAQ,CEC,Form / Guideline / FAQ,20,certificate environmental clearance; cec; eia; designated activities; environmental impact assessment; waste incineration faq; ema km 0050; faq; waste incineration; waste; form; guideline; application guidance; public guide; form guideline faq; section 7 1 a iii section 8; official ema linked; ema website google drive; official ema; cec unit permitting,,,Official EMA linked
EMA-KM-0051,documents,Agricultural Activities FAQ,CEC,Form / Guideline / FAQ,20,certificate environmental clearance; cec; eia; designated activities; environmental impact assessment; agricultural activities faq; ema km 0051; faq; agricultural activities; agricultural; form; guideline; application guidance; public guide; form guideline faq; section 7 1 a iii section 8; official ema linked; ema website google drive; official ema; cec unit permitting,,,Official EMA linked
EMA-KM-0052,documents,Guidelines to Preparing a Claim for Confidentiality for a CEC Application,CEC,Form / Guideline / FAQ,20,certificate environmental clearance; cec; eia; designated activities; environmental impact assessment; guidelines to preparing a claim for confidentiality for a cec application; ema km 0052; preparing claim; preparing claim confidentiality; form; guideline; faq; application guidance; public guide; form guideline faq; section 7 1 a iii section 8; official page listing; official; page; guidelines to preparing a claim for confidentiality for a cec application index 1,,,Official EMA page listing / direct link not verified
EMA-KM-0053,documents,A Guide to the Application for a Certificate of Environmental Clearance,CEC,Form / Guideline / FAQ,20,certificate environmental clearance; cec; eia; designated activities; environmental impact assessment; a guide to the application for a certificate of environmental clearance; ema km 0053; certificate clearance; certificate; form; guideline; faq; application guidance; public guide; form guideline faq; section 7 1 a iii section 8; official page listing; official; page; a guide to the application for a certificate of environmental clearance index 1,,,Official EMA page listing / direct link not verified
EMA-KM-0054,documents,A Guide to Completing the Certificate of Environmental Clearance Application Form A,CEC,Form / Guideline / FAQ,20,certificate environmental clearance; cec; eia; designated activities; environmental impact assessment; a guide to completing the certificate of environmental clearance application form a; ema km 0054; completing certificate; completing certificate clearance; form; guideline; faq; application guidance; public guide; form guideline faq; section 7 1 a iii section 8; official page listing; official; page; a guide to completing the certificate of environmental clearance application form a index 1,,,Official EMA page listing / direct link not verified
EMA-KM-0055,documents,A Guide to Submitting the Certificate of Environmental Clearance Application Form A,CEC,Form / Guideline / FAQ,20,certificate environmental clearance; cec; eia; designated activities; environmental impact assessment; a guide to submitting the certificate of environmental clearance application form a; ema km 0055; submitting certificate; submitting certificate clearance; form; guideline; faq; application guidance; public guide; form guideline faq; section 7 1 a iii section 8; official page listing; official; page; a guide to submitting the certificate of environmental clearance application form a index 1,,,Official EMA page listing / direct link not verified
EMA-KM-0056,documents,Noise Variation Application Form,Noise,Form / Guideline / Report / FAQ,20,noise pollution; noise variation; npcr; event variation; noise control; noise variation application form; ema km 0056; noise; variation; form; guideline; report; faq; application guidance; form guideline report faq; section iii; section; iii; official ema linked; noise variation application form index 1,,,Official EMA linked
EMA-KM-0057,documents,Noise Application Instructions / Instructional Guide for Completing the Events Noise Variation Application Process,Noise,Form / Guideline / Report / FAQ,20,noise pollution; noise variation; npcr; event variation; noise control; noise application instructions instructional guide for completing the events noise variation application process; ema km 0057; noise instructions; noise instructions instructional; noise; form; guideline; report; faq; application guidance; form guideline report faq; section iii; section; iii; official ema linked,,,Official EMA linked
EMA-KM-0058,documents,Application for Renewal of a Variation,Noise,Form / Guideline / Report / FAQ,20,noise pollution; noise variation; npcr; event variation; noise control; application for renewal of a variation; ema km 0058; renewal variation; renewal; variation; form; guideline; report; faq; application guidance; form guideline report faq; noise; section iii; section; iii,,,Official EMA linked
EMA-KM-0059,documents,Code of Practice: Control of Noise in the Music Entertainment Industry in Trinidad and Tobago,Noise,Form / Guideline / Report / FAQ,20,noise pollution; noise variation; npcr; event variation; noise control; code of practice control of noise in the music entertainment industry in trinidad and tobago; ema km 0059; code practice; code practice control; code; form; guideline; report; faq; application guidance; form guideline report faq; noise; section iii; section; iii,,,Official EMA linked
EMA-KM-0060,documents,Noise Variation Application Checklist,Noise,Form / Guideline / Report / FAQ,20,noise pollution; noise variation; npcr; event variation; noise control; noise variation application checklist; ema km 0060; noise variation checklist; noise; form; guideline; report; faq; application guidance; form guideline report faq; section iii; section; iii; official ema linked; noise variation application checklist index 1,,,Official EMA linked
EMA-KM-0061,documents,Noise Variation Application Process,Noise,Form / Guideline / Report / FAQ,20,noise pollution; noise variation; npcr; event variation; noise control; noise variation application process; ema km 0061; noise variation process; noise; form; guideline; report; faq; application guidance; form guideline report faq; section iii; section; iii; official ema linked; noise variation application process index 1,,,Official EMA linked
EMA-KM-0062,documents,Noise Variation Application FAQs,Noise,Form / Guideline / Report / FAQ,20,noise pollution; noise variation; npcr; event variation; noise control; noise variation application faqs; ema km 0062; noise variation faqs; noise; form; guideline; report; faq; application guidance; form guideline report faq; section iii; section; iii; official ema linked; noise variation application faqs index 1,,,Official EMA linked
EMA-KM-0063,documents,Noise FAQ / Noise FAQ Booklet,Noise,Form / Guideline / Report / FAQ,20,noise pollution; noise variation; npcr; event variation; noise control; noise faq noise faq booklet; ema km 0063; faq; noise faq; noise faq booklet; form; guideline; report; application guidance; form guideline report faq; noise; section iii; section; iii; official ema linked,,,Official EMA linked
EMA-KM-0064,documents,Information Guide — Event Variation Application,Noise,Form / Guideline / Report / FAQ,20,noise pollution; noise variation; npcr; event variation; noise control; information guide event variation application; ema km 0064; information event; information event variation; information; form; guideline; report; faq; application guidance; form guideline report faq; noise; section iii; section; iii,,,Official EMA linked
EMA-KM-0065,documents,Quick Guide — Event Variation Application,Noise,Form / Guideline / Report / FAQ,20,noise pollution; noise variation; npcr; event variation; noise control; quick guide event variation application; ema km 0065; quick event; quick event variation; quick; form; guideline; report; faq; application guidance; form guideline report faq; noise; section iii; section; iii,,,Official EMA linked
EMA-KM-0066,documents,Deadline dates for submission of VR applications for 2023,Noise,Form / Guideline / Report / FAQ,20,noise pollution; noise variation; npcr; event variation; noise control; deadline dates for submission of vr applications for 2023; ema km 0066; vr; deadline dates; deadline dates submission; form; guideline; report; faq; application guidance; form guideline report faq; noise; section iii; section; iii,,,EMA page listing / time-bound document to verify
EMA-KM-0067,documents,"Report on the results of the public survey on the use and impacts of fireworks in Trinidad and Tobago, October 2020",Noise,Form / Guideline / Report / FAQ,20,noise pollution; noise variation; npcr; event variation; noise control; report on the results of the public survey on the use and impacts of fireworks in trinidad and tobago october 2020; ema km 0067; results survey; results survey use; results; form; guideline; report; faq; application guidance; form guideline report faq; noise; section iii; section; iii,,,Official EMA linked
EMA-KM-0068,documents,Position Paper on the Management of Fireworks in Trinidad and Tobago,Noise,Form / Guideline / Report / FAQ,20,noise pollution; noise variation; npcr; event variation; noise control; position paper on the management of fireworks in trinidad and tobago; ema km 0068; position paper; position paper fireworks; position; form; guideline; report; faq; application guidance; form guideline report faq; noise; section iii; section; iii,,,Official EMA linked
EMA-KM-0069,documents,Water Pollution Rules 2019 FAQ,Water,Form / Guideline / FAQ,20,water pollution; water permit; water quality; discharge monitoring; annual discharge fee; water pollution rules 2019 faq; ema km 0069; wpr; faq; form; guideline; application guidance; public guide; form guideline faq; water; section 7 1 a iii section 8; official ema linked; ema website google drive; official ema; water pollution rules 2019 faq index 1,,,Official EMA linked
EMA-KM-0070,documents,Form A1 — Application for Water Pollution Permit,Water,Form / Guideline / FAQ,20,water pollution; water permit; water quality; discharge monitoring; annual discharge fee; form a1 application for water pollution permit; ema km 0070; water pollution permit; water; form; guideline; faq; application guidance; public guide; form guideline faq; section 7 1 a iii section 8; official ema linked; ema website google drive; official ema; form a1 application for water pollution permit index 1,,,Official EMA linked
EMA-KM-0071,documents,Form A1 Sample Form,Water,Form / Guideline / FAQ,20,water pollution; water permit; water quality; discharge monitoring; annual discharge fee; form a1 sample form; ema km 0071; sample; form a1 sample form search term 1; form a1 sample form search term 2; form; guideline; faq; application guidance; public guide; form guideline faq; water; section 7 1 a iii section 8; official ema linked; ema website google drive,,,Official EMA linked
EMA-KM-0072,documents,Instructional Booklet for Form A1 — Application for Water Pollution Permit,Water,Form / Guideline / FAQ,20,water pollution; water permit; water quality; discharge monitoring; annual discharge fee; instructional booklet for form a1 application for water pollution permit; ema km 0072; instructional booklet; instructional booklet water; instructional; form; guideline; faq; application guidance; public guide; form guideline faq; water; section 7 1 a iii section 8; official ema linked; ema website google drive,,,Official EMA linked
EMA-KM-0073,documents,Form A2 — Application for Water Pollution Permit,Water,Form / Guideline / FAQ,20,water pollution; water permit; water quality; discharge monitoring; annual discharge fee; form a2 application for water pollution permit; ema km 0073; water pollution permit; water; form; guideline; faq; application guidance; public guide; form guideline faq; section 7 1 a iii section 8; official ema linked; ema website google drive; official ema; form a2 application for water pollution permit index 1,,,Official EMA linked
EMA-KM-0074,documents,Form A2 Sample Form,Water,Form / Guideline / FAQ,20,water pollution; water permit; water quality; discharge monitoring; annual discharge fee; form a2 sample form; ema km 0074; sample; form a2 sample form search term 1; form a2 sample form search term 2; form; guideline; faq; application guidance; public guide; form guideline faq; water; section 7 1 a iii section 8; official ema linked; ema website google drive,,,Official EMA linked
EMA-KM-0075,documents,Instructional Booklet for Form A2 — Application for Water Pollution Permit,Water,Form / Guideline / FAQ,20,water pollution; water permit; water quality; discharge monitoring; annual discharge fee; instructional booklet for form a2 application for water pollution permit; ema km 0075; instructional booklet; instructional booklet water; instructional; form; guideline; faq; application guidance; public guide; form guideline faq; water; section 7 1 a iii section 8; official ema linked; ema website google drive,,,Official EMA linked
EMA-KM-0076,documents,Form A3 — Application for Water Pollution Permit,Water,Form / Guideline / FAQ,20,water pollution; water permit; water quality; discharge monitoring; annual discharge fee; form a3 application for water pollution permit; ema km 0076; water pollution permit; water; form; guideline; faq; application guidance; public guide; form guideline faq; section 7 1 a iii section 8; official ema linked; ema website google drive; official ema; form a3 application for water pollution permit index 1,,,Official EMA linked
EMA-KM-0077,documents,Form A3 Sample Form,Water,Form / Guideline / FAQ,20,water pollution; water permit; water quality; discharge monitoring; annual discharge fee; form a3 sample form; ema km 0077; sample; form a3 sample form search term 1; form a3 sample form search term 2; form; guideline; faq; application guidance; public guide; form guideline faq; water; section 7 1 a iii section 8; official ema linked; ema website google drive,,,Official EMA linked
EMA-KM-0078,documents,Instructional Booklet for Form A3 — Application for Water Pollution Permit,Water,Form / Guideline / FAQ,20,water pollution; water permit; water quality; discharge monitoring; annual discharge fee; instructional booklet for form a3 application for water pollution permit; ema km 0078; instructional booklet; instructional booklet water; instructional; form; guideline; faq; application guidance; public guide; form guideline faq; water; section 7 1 a iii section 8; official ema linked; ema website google drive,,,Official EMA linked
EMA-KM-0079,documents,Public Guide to Permitting — Water Pollution Rules 2019,Water,Form / Guideline / FAQ,20,water pollution; water permit; water quality; discharge monitoring; annual discharge fee; public guide to permitting water pollution rules 2019; ema km 0079; wpr; permitting water; permitting water pollution; form; guideline; faq; application guidance; public guide; form guideline faq; water; section 7 1 a iii section 8; official ema linked; ema website google drive,,,Official EMA linked
EMA-KM-0080,documents,Instructional Booklet for Form J — Discharge Monitoring Data Report,Water,Form / Guideline / FAQ,20,water pollution; water permit; water quality; discharge monitoring; annual discharge fee; instructional booklet for form j discharge monitoring data report; ema km 0080; instructional booklet; instructional booklet discharge; instructional; form; guideline; faq; application guidance; public guide; form guideline faq; water; section 7 1 a iii section 8; official ema linked; ema website google drive,,,Official EMA linked
EMA-KM-0081,documents,Form J — Discharge Monitoring Data Report,Water,Form / Guideline / FAQ,20,water pollution; water permit; water quality; discharge monitoring; annual discharge fee; form j discharge monitoring data report; ema km 0081; discharge monitoring data; discharge; form; guideline; faq; application guidance; public guide; form guideline faq; water; section 7 1 a iii section 8; official ema linked; ema website google drive; form j discharge monitoring data report index 1,,,Official EMA linked
EMA-KM-0082,documents,Public Guide to Permit Annual Discharge Fee Calculation,Water,Form / Guideline / FAQ,20,water pollution; water permit; water quality; discharge monitoring; annual discharge fee; public guide to permit annual discharge fee calculation; ema km 0082; permit annual; permit annual discharge; permit; form; guideline; faq; application guidance; public guide; form guideline faq; water; section 7 1 a iii section 8; official ema linked; ema website google drive,,,Official EMA linked
EMA-KM-0083,documents,Waste Generation Permit Application Form (Form A),Waste,Form / Guideline / FAQ,20,waste management; waste permit; hazardous waste; waste handling; waste generation; waste generation permit application form form a; ema km 0083; waste generation permit; waste; form; guideline; faq; application guidance; public guide; form guideline faq; section 7 1 a iii section 8; official ema linked; ema website google drive; official ema; waste generation permit application form form a index 1,,,Official EMA linked
EMA-KM-0084,documents,Waste Generation Permit Sample Application Form (Form A),Waste,Form / Guideline / FAQ,20,waste management; waste permit; hazardous waste; waste handling; waste generation; waste generation permit sample application form form a; ema km 0084; waste generation permit; waste; form; guideline; faq; application guidance; public guide; form guideline faq; section 7 1 a iii section 8; official ema linked; ema website google drive; official ema; waste generation permit sample application form form a index 1,,,Official EMA linked
EMA-KM-0085,documents,Waste Generation Permit Application Guide,Waste,Form / Guideline / FAQ,20,waste management; waste permit; hazardous waste; waste handling; waste generation; waste generation permit application guide; ema km 0085; waste generation permit; waste; form; guideline; faq; application guidance; public guide; form guideline faq; section 7 1 a iii section 8; official ema linked; ema website google drive; official ema; waste generation permit application guide index 1,,,Official EMA linked
EMA-KM-0086,documents,Waste Management Fees Calculation,Waste,Form / Guideline / FAQ,20,waste management; waste permit; hazardous waste; waste handling; waste generation; waste management fees calculation; ema km 0086; waste fees; waste fees calculation; waste; form; guideline; faq; application guidance; public guide; form guideline faq; section 7 1 a iii section 8; official ema linked; ema website google drive; official ema,,,Official EMA linked
EMA-KM-0087,documents,Waste Handling Permit Application Form,Waste,Form / Guideline / FAQ,20,waste management; waste permit; hazardous waste; waste handling; waste generation; waste handling permit application form; ema km 0087; waste handling permit; waste; form; guideline; faq; application guidance; public guide; form guideline faq; section 7 1 a iii section 8; official ema linked; ema website google drive; official ema; waste handling permit application form index 1,,,Official EMA linked
EMA-KM-0088,documents,Waste Handling Permit Application Guide,Waste,Form / Guideline / FAQ,20,waste management; waste permit; hazardous waste; waste handling; waste generation; waste handling permit application guide; ema km 0088; waste handling permit; waste; form; guideline; faq; application guidance; public guide; form guideline faq; section 7 1 a iii section 8; official ema linked; ema website google drive; official ema; waste handling permit application guide index 1,,,Official EMA linked
EMA-KM-0089,documents,Waste Handling Permit Sample Form,Waste,Form / Guideline / FAQ,20,waste management; waste permit; hazardous waste; waste handling; waste generation; waste handling permit sample form; ema km 0089; waste handling permit; waste; form; guideline; faq; application guidance; public guide; form guideline faq; section 7 1 a iii section 8; official ema linked; ema website google drive; official ema; waste handling permit sample form index 1,,,Official EMA linked
EMA-KM-0090,documents,"Public Guide Waste Management Rules, 2021 and Waste Management (Fees) Regulations, 2021 FAQ",Waste,Form / Guideline / FAQ,20,waste management; waste permit; hazardous waste; waste handling; waste generation; public guide waste management rules 2021 and waste management fees regulations 2021 faq; ema km 0090; wmr; wmfr; faq; form; guideline; application guidance; public guide; form guideline faq; waste; section 7 1 a iii section 8; official ema linked; ema website google drive; official ema,,,Official EMA linked
EMA-KM-0091,documents,Public Guide for Transboundary Movement of Hazardous Waste,Waste,Form / Guideline / FAQ,20,waste management; waste permit; hazardous waste; waste handling; waste generation; public guide for transboundary movement of hazardous waste; ema km 0091; transboundary movement; transboundary movement hazardous; transboundary; form; guideline; faq; application guidance; public guide; form guideline faq; waste; section 7 1 a iii section 8; official page listing; official,,,Official EMA page listing / direct link not verified
EMA-KM-0092,documents,Revised notification and movement documents for the control of transboundary movement of hazardous wastes and instructions for completing these documents,Waste,Form / Guideline / FAQ,20,waste management; waste permit; hazardous waste; waste handling; waste generation; revised notification and movement documents for the control of transboundary movement of hazardous wastes and instructions for completing these documents; ema km 0092; revised notification; revised notification movement; revised; form; guideline; faq; application guidance; public guide; form guideline faq; waste; section 7 1 a iii section 8; official page listing; official,,,Official EMA page listing / direct link not verified
EMA-KM-0093,documents,Guidelines for Proper Management of Electronic Waste / E-Waste Management Brochure,Waste,Form / Guideline / FAQ,20,waste management; waste permit; hazardous waste; waste handling; waste generation; guidelines for proper management of electronic waste e waste management brochure; ema km 0093; proper electronic; proper electronic waste; proper; form; guideline; faq; application guidance; public guide; form guideline faq; waste; section 7 1 a iii section 8; official ema linked; ema website google drive,,,Official EMA linked
EMA-KM-0094,documents,Waste Oil FAQ,Waste,Form / Guideline / FAQ,20,waste management; waste permit; hazardous waste; waste handling; waste generation; waste oil faq; ema km 0094; faq; waste oil; waste; form; guideline; application guidance; public guide; form guideline faq; section 7 1 a iii section 8; official ema linked; ema website google drive; official ema; waste unit permitting,,,Official EMA linked
EMA-KM-0095,documents,Waste Batteries FAQ,Waste,Form / Guideline / FAQ,20,waste management; waste permit; hazardous waste; waste handling; waste generation; waste batteries faq; ema km 0095; faq; waste batteries; waste; form; guideline; application guidance; public guide; form guideline faq; section 7 1 a iii section 8; official ema linked; ema website google drive; official ema; waste unit permitting,,,Official EMA linked
EMA-KM-0096,documents,Lighting Waste FAQ,Waste,Form / Guideline / FAQ,20,waste management; waste permit; hazardous waste; waste handling; waste generation; lighting waste faq; ema km 0096; faq; lighting waste; lighting; form; guideline; application guidance; public guide; form guideline faq; waste; section 7 1 a iii section 8; official ema linked; ema website google drive; official ema,,,Official EMA linked
EMA-KM-0097,documents,EMA News,Corporate Communications / Knowledge Management,Publication,20,corporate communications; knowledge management; media; public information; ema publications; ema news; ema km 0097; ema; news; ema news search term 1; publication; public education; awareness material; ema publication; outreach; corporate communications knowledge management; section 7 1 a iii iv; official ema page subscription material; ema website subscription; official ema,,,Official EMA page / subscription material
EMA-KM-0098,documents,Annual Reports,Corporate / Statutory Reporting,Annual Report,20,annual report; statutory reporting; corporate reporting; public accountability; ema publications; annual reports; ema km 0098; annual; annual reports search term 1; annual reports search term 2; statutory report; corporate performance; ema report; corporate statutory reporting; section 7 1 a iii iv; official ema linked; ema website; official ema; knowledge management corporate secretariat; statutory reporting and institutional memory,,,EMA Source Page
EMA-KM-0099,documents,State of the Environment reports,Knowledge Management / Research,State of Environment Report,20,knowledge management; research; environmental data; information centre; evidence base; state of the environment reports; ema km 0099; state environment; state; environment; state of environment; soe; environmental indicators; national reporting; trend report; state of environment report; knowledge management research; section 7 1 a iii iv; official ema page listing verify individual links; ema website information centre,,,Official EMA page listing / verify individual links
EMA-KM-0100,documents,"National Environmental Policy, 2018",National Environmental Policy,Policy,20,national environmental policy; nep; policy framework; sustainable development; environmental governance; national environmental policy 2018; ema km 0100; 2018; national environmental policy 2018 2018; national environmental policy 2018 search term 1; policy; governance; national direction; implementation guidance; section 9 1 j; official ema linked; ema website; official ema; eac policy; policy reference for alignment,,,Official EMA linked
EMA-KM-0101,documents,National Environmental Action Plan,National Environmental Policy,Action Plan,20,national environmental policy; nep; policy framework; sustainable development; environmental governance; national environmental action plan; ema km 0101; action plan; action; plan; implementation plan; programme planning; national priorities; strategic actions; section 9 1 j; official page listing; official; page; listing; ema website information centre,,,Official EMA page listing / direct link not verified
EMA-KM-0102,documents,National Biodiversity Strategy Action Plan,Biodiversity,Policy / Strategy,20,biodiversity; species conservation; ecosystem services; habitat management; protected area; national biodiversity strategy action plan; ema km 0102; biodiversity strategy; biodiversity strategy action; policy strategy; strategic framework; implementation priorities; governance; national direction; section 7 publications section 9; public external ema policy page listing; ema website cbd repository; un cbd; biodiversity eac; national biodiversity strategy action plan index 1,,,Public external / EMA policy page listing
EMA-KM-0103,documents,"Initial National Communication of Trinidad and Tobago under the UNFCCC, March 2001",Climate Change,International Convention Report,20,climate change; unfccc; greenhouse gases; mitigation; adaptation; initial national communication of trinidad and tobago under the unfccc march 2001; ema km 0103; initial communication; initial communication unfccc; international report; convention report; mea; national communication; treaty reporting; international convention report; section 7 publications section 9 1 c; public external; unfccc repository; climate eac; initial national communication of trinidad and tobago under the unfccc march 2001 index 1,,,Public external
EMA-KM-0104,documents,"Second National Communication of Trinidad and Tobago under the UNFCCC, 2013",Climate Change,International Convention Report,20,climate change; unfccc; greenhouse gases; mitigation; adaptation; second national communication of trinidad and tobago under the unfccc 2013; ema km 0104; second communication; second communication unfccc; international report; convention report; mea; national communication; treaty reporting; international convention report; section 9 1 c; public external; unfccc repository; climate eac; second national communication of trinidad and tobago under the unfccc 2013 index 1,,,Public external
EMA-KM-0105,documents,Green Business,Public Education / Sustainable Business,Publication,20,public education; green business; sustainable business; environmental awareness; private sector; ema km 0105; green; business; green business search term 1; publication; awareness material; ema publication; outreach; public education sustainable business; section 7 publications; information centre website to verify; ema website information centre; official ema; public education eac; green business index 1,,,Information Centre / website to verify
EMA-KM-0106,documents,Matura National Park: An Environmentally Sensitive Area,Biodiversity/ESA,Publication,20,biodiversity; environmentally sensitive area; protected area; habitat management; species conservation; matura national park an environmentally sensitive area; ema km 0106; esa; matura park; matura park environmentally; publication; public education; awareness material; ema publication; outreach; biodiversity esa; section 7 publications; information centre website to verify; ema website information centre; official ema,,,Information Centre / website to verify
EMA-KM-0107,documents,Forests and You: Activity Booklet,Public Education / Forests,Activity Booklet,20,public education; forests; activity booklet; environmental awareness; students; forests and you activity booklet; ema km 0107; forests you; forests you activity; student resource; children; public education forests; section 7 publications; official ema page found; ema website; official ema; public education eac; public education resource; low; forests and you activity booklet index 1,,,Official EMA page found
EMA-KM-0108,documents,Importance of Wetlands: Activity Booklet,Public Education / Wetlands,Activity Booklet,20,public education; wetlands; activity booklet; environmental awareness; students; importance of wetlands activity booklet; ema km 0108; importance wetlands; importance wetlands activity; importance; student resource; children; public education wetlands; section 7 publications; information centre website to verify; ema website information centre; official ema; public education eac; public education resource; low,,,Information Centre / website to verify
EMA-KM-0109,documents,Litter: Activity Booklet,Public Education,Activity Booklet,20,public education; environmental awareness; education material; community outreach; students; litter activity booklet; ema km 0109; litter activity; litter; booklet; activity booklet; student resource; children; section 7 publications; information centre website to verify; held by ema; ema information centre; request access; gazette confirmed; information centre request,,,Held by EMA — Request Required
EMA-KM-0110,documents,Wetlands: A Teachers' Module,Public Education / Wetlands,Teachers' Module,20,public education; wetlands; activity booklet; environmental awareness; students; wetlands a teachers module; ema km 0110; wetlands teachers; wetlands teachers module; teachers module; education resource; curriculum support; student learning; public education wetlands; section 7 publications; held by ema; ema information centre; request access; gazette confirmed; information centre request,,,Held by EMA — Request Required
EMA-KM-0111,documents,Mystic Mora,Public Education / Forests,Publication,20,public education; forests; activity booklet; environmental awareness; students; mystic mora; ema km 0111; mystic; mora; mystic mora search term 1; publication; awareness material; ema publication; outreach; public education forests; section 7 publications; official ema page found; ema website; official ema; public education eac,,,Official EMA page found
EMA-KM-0112,documents,"National environmental literacy / awareness survey: knowledge, attitudes, practices",Public Education / Behaviour Change,Survey Report,20,public education; behaviour change; environmental literacy; survey; awareness; national environmental literacy awareness survey knowledge attitudes practices; ema km 0112; literacy awareness; literacy awareness survey; literacy; survey report; public attitudes; knowledge attitudes practices; public education behaviour change; section 7 publications section 9 1 e; official ema news page found; ema website; official ema; public education eac; behaviour change baseline and outreach evidence,,,Official EMA news page found
EMA-KM-0113,documents,Strategic Plan 2022–2026,Corporate Strategy,Strategic Plan,20,strategic plan; corporate strategy; performance planning; objectives; governance; strategic plan 2022 2026; ema km 0113; strategic plan 2022; strategic; corporate objectives; performance framework; planning cycle; strategy; section 9 1 i; official ema linked; ema website google drive; official ema; managing director s office eac; strategic alignment and annual reporting framework; strategic plan 2022 2026 index 1,,,Official EMA linked
EMA-KM-0114,documents,"EMA 9001:2015 Quality Policy, 2019",Quality Management,Quality Policy,20,quality management; iso 9001; quality policy; process improvement; document control; ema 9001 2015 quality policy 2019; ema km 0114; ema; 9001 2015; 9001 2015 quality; quality commitment; customer focus; continuous improvement; section 8 1 a ii; official ema linked; ema website google drive; official ema; quality iso; qms policy baseline; high,,,Official EMA linked
EMA-KM-0115,documents,EMA Approved Organisation Structure,Corporate Governance,Organisation Structure,20,corporate governance; organisation structure; board; leadership; accountability; ema approved organisation structure; ema km 0115; ema; approved organisation; approved organisation structure; org chart; department structure; governance; reporting lines; organisational reference; official ema linked; ema website google drive; official ema; hr md office; org knowledge architecture and ownership mapping,,,Official EMA linked
EMA-KM-0116,documents,Air — Register of Emitter Facilities,Air,Public Register,20,air pollution; air quality; source emitter; ambient monitoring; air permit; air register of emitter facilities; ema km 0116; air register; air register emitter; air; public register; official register; information centre; public inspection; regulatory list; held by ema; ema information centre; request access; gazette confirmed; information centre request,,,Held by EMA — Request Required
EMA-KM-0117,documents,Certificates of Environmental Clearance — National Register,CEC,Public Register,20,certificate environmental clearance; cec; eia; designated activities; environmental impact assessment; certificates of environmental clearance national register; ema km 0117; certificates clearance; certificates clearance register; certificates; public register; official register; information centre; public inspection; regulatory list; section 7 1 a iii; official online e summary public register; ema website information centre; official ema; cec unit information centre,,,Official online e-summary / public register
EMA-KM-0118,documents,Noise Variation Register,Noise,Public Register,20,noise pollution; noise variation; npcr; event variation; noise control; noise variation register; ema km 0118; noise; register; public register; official register; information centre; public inspection; regulatory list; section 7 1 a iii; held by ema; ema information centre; request access; gazette confirmed; information centre request,,,Held by EMA — Request Required
EMA-KM-0119,documents,Water Polluters Register,Water,Public Register,20,water pollution; water permit; water quality; discharge monitoring; annual discharge fee; water polluters register; ema km 0119; water polluters; water; register; public register; official register; information centre; public inspection; regulatory list; held by ema; ema information centre; request access; gazette confirmed; information centre request,,,Held by EMA — Request Required
EMA-KM-0120,documents,Waste Permit Register,Waste,Public Register,20,waste management; waste permit; hazardous waste; waste handling; waste generation; waste permit register; ema km 0120; waste; register; public register; official register; information centre; public inspection; regulatory list; section 7 1 a iii; information centre public register; waste unit information centre; regulatory transparency; high; waste permit register index 1,,,Information Centre / public register
EMA-KM-0121,documents,Draft Environmental Code: A Consolidated Text of Environmental Laws (2000).,Cross-cutting,Scientific / Technical Report,20,ema; environmental management; governance; foia; public statement; draft environmental code a consolidated text of environmental laws 2000; ema km 0121; draft code; draft code consolidated; draft; technical report; scientific study; monitoring data; assessment; evidence base; held by ema; ema information centre; request access; gazette confirmed; information centre request,,,Held by EMA — Request Required
EMA-KM-0122,documents,Effluent from Forrest Park Landfill — Groundwater from Well at Springvale. CARIRI/EMA May 2001.,Water,Scientific / Technical Report,20,water pollution; water permit; water quality; discharge monitoring; annual discharge fee; effluent from forrest park landfill groundwater from well at springvale cariri ema may 2001; ema km 0122; cariri; ema; effluent forrest; technical report; scientific study; monitoring data; assessment; evidence base; held by ema; ema information centre; request access; gazette confirmed; information centre request,,,Held by EMA — Request Required
EMA-KM-0123,documents,Final Report on Lead Particulate at the St. Joseph Boys’ School. CARIRI/EMA July 2001.,Pollution / Public Health,Scientific / Technical Report,20,pollution; public health; lead; environmental monitoring; contamination; final report on lead particulate at the st joseph boys school cariri ema july 2001; ema km 0123; cariri; ema; final lead; technical report; scientific study; monitoring data; assessment; evidence base; held by ema; ema information centre; request access; gazette confirmed; information centre request,,,Held by EMA — Request Required
EMA-KM-0124,documents,Report on the Investigation of the Fish Kill at the Caroni Swamp. IMA/EMA July 2001.,Cross-cutting,Scientific / Technical Report,20,ema; environmental management; governance; foia; public statement; report on the investigation of the fish kill at the caroni swamp ima ema july 2001; ema km 0124; ima; investigation fish; technical report; scientific study; monitoring data; assessment; evidence base; scientific technical report; held by ema; ema information centre; request access; gazette confirmed; information centre request,,,Held by EMA — Request Required
EMA-KM-0125,documents,"Final report on the fingerprinting analysis of an oil spill at Chaguaramas, January 2003. IMA/EMA January 2003.",Cross-cutting,Scientific / Technical Report,20,ema; environmental management; governance; foia; public statement; final report on the fingerprinting analysis of an oil spill at chaguaramas january 2003 ima ema january 2003; ema km 0125; ima; final fingerprinting; technical report; scientific study; monitoring data; assessment; evidence base; scientific technical report; held by ema; ema information centre; request access; gazette confirmed; information centre request,,,Held by EMA — Request Required
EMA-KM-0126,documents,Report of an oil spill at Chaguaramas. December 2002. IMA/EMA.,Cross-cutting,Scientific / Technical Report,20,ema; environmental management; governance; foia; public statement; report of an oil spill at chaguaramas december 2002 ima ema; ema km 0126; ima; oil spill; technical report; scientific study; monitoring data; assessment; evidence base; scientific technical report; held by ema; ema information centre; request access; gazette confirmed; information centre request,,,Held by EMA — Request Required
EMA-KM-0127,documents,"Report of oil spill at Chaguaramas, December 2002 - January 2003.",Cross-cutting,Scientific / Technical Report,20,ema; environmental management; governance; foia; public statement; report of oil spill at chaguaramas december 2002 january 2003; ema km 0127; oil spill; oil spill chaguaramas; oil; technical report; scientific study; monitoring data; assessment; evidence base; held by ema; ema information centre; request access; gazette confirmed; information centre request,,,Held by EMA — Request Required
EMA-KM-0128,documents,Final report for Water Quality monitoring at some Water Sources in North Trinidad. CARIRI/EMA. 2001.,Water,Scientific / Technical Report,20,water pollution; water permit; water quality; discharge monitoring; annual discharge fee; final report for water quality monitoring at some water sources in north trinidad cariri ema 2001; ema km 0128; cariri; ema; final water; technical report; scientific study; monitoring data; assessment; evidence base; held by ema; ema information centre; request access; gazette confirmed; information centre request,,,Held by EMA — Request Required
EMA-KM-0129,documents,Ground water well development and ground water quality assessment: Final report CARIRI/EMA. 2003.,Water,Scientific / Technical Report,20,water pollution; water permit; water quality; discharge monitoring; annual discharge fee; ground water well development and ground water quality assessment final report cariri ema 2003; ema km 0129; cariri; ema; ground water; technical report; scientific study; monitoring data; assessment; evidence base; held by ema; ema information centre; request access; gazette confirmed; information centre request,,,Held by EMA — Request Required
EMA-KM-0130,documents,Baseline survey of blood lead levels in primary school children ages 5-7 in Trinidad and Tobago. October 2004. EMA/Ministry of Health.,Pollution / Public Health,Scientific / Technical Report,20,pollution; public health; lead; environmental monitoring; contamination; baseline survey of blood lead levels in primary school children ages 5 7 in trinidad and tobago october 2004 ema ministry of health; ema km 0130; ema; baseline survey; baseline survey blood; technical report; scientific study; monitoring data; assessment; evidence base; scientific technical report; pollution public health; section 9 1 e f g h; public external article page; researchgate article page,,,Public external / article page
EMA-KM-0131,documents,Groundwater Quality Assessment at Selected Sites in Trinidad and Tobago. EMA 2005,Water,Scientific / Technical Report,20,water pollution; water permit; water quality; discharge monitoring; annual discharge fee; groundwater quality assessment at selected sites in trinidad and tobago ema 2005; ema km 0131; ema; groundwater quality; groundwater quality assessment; technical report; scientific study; monitoring data; assessment; evidence base; held by ema; ema information centre; request access; gazette confirmed; information centre request,,,Held by EMA — Request Required
EMA-KM-0132,documents,Blood Lead Levels in Primary School Children in Trinidad and Tobago. Research Paper. EMA.,Pollution / Public Health,Scientific / Technical Report,20,pollution; public health; lead; environmental monitoring; contamination; blood lead levels in primary school children in trinidad and tobago research paper ema; ema km 0132; ema; blood lead; blood lead levels; technical report; scientific study; monitoring data; assessment; evidence base; scientific technical report; pollution public health; section 9 1 e f g h; public external article page; researchgate article page,,,Public external / article page
EMA-KM-0133,documents,Volume of Soil-Lead Contamination at Demerara Pond Area. EMA/UWI 2005.,Pollution / Public Health,Scientific / Technical Report,20,pollution; public health; lead; environmental monitoring; contamination; volume of soil lead contamination at demerara pond area ema uwi 2005; ema km 0133; ema; uwi; volume soil; technical report; scientific study; monitoring data; assessment; evidence base; held by ema; ema information centre; request access; gazette confirmed; information centre request,,,Held by EMA — Request Required
EMA-KM-0134,documents,"Lead Sampling and Analysis at La Chance Trace and Demerara Road Community, Arima. EMA/UWI 2005.",Pollution / Public Health,Scientific / Technical Report,20,pollution; public health; lead; environmental monitoring; contamination; lead sampling and analysis at la chance trace and demerara road community arima ema uwi 2005; ema km 0134; ema; uwi; lead sampling; technical report; scientific study; monitoring data; assessment; evidence base; scientific technical report; pollution public health; section 9 1 e f g h; cited online project portfolio; green engineering portfolio,,,Cited online / project portfolio
EMA-KM-0135,documents,National hazardous waste inventory. 2006. EMA/CEHI.,Waste,Scientific / Technical Report,20,waste management; waste permit; hazardous waste; waste handling; waste generation; national hazardous waste inventory 2006 ema cehi; ema km 0135; ema; cehi; technical report; scientific study; monitoring data; assessment; evidence base; scientific technical report; waste; section 9 1 e f g h; cited online full report not located; eclac citing document; national hazardous waste inventory 2006 ema cehi index 1,,,Cited online; full report not located
EMA-KM-0136,documents,Final report on water quality monitoring of selected recreational areas in Trinidad and Tobago. EMA/ CARIRI. October 2007.,Water,Scientific / Technical Report,20,water pollution; water permit; water quality; discharge monitoring; annual discharge fee; final report on water quality monitoring of selected recreational areas in trinidad and tobago ema cariri october 2007; ema km 0136; ema; cariri; final water; technical report; scientific study; monitoring data; assessment; evidence base; held by ema; ema information centre; request access; gazette confirmed; information centre request,,,Held by EMA — Request Required
EMA-KM-0137,documents,River assessment reports: May 2007. EMA/UWI 2007.,Water,Scientific / Technical Report,20,water pollution; water permit; water quality; discharge monitoring; annual discharge fee; river assessment reports may 2007 ema uwi 2007; ema km 0137; ema; uwi; river assessment; technical report; scientific study; monitoring data; assessment; evidence base; held by ema; ema information centre; request access; gazette confirmed; information centre request,,,Held by EMA — Request Required
EMA-KM-0138,documents,Chemical water quality of rivers of Trinidad and Tobago: an assessment of metal pollution. EMA/UWI 2007.,Water,Scientific / Technical Report,20,water pollution; water permit; water quality; discharge monitoring; annual discharge fee; chemical water quality of rivers of trinidad and tobago an assessment of metal pollution ema uwi 2007; ema km 0138; ema; uwi; chemical water; technical report; scientific study; monitoring data; assessment; evidence base; held by ema; ema information centre; request access; gazette confirmed; information centre request,,,Held by EMA — Request Required
EMA-KM-0139,documents,Use of benthic macroinvertebrates to assess anthropogenic impacts in the rivers of Trinidad and Tobago. EMA/UWI 2007.,Water,Scientific / Technical Report,20,water pollution; water permit; water quality; discharge monitoring; annual discharge fee; use of benthic macroinvertebrates to assess anthropogenic impacts in the rivers of trinidad and tobago ema uwi 2007; ema km 0139; ema; uwi; use benthic; technical report; scientific study; monitoring data; assessment; evidence base; held by ema; ema information centre; request access; gazette confirmed; information centre request,,,Held by EMA — Request Required
EMA-KM-0140,documents,Investigation and assessment of potential lead contaminated sites in Trinidad and Tobago based on the blood lead level (BLL) survey of 2004. EMA 2007.,Pollution / Public Health,Scientific / Technical Report,20,pollution; public health; lead; environmental monitoring; contamination; investigation and assessment of potential lead contaminated sites in trinidad and tobago based on the blood lead level bll survey of 2004 ema 2007; ema km 0140; bll; ema; investigation assessment; technical report; scientific study; monitoring data; assessment; evidence base; held by ema; ema information centre; request access; gazette confirmed; information centre request,,,Held by EMA — Request Required
EMA-KM-0141,documents,Determination of the volume of lead contamination at three sites in Trinidad. EMA/UWI 2008.,Pollution / Public Health,Scientific / Technical Report,20,pollution; public health; lead; environmental monitoring; contamination; determination of the volume of lead contamination at three sites in trinidad ema uwi 2008; ema km 0141; ema; uwi; determination volume; technical report; scientific study; monitoring data; assessment; evidence base; held by ema; ema information centre; request access; gazette confirmed; information centre request,,,Held by EMA — Request Required
EMA-KM-0142,documents,"Ambient air quality monitoring at the Point Lisas Industrial Estate, 2005-2006 yearly report. November 2008. EMA 2008.",Air,Scientific / Technical Report,20,air pollution; air quality; source emitter; ambient monitoring; air permit; ambient air quality monitoring at the point lisas industrial estate 2005 2006 yearly report november 2008 ema 2008; ema km 0142; aaqm; ema; ambient air; technical report; scientific study; monitoring data; assessment; evidence base; held by ema; ema information centre; request access; gazette confirmed; information centre request,,,Held by EMA — Request Required
EMA-KM-0143,documents,"National Environmental Literacy/Awareness Survey, 2016.",Cross-cutting,Scientific / Technical Report,20,ema; environmental management; governance; foia; public statement; national environmental literacy awareness survey 2016; ema km 0143; literacy awareness; literacy awareness survey; literacy; technical report; scientific study; monitoring data; assessment; evidence base; held by ema; ema information centre; request access; gazette confirmed; information centre request,,,Held by EMA — Request Required
EMA-KM-0144,documents,IWEco TT guidebook for quarry rehabilitation plans. EMA 2022 report. ===== PAGE 18 ===== ENVIRONMENTAL MANAGEMENT AUTHORITY—CONTINUED,Cross-cutting,Scientific / Technical Report,20,ema; environmental management; governance; foia; public statement; iweco tt guidebook for quarry rehabilitation plans ema 2022 report page 18 environmental management authority continued; ema km 0144; tt; page; technical report; scientific study; monitoring data; assessment; evidence base; scientific technical report; cross cutting; section 9 1 e f g h; public external; iweco repository; iweco tt guidebook for quarry rehabilitation plans ema 2022 report page 18 environmental management authority continued index 1,,,Public external
EMA-KM-0145,documents,"Aripo Savannas Environmentally Sensitive Area Literature Review to Facilitate the Preparation of Management Plans/ Prepared by the Caribbean Natural Resource Institute, 2007.",Biodiversity/ESA/ESS,Consultant Report,20,biodiversity; environmentally sensitive area; environmentally sensitive species; protected area; species conservation; aripo savannas environmentally sensitive area literature review to facilitate the preparation of management plans prepared by the caribbean natural resource institute 2007; ema km 0145; esa; aripo savannas; aripo savannas environmentally; consultant report; peer review; risk assessment; technical review; cec support; held by ema; ema information centre; request access; gazette confirmed; information centre request,,,Held by EMA — Request Required
EMA-KM-0146,documents,"Aripo Savannas Environmentally Sensitive Area Management Plan/ Prepared by the Caribbean Natural Resource Institute for the Environmental Management Authority. Port of Spain, Trinidad: EMA, 2008.",Biodiversity/ESA/ESS,Consultant Report,20,biodiversity; environmentally sensitive area; environmentally sensitive species; protected area; species conservation; aripo savannas environmentally sensitive area management plan prepared by the caribbean natural resource institute for the environmental management authority port of spain trinidad ema 2008; ema km 0146; esa; ema; aripo savannas; consultant report; peer review; risk assessment; technical review; cec support; biodiversity esa ess; section 9 1 e f g h; cited online full pdf not located; faolex plan citing report; faolex national protected area systems plan,,,Cited online; full PDF not located
EMA-KM-0147,documents,"Aripo Savannas Environmentally Sensitive Area Implementation Plan/ Prepared by the Caribbean Natural Resource Institute for the Environmental Management Authority. Port of Spain, Trinidad: EMA, 2008.",Biodiversity/ESA/ESS,Consultant Report,20,biodiversity; environmentally sensitive area; environmentally sensitive species; protected area; species conservation; aripo savannas environmentally sensitive area implementation plan prepared by the caribbean natural resource institute for the environmental management authority port of spain trinidad ema 2008; ema km 0147; esa; ema; aripo savannas; consultant report; peer review; risk assessment; technical review; cec support; held by ema; ema information centre; request access; gazette confirmed; information centre request,,,Held by EMA — Request Required
EMA-KM-0148,documents,"Aripo Savannas Environmentally Sensitive Area Resource Management Plan: A Framework for Participatory Management / Prepared by the Caribbean Natural Resource Institute for the Environmental Management Authority. Port of Spain, Trinidad: EMA, 2008.",Biodiversity/ESA/ESS,Consultant Report,20,biodiversity; environmentally sensitive area; environmentally sensitive species; protected area; species conservation; aripo savannas environmentally sensitive area resource management plan a framework for participatory management prepared by the caribbean natural resource institute for the environmental management authority port of spain trinidad ema 2008; ema km 0148; esa; ema; aripo savannas; consultant report; peer review; risk assessment; technical review; cec support; held by ema; ema information centre; request access; gazette confirmed; information centre request,,,Held by EMA — Request Required
EMA-KM-0149,documents,"Case study of the participatory planning process for the Aripo Savannas Environmentally Sensitive Area / Prepared by the Caribbean Natural Resource Institute for the Environmental Management Authority. Port of Spain, Trinidad: EMA, 2009.",Biodiversity/ESA/ESS,Consultant Report,20,biodiversity; environmentally sensitive area; environmentally sensitive species; protected area; species conservation; case study of the participatory planning process for the aripo savannas environmentally sensitive area prepared by the caribbean natural resource institute for the environmental management authority port of spain trinidad ema 2009; ema km 0149; esa; ema; case study; consultant report; peer review; risk assessment; technical review; cec support; held by ema; ema information centre; request access; gazette confirmed; information centre request,,,Held by EMA — Request Required
EMA-KM-0150,documents,"Aripo Savannas Environmentally Sensitive Area Participatory Geographic Information Systems Manual/ Prepared by the Caribbean Natural Resource Institute for the Environmental Management Authority. Port of Spain, Trinidad: EMA, 2008.",Biodiversity/ESA/ESS,Consultant Report,20,biodiversity; environmentally sensitive area; environmentally sensitive species; protected area; species conservation; aripo savannas environmentally sensitive area participatory geographic information systems manual prepared by the caribbean natural resource institute for the environmental management authority port of spain trinidad ema 2008; ema km 0150; esa; ema; aripo savannas; consultant report; peer review; risk assessment; technical review; cec support; held by ema; ema information centre; request access; gazette confirmed; information centre request,,,Held by EMA — Request Required
EMA-KM-0151,documents,"Aripo Savannas Environmentally Sensitive Area Recreation Management Plan/ Prepared by the Caribbean Natural Resource Institute for the Environmental Management Authority. Port of Spain, Trinidad: EMA, 2008.",Biodiversity/ESA/ESS,Consultant Report,20,biodiversity; environmentally sensitive area; environmentally sensitive species; protected area; species conservation; aripo savannas environmentally sensitive area recreation management plan prepared by the caribbean natural resource institute for the environmental management authority port of spain trinidad ema 2008; ema km 0151; esa; ema; aripo savannas; consultant report; peer review; risk assessment; technical review; cec support; held by ema; ema information centre; request access; gazette confirmed; information centre request,,,Held by EMA — Request Required
EMA-KM-0152,documents,"Aripo Savannas Environmentally Sensitive Area Interpretive Management Plan/ Prepared by the Caribbean Natural Resource Institute for the Environmental Management Authority. Port of Spain, Trinidad: EMA, 2008.",Biodiversity/ESA/ESS,Consultant Report,20,biodiversity; environmentally sensitive area; environmentally sensitive species; protected area; species conservation; aripo savannas environmentally sensitive area interpretive management plan prepared by the caribbean natural resource institute for the environmental management authority port of spain trinidad ema 2008; ema km 0152; esa; ema; aripo savannas; consultant report; peer review; risk assessment; technical review; cec support; held by ema; ema information centre; request access; gazette confirmed; information centre request,,,Held by EMA — Request Required
EMA-KM-0153,documents,"Managing Together: A Summary of the Integrated Management Plan for the Aripo Savannas Environmentally Sensitive Area / Prepared by the Caribbean Natural Resources Institute for the Environmental Management Authority. Port of Spain, Trinidad: EMA, 2008.",Biodiversity/ESA/ESS,Consultant Report,20,biodiversity; environmentally sensitive area; environmentally sensitive species; protected area; species conservation; managing together a summary of the integrated management plan for the aripo savannas environmentally sensitive area prepared by the caribbean natural resources institute for the environmental management authority port of spain trinidad ema 2008; ema km 0153; esa; ema; managing together; consultant report; peer review; risk assessment; technical review; cec support; held by ema; ema information centre; request access; gazette confirmed; information centre request,,,Held by EMA — Request Required
EMA-KM-0154,documents,"Participatory planning and management of protected areas / Prepared by the Caribbean Natural Resource Institute for the Environmental Management Authority. Port of Spain, Trinidad: EMA, 2009.",Biodiversity/ESA/ESS,Consultant Report,20,biodiversity; environmentally sensitive area; environmentally sensitive species; protected area; species conservation; participatory planning and management of protected areas prepared by the caribbean natural resource institute for the environmental management authority port of spain trinidad ema 2009; ema km 0154; ema; participatory planning; participatory planning protected; consultant report; peer review; risk assessment; technical review; cec support; held by ema; ema information centre; request access; gazette confirmed; information centre request,,,Held by EMA — Request Required
EMA-KM-0155,documents,Guideline on the Application of Risk Assessment in CEC Applications. Version 1.0. (2009)Prepared for the Environmental Management Authority by Jacques Whitford Ltd.,CEC,Consultant Report,20,certificate environmental clearance; cec; eia; designated activities; environmental impact assessment; guideline on the application of risk assessment in cec applications version 1 0 2009 prepared for the environmental management authority by jacques whitford ltd; ema km 0155; guideline risk; guideline risk assessment; consultant report; peer review; risk assessment; technical review; cec support; section 9 1 e f g h; held by ema; ema information centre; request access; gazette confirmed; information centre request,,,Held by EMA — Request Required
EMA-KM-0156,documents,Cumulative Impact Assessment Practitioners Guide (2008) Prepared for the Environmental Management Authority by Mind Alliance Ltd.,CEC,Consultant Report,20,certificate environmental clearance; cec; eia; designated activities; environmental impact assessment; cumulative impact assessment practitioners guide 2008 prepared for the environmental management authority by mind alliance ltd; ema km 0156; cumulative impact; cumulative impact assessment; cumulative; consultant report; peer review; risk assessment; technical review; cec support; held by ema; ema information centre; request access; gazette confirmed; information centre request,,,Held by EMA — Request Required
EMA-KM-0157,documents,Towards a Methodology for Marine SEA in Trinidad and Tobago (2007) Prepared for the Environmental Management Authority by ABP Marine Environmental Research Ltd. and Applied Marine Sciences Ltd.,Cross-cutting,Consultant Report,20,ema; environmental management; governance; foia; public statement; towards a methodology for marine sea in trinidad and tobago 2007 prepared for the environmental management authority by abp marine environmental research ltd and applied marine sciences ltd; ema km 0157; sea; abp; towards methodology; consultant report; peer review; risk assessment; technical review; cec support; held by ema; ema information centre; request access; gazette confirmed; information centre request,,,Held by EMA — Request Required
EMA-KM-0158,documents,Marine Strategic Environmental Assessment: A Scoping Study (2007) Prepared for the Environmental Management Authority by ABP Marine Environmental Research Ltd. and Applied Marine Sciences Ltd.,Cross-cutting,Consultant Report,20,ema; environmental management; governance; foia; public statement; marine strategic environmental assessment a scoping study 2007 prepared for the environmental management authority by abp marine environmental research ltd and applied marine sciences ltd; ema km 0158; abp; marine strategic; marine strategic assessment; consultant report; peer review; risk assessment; technical review; cec support; held by ema; ema information centre; request access; gazette confirmed; information centre request,,,Held by EMA — Request Required
EMA-KM-0159,documents,Review and Assessment of the EIA Process in Trinidad and Tobago. Volume 1 — Main Report and Volume 2 — Appendices (Draft Final) Prepared for the Environmental Management Authority by Mind Alliance Ltd.,CEC,Consultant Report,20,certificate environmental clearance; cec; eia; designated activities; environmental impact assessment; review and assessment of the eia process in trinidad and tobago volume 1 main report and volume 2 appendices draft final prepared for the environmental management authority by mind alliance ltd; ema km 0159; review assessment; review assessment eia; consultant report; peer review; risk assessment; technical review; cec support; section 9 1 e f g h; held by ema; ema information centre; request access; gazette confirmed; information centre request,,,Held by EMA — Request Required
EMA-KM-0160,documents,Environmental Impact Assessment Practitioners Guide (Draft Final) Prepared for the Environmental Management Authority by Mind Alliance Ltd.,CEC,Consultant Report,20,certificate environmental clearance; cec; eia; designated activities; environmental impact assessment; environmental impact assessment practitioners guide draft final prepared for the environmental management authority by mind alliance ltd; ema km 0160; impact assessment; impact assessment practitioners; consultant report; peer review; risk assessment; technical review; cec support; section 9 1 e f g h; held by ema; ema information centre; request access; gazette confirmed; information centre request,,,Held by EMA — Request Required
EMA-KM-0161,documents,"Air Dispersion Modelling Report and EIA Sections, Proposed Aluminium Complex for Union Industrial Estate, La Brea, Trinidad. CEC1033/2005. Jacques Whitford. April, 2006.",Air,Consultant Report,20,air pollution; air quality; source emitter; ambient monitoring; air permit; air dispersion modelling report and eia sections proposed aluminium complex for union industrial estate la brea trinidad cec1033 2005 jacques whitford april 2006; ema km 0161; eia; air dispersion; air dispersion modelling; consultant report; peer review; risk assessment; technical review; cec support; held by ema; ema information centre; request access; gazette confirmed; information centre request,,,Held by EMA — Request Required
EMA-KM-0162,documents,"Review of Supplementary Report, Proposed Aluminium Complex by Alutrint, Union Industrial Estate, La Brea, Trinidad. CEC1033/2005. Jacques Whitford. October 6, 2006.",CEC,Consultant Report,20,certificate environmental clearance; cec; eia; designated activities; environmental impact assessment; review of supplementary report proposed aluminium complex by alutrint union industrial estate la brea trinidad cec1033 2005 jacques whitford october 6 2006; ema km 0162; review supplementary; review supplementary proposed; review; consultant report; peer review; risk assessment; technical review; cec support; held by ema; ema information centre; request access; gazette confirmed; information centre request,,,Held by EMA — Request Required
EMA-KM-0163,documents,"Review of Alutrint Responses dated Nov 23, 2006. On the Supplementary Report for the ===== PAGE 19 ===== ENVIRONMENTAL MANAGEMENT AUTHORITY—CONTINUED Proposed Aluminium Complex by Alutrint Union Industrial Estate, La Brea, Trinidad. CEC1033/2005. Jacques Whitford. January 10, 2007.",CEC,Consultant Report,20,certificate environmental clearance; cec; eia; designated activities; environmental impact assessment; review of alutrint responses dated nov 23 2006 on the supplementary report for the page 19 environmental management authority continued proposed aluminium complex by alutrint union industrial estate la brea trinidad cec1033 2005 jacques whitford january 10 2007; ema km 0163; page; environmental; management; consultant report; peer review; risk assessment; technical review; cec support; held by ema; ema information centre; request access; gazette confirmed; information centre request,,,Held by EMA — Request Required
EMA-KM-0164,documents,"Review of Human Health Ecological Risk Assessment. Proposed Aluminium Complex by Alutrint Union Industrial Estate, La Brea Trinidad. CEC1033/2005. Jacques Whitford. March 8, 2007.",CEC,Consultant Report,20,certificate environmental clearance; cec; eia; designated activities; environmental impact assessment; review of human health ecological risk assessment proposed aluminium complex by alutrint union industrial estate la brea trinidad cec1033 2005 jacques whitford march 8 2007; ema km 0164; review human; review human health; review; consultant report; peer review; risk assessment; technical review; cec support; held by ema; ema information centre; request access; gazette confirmed; information centre request,,,Held by EMA — Request Required
EMA-KM-0165,documents,Review of sedimentation and erosion studies for Chatham. CECo851/2004. ABP Marine. March 2007.,CEC,Consultant Report,20,certificate environmental clearance; cec; eia; designated activities; environmental impact assessment; review of sedimentation and erosion studies for chatham ceco851 2004 abp marine march 2007; ema km 0165; abp; review sedimentation; review sedimentation erosion; consultant report; peer review; risk assessment; technical review; cec support; held by ema; ema information centre; request access; gazette confirmed; information centre request,,,Held by EMA — Request Required
EMA-KM-0166,documents,"Review of NGC’s response to the Review and Assessment Report. CEC1516/2006. Jacques Whitford. March 06, 2008.",CEC,Consultant Report,20,certificate environmental clearance; cec; eia; designated activities; environmental impact assessment; review of ngc s response to the review and assessment report cec1516 2006 jacques whitford march 06 2008; ema km 0166; ngc; review ngc; review ngc response; consultant report; peer review; risk assessment; technical review; cec support; held by ema; ema information centre; request access; gazette confirmed; information centre request,,,Held by EMA — Request Required
EMA-KM-0167,documents,"Environmental Impact Assessment, Ambient Monitoring, Dispersion Modeling, and Quantitative Risk Assessment for the Proposed Ammonia Plant Point Lisas, Trinidad and Tobago. CEC1159/2005. Jacques Whitford. September 8, 2006.",Air,Consultant Report,20,air pollution; air quality; source emitter; ambient monitoring; air permit; environmental impact assessment ambient monitoring dispersion modeling and quantitative risk assessment for the proposed ammonia plant point lisas trinidad and tobago cec1159 2005 jacques whitford september 8 2006; ema km 0167; eia; impact assessment; impact assessment ambient; consultant report; peer review; risk assessment; technical review; cec support; held by ema; ema information centre; request access; gazette confirmed; information centre request,,,Held by EMA — Request Required
EMA-KM-0168,documents,"Peer Review of Applicant’s Response to the Review and Assessment Report Air Dispersion Modelling and Risk Assessment, CariSal Chlor-Alkali Plant, Point Lisas. Environmental impact CEC No. 1743/2006. oth February 2009.",Air,Scientific / Technical Report,20,air pollution; air quality; source emitter; ambient monitoring; air permit; peer review of applicant s response to the review and assessment report air dispersion modelling and risk assessment carisal chlor alkali plant point lisas environmental impact cec no 1743 2006 oth february 2009; ema km 0168; cec; peer review; peer review applicant; technical report; scientific study; monitoring data; assessment; evidence base; held by ema; ema information centre; request access; gazette confirmed; information centre request,,,Held by EMA — Request Required
EMA-KM-0169,documents,"Peer Review Air Dispersion Modelling and Risk Assessment, CariSal Chlor-Alkali Plant, Point Lisas. Environmental impact CEC No. 1743/2006. ogrd November 2008.",Air,Scientific / Technical Report,20,air pollution; air quality; source emitter; ambient monitoring; air permit; peer review air dispersion modelling and risk assessment carisal chlor alkali plant point lisas environmental impact cec no 1743 2006 ogrd november 2008; ema km 0169; cec; peer review; peer review air; technical report; scientific study; monitoring data; assessment; evidence base; held by ema; ema information centre; request access; gazette confirmed; information centre request,,,Held by EMA — Request Required
EMA-KM-0170,documents,"Critical Review of Risk Assessment Report and Air Modelling for CEC Application Submitted by Westlake Trinidad Unlimited for the Construction and Operation of a Proposed Ethylene and Polyethylene Complex in Point Lisas. CEC1563/2006. CH2MHILL. October 22, 2007.",Air,Consultant Report,20,air pollution; air quality; source emitter; ambient monitoring; air permit; critical review of risk assessment report and air modelling for cec application submitted by westlake trinidad unlimited for the construction and operation of a proposed ethylene and polyethylene complex in point lisas cec1563 2006 ch2mhill october 22 2007; ema km 0170; cec; critical review; critical review risk; consultant report; peer review; risk assessment; technical review; cec support; held by ema; ema information centre; request access; gazette confirmed; information centre request,,,Held by EMA — Request Required
EMA-KM-0171,documents,"Critical Review of Westlake’s Supplemental Response to the EMA. June 17, 2008.",CEC,Scientific / Technical Report,20,certificate environmental clearance; cec; eia; designated activities; environmental impact assessment; critical review of westlake s supplemental response to the ema june 17 2008; ema km 0171; ema; critical review; critical review westlake; technical report; scientific study; monitoring data; assessment; evidence base; held by ema; ema information centre; request access; gazette confirmed; information centre request,,,Held by EMA — Request Required
EMA-KM-0172,documents,"The installation of a natural gas distribution pipeline and pressure regulating facility for the provision of natural gas to Tamana In-Tech Park Cumuto and pipeline upgrade to Unicell Plant O’Meara Industrial Estate. CEC 1627/06. Risk Assessment Expert. 2ond September, 2006.",CEC,Scientific / Technical Report,20,certificate environmental clearance; cec; eia; designated activities; environmental impact assessment; the installation of a natural gas distribution pipeline and pressure regulating facility for the provision of natural gas to tamana in tech park cumuto and pipeline upgrade to unicell plant o meara industrial estate cec 1627 06 risk assessment expert 2ond september 2006; ema km 0172; installation natural; installation natural gas; technical report; scientific study; monitoring data; assessment; evidence base; scientific technical report; section 9 1 e f g h; cited online full report not located; eteck project page; eteck; the installation of a natural gas distribution pipeline and pressure regulating facility for the provision of natural gas to tamana in tech park cumuto and pipeline upgrade to unicell plant o meara industrial estate cec 1627 06 risk assessment expert 2ond september 2006 index 1,,,Cited online; full report not located
EMA-KM-0173,documents,"The Establishment of a Marine Port and Fish-Landing Facility at Galeota, Trinidad. (CEC 1283/05). Risk Assessment Expert and Oceanography & Coastal Modelling Expert. 12th December, 2005.",CEC,Scientific / Technical Report,20,certificate environmental clearance; cec; eia; designated activities; environmental impact assessment; the establishment of a marine port and fish landing facility at galeota trinidad cec 1283 05 risk assessment expert and oceanography and coastal modelling expert 12th december 2005; ema km 0173; establishment marine; establishment marine port; technical report; scientific study; monitoring data; assessment; evidence base; scientific technical report; held by ema; ema information centre; request access; gazette confirmed; information centre request,,,Held by EMA — Request Required
EMA-KM-0174,documents,National Hazardous Waste Inventory. EMA/CEHI 2004-2008.,Waste,Scientific / Technical Report,20,waste management; waste permit; hazardous waste; waste handling; waste generation; national hazardous waste inventory ema cehi 2004 2008; ema km 0174; ema; cehi; technical report; scientific study; monitoring data; assessment; evidence base; scientific technical report; waste; section 9 1 e f g h; cited online full report not located; eclac citing document; national hazardous waste inventory ema cehi 2004 2008 index 1,,,Cited online; full report not located
EMA-KM-0175,documents,Reforestation scheme: final report. (Nariva Swamp Restoration Initiative). EMA/Tropical Re-Leaf Foundation. 2008.,Biodiversity/ESA/ESS,Scientific / Technical Report,20,biodiversity; environmentally sensitive area; environmentally sensitive species; protected area; species conservation; reforestation scheme final report nariva swamp restoration initiative ema tropical re leaf foundation 2008; ema km 0175; ema; reforestation scheme; reforestation scheme final; technical report; scientific study; monitoring data; assessment; evidence base; scientific technical report; biodiversity esa ess; section 9 1 e f g h; public external related public docs; world bank cbd references,,,Public external / related public docs
EMA-KM-0176,documents,Social impact assessment: final report. (Nariva Swamp Restoration Initiative). EMA/Tropical Re-Leaf Foundation. 2008.,Biodiversity/ESA/ESS,Scientific / Technical Report,20,biodiversity; environmentally sensitive area; environmentally sensitive species; protected area; species conservation; social impact assessment final report nariva swamp restoration initiative ema tropical re leaf foundation 2008; ema km 0176; ema; social impact; social impact assessment; technical report; scientific study; monitoring data; assessment; evidence base; scientific technical report; biodiversity esa ess; section 9 1 e f g h; public external; world bank document repository,,,Public external
EMA-KM-0177,documents,"Watershed Vulnerability Assessment using the WRASTIC Approach for Trinidad and Tobago (Presented at igth CWWA Conference, Grenada, 2010).",Water,Scientific / Technical Report,20,water pollution; water permit; water quality; discharge monitoring; annual discharge fee; watershed vulnerability assessment using the wrastic approach for trinidad and tobago presented at igth cwwa conference grenada 2010; ema km 0177; wrastic; cwwa; watershed vulnerability; technical report; scientific study; monitoring data; assessment; evidence base; held by ema; ema information centre; request access; gazette confirmed; information centre request,,,Held by EMA — Request Required
EMA-KM-0178,documents,Needs Assessment Consultation Report: EMA Compliance Assistance Programme - Biodiversity. Howard P. Nelson. 19.04.2010.,Biodiversity/ESA/ESS,Consultant Report,20,biodiversity; environmentally sensitive area; environmentally sensitive species; protected area; species conservation; needs assessment consultation report ema compliance assistance programme biodiversity howard p nelson 19 04 2010; ema km 0178; ema; needs assessment; needs assessment consultation; consultant report; peer review; risk assessment; technical review; cec support; held by ema; ema information centre; request access; gazette confirmed; information centre request,,,Held by EMA — Request Required
EMA-KM-0179,documents,Non-point Source Pollution Management Programme. EMA 2011.,Cross-cutting,Scientific / Technical Report,20,ema; environmental management; governance; foia; public statement; non point source pollution management programme ema 2011; ema km 0179; non point; non point source; technical report; scientific study; monitoring data; assessment; evidence base; scientific technical report; held by ema; ema information centre; request access; gazette confirmed; information centre request,,,Held by EMA — Request Required
EMA-KM-0180,documents,"Development of the Ambient Water quality Standards for Trinidad and Tobago, Phase I. final Report, July 2014. University of the West Indies, St. Augustine, 2014. EMA/UWI.",Water,Scientific / Technical Report,20,water pollution; water permit; water quality; discharge monitoring; annual discharge fee; development of the ambient water quality standards for trinidad and tobago phase i final report july 2014 university of the west indies st augustine 2014 ema uwi; ema km 0180; ema; uwi; development ambient; technical report; scientific study; monitoring data; assessment; evidence base; held by ema; ema information centre; request access; gazette confirmed; information centre request,,,Held by EMA — Request Required
EMA-KM-0181,documents,"Environmental Assessment of the Quarry Sector: Final Report to the Environmental Management Authority. Prepared by GISCAD Limited, July 2014.EMA/GISCAD, 2014.",Cross-cutting,Consultant Report,20,ema; environmental management; governance; foia; public statement; environmental assessment of the quarry sector final report to the environmental management authority prepared by giscad limited july 2014 ema giscad 2014; ema km 0181; giscad; assessment quarry; consultant report; peer review; risk assessment; technical review; cec support; cross cutting; held by ema; ema information centre; request access; gazette confirmed; information centre request,,,Held by EMA — Request Required
EMA-KM-0182,documents,"Institutional Strengthening Design : Strengthening of EMA’s Institutional Capacity For Environmental Management In The Context Of Climate Change, Final Report. August 2015. EMA / IDB / Environmental Solutions Ltd. / Business Strategies Ltd.",Climate / MEA,Scientific / Technical Report,20,climate change; mea; unfccc; convention reporting; national communication; institutional strengthening design strengthening of ema s institutional capacity for environmental management in the context of climate change final report august 2015 ema idb environmental solutions ltd business strategies ltd; ema km 0182; ema; idb; institutional strengthening; technical report; scientific study; monitoring data; assessment; evidence base; held by ema; ema information centre; request access; gazette confirmed; information centre request,,,Held by EMA — Request Required
EMA-KM-0183,documents,"Institutional Strengthening Design : Strengthening of EMA’s Institutional Capacity For Environmental Management In The Context Of Climate Change, Diagnostic Report. June 2015. EMA / IDB / Environmental Solutions Ltd. / Business Strategies Ltd.",Climate / MEA,Scientific / Technical Report,20,climate change; mea; unfccc; convention reporting; national communication; institutional strengthening design strengthening of ema s institutional capacity for environmental management in the context of climate change diagnostic report june 2015 ema idb environmental solutions ltd business strategies ltd; ema km 0183; ema; idb; institutional strengthening; technical report; scientific study; monitoring data; assessment; evidence base; held by ema; ema information centre; request access; gazette confirmed; information centre request,,,Held by EMA — Request Required
EMA-KM-0184,documents,"Review of Legislation and Policy Relevant to Environmental Management And Sustainable Development in the Context Of Climate Change, Final Report. February 2015. EMA / IDB / De Romilly & De Romilly /.",Climate / MEA,Scientific / Technical Report,20,climate change; mea; unfccc; convention reporting; national communication; review of legislation and policy relevant to environmental management and sustainable development in the context of climate change final report february 2015 ema idb de romilly and de romilly; ema km 0184; ema; idb; review legislation; technical report; scientific study; monitoring data; assessment; evidence base; held by ema; ema information centre; request access; gazette confirmed; information centre request,,,Held by EMA — Request Required
EMA-KM-0185,documents,Review and assessment of Mixing Zone Study (MZS). CEC4195/2014. ABP Marine. June ===== PAGE 20 ===== ENVIRONMENTAL MANAGEMENT AUTHORITY—CONTINUED 2016.,Water,Consultant Report,20,water pollution; water permit; water quality; discharge monitoring; annual discharge fee; review and assessment of mixing zone study mzs cec4195 2014 abp marine june page 20 environmental management authority continued 2016; ema km 0185; mzs; abp; page; consultant report; peer review; risk assessment; technical review; cec support; held by ema; ema information centre; request access; gazette confirmed; information centre request,,,Held by EMA — Request Required
EMA-KM-0186,documents,Review and assessment of Mixing Zone Study (MZS). CEC3047/2011. ABP Marine. June 2016.,Water,Consultant Report,20,water pollution; water permit; water quality; discharge monitoring; annual discharge fee; review and assessment of mixing zone study mzs cec3047 2011 abp marine june 2016; ema km 0186; mzs; abp; review assessment; consultant report; peer review; risk assessment; technical review; cec support; held by ema; ema information centre; request access; gazette confirmed; information centre request,,,Held by EMA — Request Required
EMA-KM-0187,documents,Baseline ecological risk assessment Southwest Peninsula of Trinidad Pointe-A-Pierre to Icacos. Final Report August 2020. CSA Ocean Sciences.,CEC,Consultant Report,20,certificate environmental clearance; cec; eia; designated activities; environmental impact assessment; baseline ecological risk assessment southwest peninsula of trinidad pointe a pierre to icacos final report august 2020 csa ocean sciences; ema km 0187; csa; baseline ecological; baseline ecological risk; consultant report; peer review; risk assessment; technical review; cec support; section 9 1 e f g h; cited online full report not located; iczm newsletter csa context; iczm csa ocean sciences; technical programme owner information centre,,,Cited online; full report not located
EMA-KM-0188,documents,National Wildlife Survey Trinidad and Tobago 2014-2018.,Biodiversity/ESA/ESS,Scientific / Technical Report,20,biodiversity; environmentally sensitive area; environmentally sensitive species; protected area; species conservation; national wildlife survey trinidad and tobago 2014 2018; ema km 0188; wildlife survey; wildlife survey 2014; wildlife; technical report; scientific study; monitoring data; assessment; evidence base; scientific technical report; biodiversity esa ess; section 9 1 e f g h; cited online full report not located; ema media release news coverage,,,Cited online; full report not located
EMA-KM-0189,documents,"Final Report: Project to Develop Watershed Improvement Plans for the Arima, Couva and Courland Watersheds, December 2021.",Water,Scientific / Technical Report,20,water pollution; water permit; water quality; discharge monitoring; annual discharge fee; final report project to develop watershed improvement plans for the arima couva and courland watersheds december 2021; ema km 0189; final project; final project develop; final; technical report; scientific study; monitoring data; assessment; evidence base; held by ema; ema information centre; request access; gazette confirmed; information centre request,,,Held by EMA — Request Required
EMA-KM-0190,documents,"Review of Legislation, Regulations, Policies and Programmes (2022).",Cross-cutting,Scientific / Technical Report,20,ema; environmental management; governance; foia; public statement; review of legislation regulations policies and programmes 2022; ema km 0190; review legislation; review legislation policies; review; technical report; scientific study; monitoring data; assessment; evidence base; scientific technical report; cross cutting; section 9 1 e f g h; information centre foia likely; ema gazette reference,,,Information Centre / FOIA likely
EMA-KM-0191,documents,Revised Draft Environmental Code (2021).,Cross-cutting,Scientific / Technical Report,20,ema; environmental management; governance; foia; public statement; revised draft environmental code 2021; ema km 0191; revised draft; revised draft code; revised; technical report; scientific study; monitoring data; assessment; evidence base; held by ema; ema information centre; request access; gazette confirmed; information centre request,,,Held by EMA — Request Required
EMA-KM-0192,documents,Report on Critical Review for Qualitative Risk Assessment May 2022 CEC6214/2021,CEC,Scientific / Technical Report,20,certificate environmental clearance; cec; eia; designated activities; environmental impact assessment; report on critical review for qualitative risk assessment may 2022 cec6214 2021; ema km 0192; critical review; critical review qualitative; critical; technical report; scientific study; monitoring data; assessment; evidence base; held by ema; ema information centre; request access; gazette confirmed; information centre request,,,Held by EMA — Request Required
EMA-KM-0193,documents,Critical Review for CEC Application CEC5601/2018-July 2022 CEC5601/2022,CEC,Scientific / Technical Report,20,certificate environmental clearance; cec; eia; designated activities; environmental impact assessment; critical review for cec application cec5601 2018 july 2022 cec5601 2022; ema km 0193; critical review; critical review cec; technical report; scientific study; monitoring data; assessment; evidence base; scientific technical report; held by ema; ema information centre; request access; gazette confirmed; information centre request,,,Held by EMA — Request Required
EMA-KM-0194,documents,"Critical Review of a Qualitative Risk Assessment (Appendix E) Procedures for Hazardous Substances-December 2022 CEC5600/2018 tests carried out for the purpose of assessing, or making recommendations on, the feasibility of establishing a new or proposed Government policy, programme or project.",Waste,Scientific / Technical Report,20,waste management; waste permit; hazardous waste; waste handling; waste generation; critical review of a qualitative risk assessment appendix e procedures for hazardous substances december 2022 cec5600 2018 tests carried out for the purpose of assessing or making recommendations on the feasibility of establishing a new or proposed government policy programme or project; ema km 0194; critical review; critical review qualitative; critical; technical report; scientific study; monitoring data; assessment; evidence base; held by ema; ema information centre; request access; gazette confirmed; information centre request,,,Held by EMA — Request Required
EMA-KM-0195,documents,Field Survey Handbook: Matura ESA Participatory Biological Baseline Survey 2005- 2007.,Biodiversity/ESA/ESS,Internal Study / Survey / Map,20,biodiversity; environmentally sensitive area; environmentally sensitive species; protected area; species conservation; field survey handbook matura esa participatory biological baseline survey 2005 2007; ema km 0195; esa; field survey; field survey handbook; internal study; survey; map; baseline data; technical evidence; internal study survey map; biodiversity esa ess; section 9 1 e f g h; public external; uwi repository,,,Public external
EMA-KM-0196,documents,"Vanden Eynden, V. et al. 2007. Matura National Park ESA Participatory Biological Baseline Survey. The University of the West Indies. St. Augustine.",Biodiversity/ESA/ESS,Scientific / Technical Report,20,biodiversity; environmentally sensitive area; environmentally sensitive species; protected area; species conservation; vanden eynden v et al 2007 matura national park esa participatory biological baseline survey the university of the west indies st augustine; ema km 0196; esa; vanden eynden; vanden eynden 2007; technical report; scientific study; monitoring data; assessment; evidence base; scientific technical report; biodiversity esa ess; section 9 1 e f g h; public external; figshare,,,Public external
EMA-KM-0197,documents,Ivan Laughlin 2004. Boundaries of The Aripo Savannas Strict Nature Reserve.,Biodiversity/ESA/ESS,Internal Study / Survey / Map,20,biodiversity; environmentally sensitive area; environmentally sensitive species; protected area; species conservation; ivan laughlin 2004 boundaries of the aripo savannas strict nature reserve; ema km 0197; ivan laughlin; ivan laughlin 2004; ivan; internal study; survey; map; baseline data; technical evidence; held by ema; ema information centre; request access; gazette confirmed; information centre request,,,Held by EMA — Request Required
EMA-KM-0198,documents,Ali Deonanan & Associates Ltd 2005. Boundaries of the Nariva Swamp Managed Resource Protected Area.,Biodiversity/ESA/ESS,Internal Study / Survey / Map,20,biodiversity; environmentally sensitive area; environmentally sensitive species; protected area; species conservation; ali deonanan and associates ltd 2005 boundaries of the nariva swamp managed resource protected area; ema km 0198; ali deonanan; ali deonanan associates; ali; internal study; survey; map; baseline data; technical evidence; held by ema; ema information centre; request access; gazette confirmed; information centre request,,,Held by EMA — Request Required
EMA-KM-0199,documents,"Ali Deonanan & Associates Ltd, Boundaries of Proposed Environmentally Sensitive Area Buccoo Reef, 2010.",Biodiversity/ESA/ESS,Internal Study / Survey / Map,20,biodiversity; environmentally sensitive area; environmentally sensitive species; protected area; species conservation; ali deonanan and associates ltd boundaries of proposed environmentally sensitive area buccoo reef 2010; ema km 0199; esa; ali deonanan; ali deonanan associates; internal study; survey; map; baseline data; technical evidence; held by ema; ema information centre; request access; gazette confirmed; information centre request,,,Held by EMA — Request Required
EMA-KM-0200,documents,"Fourth National Report of Trinidad and Tobago to the Convention on Biological Diversity, 2010. The Cropper Foundation.",Cross-cutting,Internal Study / Survey / Map,20,ema; environmental management; governance; foia; public statement; fourth national report of trinidad and tobago to the convention on biological diversity 2010 the cropper foundation; ema km 0200; cbd; fourth convention; fourth convention biological; internal study; survey; map; baseline data; technical evidence; internal study survey map; cross cutting; section 9 1 e f g h; public external; cbd repository,,,Public external
EMA-KM-0201,documents,"Trinidad and Tobago Forest Cover Inventory Maps, 2010. United States Department of Agriculture Forestry Service. International Institute of Tropical Forestry. EMA.",Biodiversity/ESA/ESS,Internal Study / Survey / Map,20,biodiversity; environmentally sensitive area; environmentally sensitive species; protected area; species conservation; trinidad and tobago forest cover inventory maps 2010 united states department of agriculture forestry service international institute of tropical forestry ema; ema km 0201; ema; forest cover; forest cover inventory; internal study; survey; map; baseline data; technical evidence; held by ema; ema information centre; request access; gazette confirmed; information centre request,,,Held by EMA — Request Required
EMA-KM-0202,documents,Code of Conduct Policy — 2022,Governance / Legal,Manual / Policy / Procedure / Work Instruction,20,governance; legal services; board policy; compliance; statutory authority; code of conduct policy 2022; ema km 0202; code conduct; code conduct 2022; code; manual; policy; procedure; work instruction; controlled document; held by ema; ema information centre; request access; gazette confirmed; information centre request,,,Held by EMA — Request Required
EMA-KM-0203,documents,Conflict of Interest Policy & Declaration Form 2020,Governance / Legal,Manual / Policy / Procedure / Work Instruction,20,governance; legal services; board policy; compliance; statutory authority; conflict of interest policy and declaration form 2020; ema km 0203; conflict interest; conflict interest declaration; conflict; manual; policy; procedure; work instruction; controlled document; held by ema; ema information centre; request access; gazette confirmed; information centre request,,,Held by EMA — Request Required
EMA-KM-0204,documents,"Information Technology Policy, 2023",Information Technology,Manual / Policy / Procedure / Work Instruction,20,information technology; it policy; digital governance; systems; cybersecurity; information technology policy 2023; ema km 0204; information technology 2023; information; manual; policy; procedure; work instruction; controlled document; manual policy procedure work instruction; held by ema; ema information centre; request access; gazette confirmed; information centre request,,,Held by EMA — Request Required
EMA-KM-0205,documents,"Media and Social Media Policy, 2019",Cross-cutting,Manual / Policy / Procedure / Work Instruction,20,ema; environmental management; governance; foia; public statement; media and social media policy 2019; ema km 0205; media social; media social 2019; media; manual; policy; procedure; work instruction; controlled document; held by ema; ema information centre; request access; gazette confirmed; information centre request,,,Held by EMA — Request Required
EMA-KM-0206,documents,"EMA’s 9001:2015 Quality Policy, 2019",Quality / ISO,Manual / Policy / Procedure / Work Instruction,20,quality management; iso 9001; document control; corrective action; management review; ema s 9001 2015 quality policy 2019; ema km 0206; ema; 9001 2015; 9001 2015 quality; manual; policy; procedure; work instruction; controlled document; manual policy procedure work instruction; quality iso; section 8 1 a ii; official ema linked; information centre internal,,,Official EMA linked
EMA-KM-0207,documents,Procedure: Control of Documented Information — 2024,Quality / ISO,Manual / Policy / Procedure / Work Instruction,20,quality management; iso 9001; document control; corrective action; management review; procedure control of documented information 2024; ema km 0207; control documented; control documented information; control; manual; policy; procedure; work instruction; controlled document; held by ema; ema information centre; request access; gazette confirmed; information centre request,,,Held by EMA — Request Required
EMA-KM-0208,documents,Procedure: Change Management — 2024,Quality / ISO,Manual / Policy / Procedure / Work Instruction,20,quality management; iso 9001; document control; corrective action; management review; procedure change management 2024; ema km 0208; change 2024; change; 2024; manual; policy; procedure; work instruction; controlled document; held by ema; ema information centre; request access; gazette confirmed; information centre request,,,Held by EMA — Request Required
EMA-KM-0209,documents,"Environmental, Social, Health and Safety Management Policy Statement, 2022",Cross-cutting,Manual / Policy / Procedure / Work Instruction,20,ema; environmental management; governance; foia; public statement; environmental social health and safety management policy statement 2022; ema km 0209; hse; social health; social health safety; manual; policy; procedure; work instruction; controlled document; held by ema; ema information centre; request access; gazette confirmed; information centre request,,,Held by EMA — Request Required
EMA-KM-0210,documents,"HSE Management System Manual, 2024",HSE / Facilities,Manual / Policy / Procedure / Work Instruction,20,health and safety; hse; facilities management; emergency response; office safety; hse management system manual 2024; ema km 0210; hse system; hse system 2024; manual; policy; procedure; work instruction; controlled document; manual policy procedure work instruction; held by ema; ema information centre; request access; gazette confirmed; information centre request,,,Held by EMA — Request Required
EMA-KM-0211,documents,"Policy for the Retention of External Legal Counsel, 2016",Governance / Legal,Manual / Policy / Procedure / Work Instruction,20,governance; legal services; board policy; compliance; statutory authority; policy for the retention of external legal counsel 2016; ema km 0211; retention external; retention external legal; retention; manual; policy; procedure; work instruction; controlled document; held by ema; ema information centre; request access; gazette confirmed; information centre request,,,Held by EMA — Request Required
EMA-KM-0212,documents,"Procedural Rules for the Board of Directors of the EMA, 2021",Governance / Legal,Manual / Policy / Procedure / Work Instruction,20,governance; legal services; board policy; compliance; statutory authority; procedural rules for the board of directors of the ema 2021; ema km 0212; ema; procedural board; procedural board directors; manual; policy; procedure; work instruction; controlled document; held by ema; ema information centre; request access; gazette confirmed; information centre request,,,Held by EMA — Request Required
EMA-KM-0213,documents,Strategic Planning & Annual Objective Setting Manual — 2022,Cross-cutting,Manual / Policy / Procedure / Work Instruction,20,ema; environmental management; governance; foia; public statement; strategic planning and annual objective setting manual 2022; ema km 0213; strategic planning; strategic planning annual; strategic; manual; policy; procedure; work instruction; controlled document; held by ema; ema information centre; request access; gazette confirmed; information centre request,,,Held by EMA — Request Required
EMA-KM-0214,documents,"Accounting and Finance Policy and Standard Operating Procedures Manual, 2019",Finance / Procurement,Manual / Policy / Procedure / Work Instruction,20,finance; procurement; public property; audit; asset management; accounting and finance policy and standard operating procedures manual 2019; ema km 0214; accounting finance; accounting finance standard; accounting; manual; policy; procedure; work instruction; controlled document; held by ema; ema information centre; request access; gazette confirmed; information centre request,,,Held by EMA — Request Required
EMA-KM-0215,documents,"Anti-Fraud Policy and Procedures, 2019",Finance / Procurement,Manual / Policy / Procedure / Work Instruction,20,finance; procurement; public property; audit; asset management; anti fraud policy and procedures 2019; ema km 0215; anti fraud; anti fraud procedures; anti; manual; policy; procedure; work instruction; controlled document; held by ema; ema information centre; request access; gazette confirmed; information centre request,,,Held by EMA — Request Required
EMA-KM-0216,documents,"Internal Audit Manual, 2020",Finance / Audit,Manual / Policy / Procedure / Work Instruction,20,finance; audit; financial statements; external audit; accountability; internal audit manual 2020; ema km 0216; internal audit; internal audit 2020; internal; manual; policy; procedure; work instruction; controlled document; held by ema; ema information centre; request access; gazette confirmed; information centre request,,,Held by EMA — Request Required
EMA-KM-0217,documents,"Investment Policy and Procedures, 2019",Finance / Procurement,Manual / Policy / Procedure / Work Instruction,20,finance; procurement; public property; audit; asset management; investment policy and procedures 2019; ema km 0217; investment procedures; investment procedures 2019; investment; manual; policy; procedure; work instruction; controlled document; held by ema; ema information centre; request access; gazette confirmed; information centre request,,,Held by EMA — Request Required
EMA-KM-0218,documents,"Payment of Allowances for Overseas Travel Policy, 2017",Finance / Procurement,Manual / Policy / Procedure / Work Instruction,20,finance; procurement; public property; audit; asset management; payment of allowances for overseas travel policy 2017; ema km 0218; payment allowances; payment allowances overseas; payment; manual; policy; procedure; work instruction; controlled document; held by ema; ema information centre; request access; gazette confirmed; information centre request,,,Held by EMA — Request Required
EMA-KM-0219,documents,"Procurement, Disposal and Retention Policy 2023",Finance / Procurement,Manual / Policy / Procedure / Work Instruction,20,finance; procurement; public property; audit; asset management; procurement disposal and retention policy 2023; ema km 0219; procurement disposal; procurement disposal retention; manual; policy; procedure; work instruction; controlled document; manual policy procedure work instruction; held by ema; ema information centre; request access; gazette confirmed; information centre request,,,Held by EMA — Request Required
EMA-KM-0220,documents,Handbook for Procurement Retention and Disposal of Public Property 2023,Finance / Procurement,Manual / Policy / Procedure / Work Instruction,20,finance; procurement; public property; audit; asset management; handbook for procurement retention and disposal of public property 2023; ema km 0220; handbook procurement; handbook procurement retention; handbook; manual; policy; procedure; work instruction; controlled document; held by ema; ema information centre; request access; gazette confirmed; information centre request,,,Held by EMA — Request Required
EMA-KM-0221,documents,Public Sector Investment Programme (PSIP) — Guidelines & Process Flow — 2021,Finance / Procurement,Manual / Policy / Procedure / Work Instruction,20,finance; procurement; public property; audit; asset management; public sector investment programme psip guidelines and process flow 2021; ema km 0221; psip; sector investment; sector investment programme; manual; policy; procedure; work instruction; controlled document; held by ema; ema information centre; request access; gazette confirmed; information centre request,,,Held by EMA — Request Required
EMA-KM-0222,documents,Project Management Manual 2022,Cross-cutting,Manual / Policy / Procedure / Work Instruction,20,ema; environmental management; governance; foia; public statement; project management manual 2022; ema km 0222; project 2022; project; 2022; manual; policy; procedure; work instruction; controlled document; held by ema; ema information centre; request access; gazette confirmed; information centre request,,,Held by EMA — Request Required
EMA-KM-0223,documents,"Anti-Money Laundering/Countering the Financing of Terrorism/Countering Proliferation Finance and Know Your Counterparty Policy (AML-KYC), 2022",Finance / Procurement,Manual / Policy / Procedure / Work Instruction,20,finance; procurement; public property; audit; asset management; anti money laundering countering the financing of terrorism countering proliferation finance and know your counterparty policy aml kyc 2022; ema km 0223; aml; kyc; anti money; manual; policy; procedure; work instruction; controlled document; held by ema; ema information centre; request access; gazette confirmed; information centre request,,,Held by EMA — Request Required
EMA-KM-0224,documents,"Vehicle Usage Policy and Procedures, 2022",Cross-cutting,Manual / Policy / Procedure / Work Instruction,20,ema; environmental management; governance; foia; public statement; vehicle usage policy and procedures 2022; ema km 0224; vehicle usage; vehicle usage procedures; vehicle; manual; policy; procedure; work instruction; controlled document; held by ema; ema information centre; request access; gazette confirmed; information centre request,,,Held by EMA — Request Required
EMA-KM-0225,documents,"VTM / Credit Card Policy and Procedure, 2021",Finance / Procurement,Manual / Policy / Procedure / Work Instruction,20,finance; procurement; public property; audit; asset management; vtm credit card policy and procedure 2021; ema km 0225; vtm; vtm credit; vtm credit card; manual; policy; procedure; work instruction; controlled document; held by ema; ema information centre; request access; gazette confirmed; information centre request,,,Held by EMA — Request Required
EMA-KM-0226,documents,"Conflict of Interest Policy, 2020",Governance / Legal,Manual / Policy / Procedure / Work Instruction,20,governance; legal services; board policy; compliance; statutory authority; conflict of interest policy 2020; ema km 0226; conflict interest; conflict interest 2020; conflict; manual; policy; procedure; work instruction; controlled document; held by ema; ema information centre; request access; gazette confirmed; information centre request,,,Held by EMA — Request Required
EMA-KM-0227,documents,"Delegated Authorities for Human Resource Management, 2022",Human Resources,Manual / Policy / Procedure / Work Instruction,20,human resources; staff policy; employee management; workplace policy; recruitment; delegated authorities for human resource management 2022; ema km 0227; delegated authorities; delegated authorities human; delegated; manual; policy; procedure; work instruction; controlled document; held by ema; ema information centre; request access; gazette confirmed; information centre request,,,Held by EMA — Request Required
EMA-KM-0228,documents,"Human Resource Policy and Procedures Manual, 2014",Cross-cutting,Manual / Policy / Procedure / Work Instruction,20,ema; environmental management; governance; foia; public statement; human resource policy and procedures manual 2014; ema km 0228; human resource; human resource procedures; human; manual; policy; procedure; work instruction; controlled document; held by ema; ema information centre; request access; gazette confirmed; information centre request,,,Held by EMA — Request Required
EMA-KM-0229,documents,"Employee Performance Management Handbook, 2018",Human Resources,Manual / Policy / Procedure / Work Instruction,20,human resources; staff policy; employee management; workplace policy; recruitment; employee performance management handbook 2018; ema km 0229; employee performance; employee performance handbook; employee; manual; policy; procedure; work instruction; controlled document; held by ema; ema information centre; request access; gazette confirmed; information centre request,,,Held by EMA — Request Required
EMA-KM-0230,documents,Employee Benefits Policy 2021,Human Resources,Manual / Policy / Procedure / Work Instruction,20,human resources; staff policy; employee management; workplace policy; recruitment; employee benefits policy 2021; ema km 0230; employee benefits; employee benefits 2021; employee; manual; policy; procedure; work instruction; controlled document; held by ema; ema information centre; request access; gazette confirmed; information centre request,,,Held by EMA — Request Required
EMA-KM-0231,documents,"Employee Leave Policy, 2022",Human Resources,Manual / Policy / Procedure / Work Instruction,20,human resources; staff policy; employee management; workplace policy; recruitment; employee leave policy 2022; ema km 0231; employee leave; employee leave 2022; employee; manual; policy; procedure; work instruction; controlled document; held by ema; ema information centre; request access; gazette confirmed; information centre request,,,Held by EMA — Request Required
EMA-KM-0232,documents,Gender Policy and Action Plan 2022,Human Resources,Manual / Policy / Procedure / Work Instruction,20,human resources; staff policy; employee management; workplace policy; recruitment; gender policy and action plan 2022; ema km 0232; gender action; gender action plan; gender; manual; policy; procedure; work instruction; controlled document; held by ema; ema information centre; request access; gazette confirmed; information centre request,,,Held by EMA — Request Required
EMA-KM-0233,documents,"Orientation Policy, 2021",Human Resources,Manual / Policy / Procedure / Work Instruction,20,human resources; staff policy; employee management; workplace policy; recruitment; orientation policy 2021; ema km 0233; orientation 2021; orientation; 2021; manual; policy; procedure; work instruction; controlled document; held by ema; ema information centre; request access; gazette confirmed; information centre request,,,Held by EMA — Request Required
EMA-KM-0234,documents,Recruitment and Selection Policy — 2022,Human Resources,Manual / Policy / Procedure / Work Instruction,20,human resources; staff policy; employee management; workplace policy; recruitment; recruitment and selection policy 2022; ema km 0234; recruitment selection; recruitment selection 2022; manual; policy; procedure; work instruction; controlled document; manual policy procedure work instruction; held by ema; ema information centre; request access; gazette confirmed; information centre request,,,Held by EMA — Request Required
EMA-KM-0235,documents,Remote Work Policy and Guidelines 2022,Human Resources,Manual / Policy / Procedure / Work Instruction,20,human resources; staff policy; employee management; workplace policy; recruitment; remote work policy and guidelines 2022; ema km 0235; remote work; remote work 2022; remote; manual; policy; procedure; work instruction; controlled document; held by ema; ema information centre; request access; gazette confirmed; information centre request,,,Held by EMA — Request Required
EMA-KM-0236,documents,"Whistleblower Policy and Procedure, 2022",Governance / Legal,Manual / Policy / Procedure / Work Instruction,20,governance; legal services; board policy; compliance; statutory authority; whistleblower policy and procedure 2022; ema km 0236; whistleblower 2022; whistleblower; 2022; manual; policy; procedure; work instruction; controlled document; held by ema; ema information centre; request access; gazette confirmed; information centre request,,,Held by EMA — Request Required
EMA-KM-0237,documents,"Workplace Harassment Policy, 2020",Human Resources,Manual / Policy / Procedure / Work Instruction,20,human resources; staff policy; employee management; workplace policy; recruitment; workplace harassment policy 2020; ema km 0237; workplace harassment; workplace harassment 2020; workplace; manual; policy; procedure; work instruction; controlled document; held by ema; ema information centre; request access; gazette confirmed; information centre request,,,Held by EMA — Request Required
EMA-KM-0238,documents,"Infectious Diseases Protocol: Guide for Employees Denied Entry into EMA Offices, 2023",HSE / Facilities,Manual / Policy / Procedure / Work Instruction,20,health and safety; hse; facilities management; emergency response; office safety; infectious diseases protocol guide for employees denied entry into ema offices 2023; ema km 0238; ema; infectious diseases; infectious diseases protocol; manual; policy; procedure; work instruction; controlled document; held by ema; ema information centre; request access; gazette confirmed; information centre request,,,Held by EMA — Request Required
EMA-KM-0239,documents,"Infectious Diseases Protocol: Body Temperature Screening for Staff, Visitors & Contractors at All EMA Office Locations, 2023",HSE / Facilities,Manual / Policy / Procedure / Work Instruction,20,health and safety; hse; facilities management; emergency response; office safety; infectious diseases protocol body temperature screening for staff visitors and contractors at all ema office locations 2023; ema km 0239; ema; infectious diseases; infectious diseases protocol; manual; policy; procedure; work instruction; controlled document; held by ema; ema information centre; request access; gazette confirmed; information centre request,,,Held by EMA — Request Required
EMA-KM-0240,documents,"Infectious Diseases Protocol: Isolation of Employees Whilst at Work, 2023",HSE / Facilities,Manual / Policy / Procedure / Work Instruction,20,health and safety; hse; facilities management; emergency response; office safety; infectious diseases protocol isolation of employees whilst at work 2023; ema km 0240; infectious diseases; infectious diseases protocol; infectious; manual; policy; procedure; work instruction; controlled document; held by ema; ema information centre; request access; gazette confirmed; information centre request,,,Held by EMA — Request Required
EMA-KM-0241,documents,"Infectious Diseases Protocol: Employee Guidelines for the Prevention of the Spread of Infectious Diseases, 2023",HSE / Facilities,Manual / Policy / Procedure / Work Instruction,20,health and safety; hse; facilities management; emergency response; office safety; infectious diseases protocol employee guidelines for the prevention of the spread of infectious diseases 2023; ema km 0241; infectious diseases; infectious diseases protocol; infectious; manual; policy; procedure; work instruction; controlled document; held by ema; ema information centre; request access; gazette confirmed; information centre request,,,Held by EMA — Request Required
EMA-KM-0242,documents,"Infectious Diseases Guide for the Safe Return to Work for the EMA, 2023",HSE / Facilities,Manual / Policy / Procedure / Work Instruction,20,health and safety; hse; facilities management; emergency response; office safety; infectious diseases guide for the safe return to work for the ema 2023; ema km 0242; ema; infectious diseases; infectious diseases safe; manual; policy; procedure; work instruction; controlled document; held by ema; ema information centre; request access; gazette confirmed; information centre request,,,Held by EMA — Request Required
EMA-KM-0243,documents,"Guidelines for the Administration of First Aid (to Staff & Visitors) and the Maintenance of Kits, 2022",HSE / Facilities,Manual / Policy / Procedure / Work Instruction,20,health and safety; hse; facilities management; emergency response; office safety; guidelines for the administration of first aid to staff and visitors and the maintenance of kits 2022; ema km 0243; administration first; administration first aid; administration; manual; policy; procedure; work instruction; controlled document; held by ema; ema information centre; request access; gazette confirmed; information centre request,,,Held by EMA — Request Required
EMA-KM-0244,documents,"PPE Care Guidelines, 2023",HSE / Facilities,Manual / Policy / Procedure / Work Instruction,20,health and safety; hse; facilities management; emergency response; office safety; ppe care guidelines 2023; ema km 0244; ppe; ppe care; ppe care 2023; manual; policy; procedure; work instruction; controlled document; held by ema; ema information centre; request access; gazette confirmed; information centre request,,,Held by EMA — Request Required
EMA-KM-0245,documents,"Policy for ‘Form A’ Amendment Made Under CEC Rules, 2024",CEC,Manual / Policy / Procedure / Work Instruction,20,certificate environmental clearance; cec; eia; designated activities; environmental impact assessment; policy for form a amendment made under cec rules 2024; ema km 0245; amendment cec; amendment cec 2024; manual; policy; procedure; work instruction; controlled document; manual policy procedure work instruction; held by ema; ema information centre; request access; gazette confirmed; information centre request,,,Held by EMA — Request Required
EMA-KM-0246,documents,"Prescribed Matters Policy Made Under the NPCR, 2023",Cross-cutting,Manual / Policy / Procedure / Work Instruction,20,ema; environmental management; governance; foia; public statement; prescribed matters policy made under the npcr 2023; ema km 0246; npcr; prescribed matters; prescribed matters npcr; manual; policy; procedure; work instruction; controlled document; held by ema; ema information centre; request access; gazette confirmed; information centre request,,,Held by EMA — Request Required
EMA-KM-0247,documents,"Guideline — Payment Plan for Annual Permit Fees, 2021",Cross-cutting,Manual / Policy / Procedure / Work Instruction,20,ema; environmental management; governance; foia; public statement; guideline payment plan for annual permit fees 2021; ema km 0247; guideline payment; guideline payment plan; guideline; manual; policy; procedure; work instruction; controlled document; held by ema; ema information centre; request access; gazette confirmed; information centre request,,,Held by EMA — Request Required
EMA-KM-0248,documents,Procedure: Control of Non-conforming Outputs — 2023,Quality / ISO,Manual / Policy / Procedure / Work Instruction,20,quality management; iso 9001; document control; corrective action; management review; procedure control of non conforming outputs 2023; ema km 0248; control non; control non conforming; control; manual; policy; procedure; work instruction; controlled document; held by ema; ema information centre; request access; gazette confirmed; information centre request,,,Held by EMA — Request Required
EMA-KM-0249,documents,Procedure: Corrective Action and Preventive Action 2024,Quality / ISO,Manual / Policy / Procedure / Work Instruction,20,quality management; iso 9001; document control; corrective action; management review; procedure corrective action and preventive action 2024; ema km 0249; corrective action preventive; corrective; manual; policy; procedure; work instruction; controlled document; manual policy procedure work instruction; held by ema; ema information centre; request access; gazette confirmed; information centre request,,,Held by EMA — Request Required
EMA-KM-0250,documents,Procedure: Management Review 2023,Quality / ISO,Manual / Policy / Procedure / Work Instruction,20,quality management; iso 9001; document control; corrective action; management review; procedure management review 2023; ema km 0250; review 2023; review; 2023; manual; policy; procedure; work instruction; controlled document; held by ema; ema information centre; request access; gazette confirmed; information centre request,,,Held by EMA — Request Required
EMA-KM-0251,documents,Quality Management Systems Manual 2024,Quality / ISO,Manual / Policy / Procedure / Work Instruction,20,quality management; iso 9001; document control; corrective action; management review; quality management systems manual 2024; ema km 0251; qms; quality systems; quality systems 2024; manual; policy; procedure; work instruction; controlled document; held by ema; ema information centre; request access; gazette confirmed; information centre request,,,Held by EMA — Request Required
EMA-KM-0252,documents,"Procedure: Emergency Response Plan (ERP) for EMA Locations, 2022",HSE / Facilities,Manual / Policy / Procedure / Work Instruction,20,health and safety; hse; facilities management; emergency response; office safety; procedure emergency response plan erp for ema locations 2022; ema km 0252; erp; ema; manual; policy; procedure; work instruction; controlled document; manual policy procedure work instruction; held by ema; ema information centre; request access; gazette confirmed; information centre request,,,Held by EMA — Request Required
EMA-KM-0253,documents,Standard operating procedures,Cross-cutting,Manual / Policy / Procedure / Work Instruction,20,ema; environmental management; governance; foia; public statement; standard operating procedures; ema km 0253; standard operating; standard; procedures; manual; policy; procedure; work instruction; controlled document; held by ema; ema information centre; request access; gazette confirmed; information centre request,,,Held by EMA — Request Required
EMA-KM-0254,documents,Water Pollution Management Programme,Water,Manual / Policy / Procedure / Work Instruction,20,water pollution; water permit; water quality; discharge monitoring; annual discharge fee; water pollution management programme; ema km 0254; water pollution programme; water; manual; policy; procedure; work instruction; controlled document; manual policy procedure work instruction; held by ema; ema information centre; request access; gazette confirmed; information centre request,,,Held by EMA — Request Required
EMA-KM-0255,documents,Performance Monitoring Framework for Permit Monitoring and Complaints Unit,Cross-cutting,Manual / Policy / Procedure / Work Instruction,20,ema; environmental management; governance; foia; public statement; performance monitoring framework for permit monitoring and complaints unit; ema km 0255; performance monitoring; performance monitoring framework; performance; manual; policy; procedure; work instruction; controlled document; held by ema; ema information centre; request access; gazette confirmed; information centre request,,,Held by EMA — Request Required
EMA-KM-0256,documents,Compliance Monitoring and Enforcement Policy (Draft),Cross-cutting,Manual / Policy / Procedure / Work Instruction,20,ema; environmental management; governance; foia; public statement; compliance monitoring and enforcement policy draft; ema km 0256; compliance monitoring; compliance monitoring enforcement; compliance; manual; policy; procedure; work instruction; controlled document; held by ema; ema information centre; request access; gazette confirmed; information centre request,,,Held by EMA — Request Required
EMA-KM-0257,documents,Work Instruction — Transmission of Correspondence,Cross-cutting,Manual / Policy / Procedure / Work Instruction,20,ema; environmental management; governance; foia; public statement; work instruction transmission of correspondence; ema km 0257; work instruction; work instruction transmission; work; manual; policy; procedure; controlled document; manual policy procedure work instruction; held by ema; ema information centre; request access; gazette confirmed; information centre request,,,Held by EMA — Request Required
EMA-KM-0258,documents,Guideline: Payment Plan for Annual Permit Fees,Cross-cutting,Manual / Policy / Procedure / Work Instruction,20,ema; environmental management; governance; foia; public statement; guideline payment plan for annual permit fees; ema km 0258; guideline payment; guideline payment plan; guideline; manual; policy; procedure; work instruction; controlled document; held by ema; ema information centre; request access; gazette confirmed; information centre request,,,Held by EMA — Request Required
EMA-AR-2005,documents,EMA Annual Report 2005,Corporate / Statutory Reporting,Annual Report,20,annual report; statutory reporting; corporate reporting; public accountability; ema publications; ema annual report 2005; annual report 2005; 2005 annual report; state of the environment; environmental management authority; performance report; part b achievements; audited financials; strategic plan reporting; environmental indicators; public statement; corporate secretariat; knowledge management; government reporting; ema legal annual reports,,,Public Link Found
EMA-AR-2006,documents,EMA Annual Report 2006,Corporate / Statutory Reporting,Annual Report,20,annual report; statutory reporting; corporate reporting; public accountability; ema publications; ema annual report 2006; annual report 2006; 2006 annual report; state of the environment; environmental management authority; performance report; part b achievements; audited financials; strategic plan reporting; environmental indicators; public statement; corporate secretariat; knowledge management; government reporting; ema legal annual reports,,,Public Link Found
EMA-AR-2007,documents,EMA Annual Report 2007,Corporate / Statutory Reporting,Annual Report,20,annual report; statutory reporting; corporate reporting; public accountability; ema publications; ema annual report 2007; annual report 2007; 2007 annual report; state of the environment; environmental management authority; performance report; part b achievements; audited financials; strategic plan reporting; environmental indicators; public statement; corporate secretariat; knowledge management; government reporting; ema legal annual reports,,,Public Link Found
EMA-AR-2008,documents,EMA Annual Report 2008,Corporate / Statutory Reporting,Annual Report,20,annual report; statutory reporting; corporate reporting; public accountability; ema publications; ema annual report 2008; annual report 2008; 2008 annual report; state of the environment; environmental management authority; performance report; part b achievements; audited financials; strategic plan reporting; environmental indicators; public statement; corporate secretariat; knowledge management; government reporting; ema legal annual reports,,,Public Link Found
EMA-AR-2009,documents,EMA Annual Report 2009,Corporate / Statutory Reporting,Annual Report,20,annual report; statutory reporting; corporate reporting; public accountability; ema publications; ema annual report 2009; annual report 2009; 2009 annual report; state of the environment; environmental management authority; performance report; part b achievements; audited financials; strategic plan reporting; environmental indicators; public statement; corporate secretariat; knowledge management; government reporting; ema legal annual reports,,,Public Link Found
EMA-AR-2010,documents,EMA Annual Report 2010,Corporate / Statutory Reporting,Annual Report,20,annual report; statutory reporting; corporate reporting; public accountability; ema publications; ema annual report 2010; annual report 2010; 2010 annual report; state of the environment; environmental management authority; performance report; part b achievements; audited financials; strategic plan reporting; environmental indicators; public statement; corporate secretariat; knowledge management; government reporting; ema legal annual reports,,,Public Link Found
EMA-AR-2011,documents,EMA Annual Report 2011,Corporate / Statutory Reporting,Annual Report,20,annual report; statutory reporting; corporate reporting; public accountability; ema publications; ema annual report 2011; annual report 2011; 2011 annual report; state of the environment; environmental management authority; performance report; part b achievements; audited financials; strategic plan reporting; environmental indicators; public statement; corporate secretariat; knowledge management; government reporting; ema legal annual reports,,,Public Link Found
EMA-AR-2012,documents,EMA Annual Report 2012,Corporate / Statutory Reporting,Annual Report,20,annual report; statutory reporting; corporate reporting; public accountability; ema publications; ema annual report 2012; annual report 2012; 2012 annual report; state of the environment; environmental management authority; performance report; part b achievements; audited financials; strategic plan reporting; environmental indicators; public statement; corporate secretariat; knowledge management; government reporting; ema legal annual reports,,,Public Link Found
EMA-AR-2013,documents,EMA Annual Report 2013,Corporate / Statutory Reporting,Annual Report,20,annual report; statutory reporting; corporate reporting; public accountability; ema publications; ema annual report 2013; annual report 2013; 2013 annual report; state of the environment; environmental management authority; performance report; part b achievements; audited financials; strategic plan reporting; environmental indicators; public statement; corporate secretariat; knowledge management; government reporting; ema legal annual reports,,,Public Link Found
EMA-AR-2014,documents,EMA Annual Report 2014,Corporate / Statutory Reporting,Annual Report,20,annual report; statutory reporting; corporate reporting; public accountability; ema publications; ema annual report 2014; annual report 2014; 2014 annual report; state of the environment; environmental management authority; performance report; part b achievements; audited financials; strategic plan reporting; environmental indicators; public statement; corporate secretariat; knowledge management; government reporting; ema legal annual reports,,,Public Link Found
EMA-AR-2015,documents,EMA Annual Report 2015,Corporate / Statutory Reporting,Annual Report,20,annual report; statutory reporting; corporate reporting; public accountability; ema publications; ema annual report 2015; annual report 2015; 2015 annual report; state of the environment; environmental management authority; performance report; part b achievements; audited financials; strategic plan reporting; environmental indicators; public statement; corporate secretariat; knowledge management; government reporting; ema legal annual reports,,,Public Link Found
EMA-AR-2016,documents,EMA Annual Report 2016,Corporate / Statutory Reporting,Annual Report,20,annual report; statutory reporting; corporate reporting; public accountability; ema publications; ema annual report 2016; annual report 2016; 2016 annual report; state of the environment; environmental management authority; performance report; part b achievements; audited financials; strategic plan reporting; environmental indicators; public statement; corporate secretariat; knowledge management; government reporting; ema legal annual reports,,,Public Link Found
EMA-AR-2017,documents,EMA Annual Report 2017,Corporate / Statutory Reporting,Annual Report,20,annual report; statutory reporting; corporate reporting; public accountability; ema publications; ema annual report 2017; annual report 2017; 2017 annual report; state of the environment; environmental management authority; performance report; part b achievements; audited financials; strategic plan reporting; environmental indicators; public statement; corporate secretariat; knowledge management; government reporting; ema legal annual reports,,,Public Link Found
EMA-AR-2018,documents,EMA Annual Report 2018,Corporate / Statutory Reporting,Annual Report,20,annual report; statutory reporting; corporate reporting; public accountability; ema publications; ema annual report 2018; annual report 2018; 2018 annual report; state of the environment; environmental management authority; performance report; part b achievements; audited financials; strategic plan reporting; environmental indicators; public statement; corporate secretariat; knowledge management; government reporting; ema legal annual reports,,,Public Link Found
EMA-AR-2019,documents,EMA Annual Report 2019,Corporate / Statutory Reporting,Annual Report,20,annual report; statutory reporting; corporate reporting; public accountability; ema publications; ema annual report 2019; annual report 2019; 2019 annual report; state of the environment; environmental management authority; performance report; part b achievements; audited financials; strategic plan reporting; environmental indicators; public statement; corporate secretariat; knowledge management; government reporting; ema legal annual reports,,,Public Link Found
EMA-AR-2020-P1,documents,EMA Annual Report 2020 — Part 1,Corporate / Statutory Reporting,Annual Report,20,annual report; statutory reporting; corporate reporting; public accountability; ema publications; ema annual report 2020; annual report 2020 — part 1; annual report 2020; 2020 annual report; state of the environment; environmental management authority; performance report; part b achievements; audited financials; strategic plan reporting; environmental indicators; public statement; corporate secretariat; knowledge management; government reporting,,,Public Link Found
EMA-AR-2020-P2,documents,EMA Annual Report 2020 — Part 2,Corporate / Statutory Reporting,Annual Report,20,annual report; statutory reporting; corporate reporting; public accountability; ema publications; ema annual report 2020; annual report 2020 — part 2; annual report 2020; 2020 annual report; state of the environment; environmental management authority; performance report; part b achievements; audited financials; strategic plan reporting; environmental indicators; public statement; corporate secretariat; knowledge management; government reporting,,,Public Link Found
EMA-AR-2021,documents,EMA Annual Report 2021,Corporate / Statutory Reporting,Annual Report,20,annual report; statutory reporting; corporate reporting; public accountability; ema publications; ema annual report 2021; annual report 2021; 2021 annual report; state of the environment; environmental management authority; performance report; part b achievements; audited financials; strategic plan reporting; environmental indicators; public statement; corporate secretariat; knowledge management; government reporting; ema legal annual reports,,,Public Link Found
EMA-AR-2022,documents,EMA Annual Report 2022,Corporate / Statutory Reporting,Annual Report,20,annual report; statutory reporting; corporate reporting; public accountability; ema publications; ema annual report 2022; annual report 2022; 2022 annual report; state of the environment; environmental management authority; performance report; part b achievements; audited financials; strategic plan reporting; environmental indicators; public statement; corporate secretariat; knowledge management; government reporting; ema legal annual reports,,,Public Link Found
EMA-AR-2023,documents,EMA Annual Report 2023,Corporate / Statutory Reporting,Annual Report,20,annual report; statutory reporting; corporate reporting; public accountability; ema publications; ema annual report 2023; annual report 2023; 2023 annual report; state of the environment; environmental management authority; performance report; part b achievements; audited financials; strategic plan reporting; environmental indicators; public statement; corporate secretariat; knowledge management; government reporting; ema legal annual reports,,,Public Link Found
EMA-AR-2024,documents,EMA Annual Report 2024,Corporate / Statutory Reporting,Annual Report,20,annual report; statutory reporting; corporate reporting; public accountability; ema publications; ema annual report 2024; annual report 2024; 2024 annual report; state of the environment; environmental management authority; performance report; part b achievements; audited financials; strategic plan reporting; environmental indicators; public statement; corporate secretariat; knowledge management; government reporting; ema legal annual reports,,,Public Link Found
EMA-WIP-2024-001,documents,RestWest Watershed Improvement Plan,Water / Watersheds,Watershed Improvement Plan,11,ema; environmental management authority; held by EMA; request access; EMA Information Centre; RestWest; watershed improvement plan; water quality; biological assessment; Trinidad; watershed management,,,Held by EMA — existence/status confirmed by project evidence; public direct copy not identified
EMA-WIP-2025-001,documents,Hillsborough West Watershed Improvement Plan,Water / Watersheds,Watershed Improvement Plan,11,ema; environmental management authority; held by EMA; request access; EMA Information Centre; Hillsborough West; watershed improvement plan; water quality; biological assessment; Tobago; watershed management,,,Held by EMA — existence/status confirmed by project evidence; public direct copy not identified
EMA-ESS-MP-2025-001,documents,Scarlet Ibis Management Plan,Biodiversity / ESS,Species Management Plan,11,ema; environmental management authority; held by EMA; request access; EMA Information Centre; Scarlet Ibis; Environmentally Sensitive Species; ESS; management plan; species conservation; Caroni Swamp,,,Held by EMA — existence/status confirmed by project evidence; public direct copy not identified
EMA-JUD-2002-001,judgments,Talisman (Trinidad) Petroleum Ltd. v The Environmental Management Authority,Judgments & Proceedings,Judgment,5,Talisman (Trinidad) Petroleum Ltd. v The Environmental Management Authority; EMA; Environmental Commission; EA of 2002; Judgment,,,Official court source
EMA-JUD-2007-001,judgments,Michelle Dove v The Environmental Management Authority,Judgments & Proceedings,Judgment,5,Michelle Dove v The Environmental Management Authority; EMA; Environmental Commission; EAP 003 of 2007; Judgment,,,Official court source
EMA-JUD-2008-001,judgments,Fishermen and Friends of the Sea v The Environmental Management Authority,Judgments & Proceedings,Judgment,5,Fishermen and Friends of the Sea v The Environmental Management Authority; EMA; Environmental Commission; EAP 005 of 2007; Judgment,,,Official court source
EMA-JUD-2008-002,judgments,Appeal of EAP 005 of 2007 — Fishermen and Friends of the Sea v The Environmental Management Authority,Judgments & Proceedings,Appeal record,5,Appeal of EAP 005 of 2007 — Fishermen and Friends of the Sea v The Environmental Management Authority; EMA; Environmental Commission; Appeal of EAP 005 of 2007; Appeal record,,,Official court source
EMA-JUD-2009-001,judgments,"Vijay Sookdeosingh v Atlantic LNG Company of Trinidad and Tobago, Attorney General and The Environmental Management Authority",Judgments & Proceedings,Judgment,5,"Vijay Sookdeosingh v Atlantic LNG Company of Trinidad and Tobago, Attorney General and The Environmental Management Authority; EMA; Environmental Commission; EAA 003 of 2006; Judgment",,,Official court source
EMA-JUD-2009-002,judgments,South West Tobago Fishermen’s Association v The Environmental Management Authority,Judgments & Proceedings,Judgment,5,South West Tobago Fishermen’s Association v The Environmental Management Authority; EMA; Environmental Commission; EAP 004 of 2008; Judgment,,,Official court source
EMA-JUD-2009-003,judgments,"Vijay Sookdeosingh v Atlantic LNG Company of Trinidad and Tobago, Attorney General and The Environmental Management Authority",Judgments & Proceedings,Judgment,5,"Vijay Sookdeosingh v Atlantic LNG Company of Trinidad and Tobago, Attorney General and The Environmental Management Authority; EMA; Environmental Commission; DPA 002 of 2006; Judgment",,,Official court source
EMA-JUD-2011-001,judgments,K.S. Holder v The Environmental Management Authority,Judgments & Proceedings,Ruling,5,K.S. Holder v The Environmental Management Authority; EMA; Environmental Commission; EAP 004 of 2009; Ruling,,,Official court source
EMA-JUD-2011-002,judgments,The Environmental Management Authority v Michael Trestrail,Judgments & Proceedings,Ruling,5,The Environmental Management Authority v Michael Trestrail; EMA; Environmental Commission; EAA 002 of 2011; Ruling,,,Official court source
EMA-JUD-2011-003,judgments,The Environmental Management Authority v The National Gas Company of Trinidad and Tobago,Judgments & Proceedings,Judgment,5,The Environmental Management Authority v The National Gas Company of Trinidad and Tobago; EMA; Environmental Commission; EAA 005 of 2010; Judgment,,,Official court source
EMA-JUD-2012-001,judgments,K.S. Holder v The Environmental Management Authority — Award of Costs,Judgments & Proceedings,Costs decision,5,K.S. Holder v The Environmental Management Authority — Award of Costs; EMA; Environmental Commission; EAP 004 of 2009; Costs decision,,,Official court source
EMA-JUD-2012-002,judgments,The Environmental Management Authority v Michael Trestrail — Reasons,Judgments & Proceedings,Reasons,5,The Environmental Management Authority v Michael Trestrail — Reasons; EMA; Environmental Commission; EAA 002 of 2011; Reasons,,,Official court source
EMA-JUD-2012-003,judgments,The Environmental Management Authority v Michael Trestrail — Administrative Civil Assessment,Judgments & Proceedings,Assessment decision,5,The Environmental Management Authority v Michael Trestrail — Administrative Civil Assessment; EMA; Environmental Commission; EAA 002 of 2011; Assessment decision,,,Official court source
EMA-JUD-2012-004,judgments,Caribbean Roof Tile Company Limited v The Environmental Management Authority,Judgments & Proceedings,Judgment,5,Caribbean Roof Tile Company Limited v The Environmental Management Authority; EMA; Environmental Commission; EAA 001 of 2012; Judgment,,,Official court source
EMA-JUD-2005-001,judgments,Fishermen and Friends of the Sea v The Environment Management Authority and BP Trinidad and Tobago LLC,Judgments & Proceedings,Judgment,8,FFOS; EMA; BPTT; Kapok; Bombax; CEC; judicial review; [2005] UKPC 32,,,Public legal database
EMA-JUD-2009-004,judgments,People United Respecting the Environment (PURE) and Rights Action Group (RAG) v Environmental Management Authority and others,Judgments & Proceedings,Judgment,8,PURE; RAG; EMA; Alutrint; aluminium smelter; CEC; judicial review; CV 2007-02263,,,Published legal case source
EMA-JUD-2010-001,judgments,Environmental Management Authority v Fishermen and Friends of the Sea; Environmental Management Authority v South West Tobago Fishermen Association,Judgments & Proceedings,Judgment,7,EMA; FFOS; South West Tobago Fishermen; Court of Appeal; jurisdiction; C.A.CIV.199/2008; C.A.CIV.219/2009,,,Official court source
EMA-JUD-2015-001,judgments,Concerned Residents of Cunupia v Environmental Management Authority and RPN Enterprises Ltd,Judgments & Proceedings,Judgment,5,Concerned Residents of Cunupia; EMA; RPN Enterprises; CV2012-03024; judicial review,,,Official court source
EMA-JUD-2016-001,judgments,Bhadose Sooknanan and Fishermen and Friends of the Sea v Environmental Management Authority and Minister of Energy and Energy Affairs,Judgments & Proceedings,Judgment,8,Sooknanan; FFOS; EMA; 3-D seismic survey; CEC; EIA; consultation; CV2014-00813,,,Official court source
EMA-JUD-2017-001,judgments,"Fishermen and Friends of the Sea v The Minister of Planning, Housing and the Environment",Judgments & Proceedings,Judgment,5,FFOS; polluter pays principle; water pollution fees; [2017] UKPC 37; JCPC/2016/0028,,,Official court source
EMA-JUD-2017-002,judgments,Concerned Residents of Cunupia v Environmental Management Authority and RPN Enterprises Ltd,Judgments & Proceedings,Judgment,4,Concerned Residents of Cunupia; EMA; RPN Enterprises; Civil Appeal P195 of 2015,,,Official court source
EMA-JUD-2018-001,judgments,Fishermen and Friends of the Sea v Environmental Management Authority and others,Judgments & Proceedings,Judgment,7,FFOS; EMA; Aripo Savannas; Churchill Roosevelt Highway Extension; CEC; [2018] UKPC 24; JCPC/2018/0055,,,Official court source
EMA-JUD-2021-001,judgments,Trinidad Offshore Fabricators Unlimited v Environmental Management Authority and others,Judgments & Proceedings,Judgment,6,Trinidad Offshore Fabricators; EMA; CEC; Caribbean Gas Chemical; La Brea; CV.2019-04217,,,Official court source
EMA-JUD-2021-002,judgments,"Wild Goose Limited v The Environmental Management Authority of Trinidad and Tobago; Garth Nelson, Senior Superintendent of Police",Judgments & Proceedings,Judgment,6,Wild Goose; EMA; noise; Noise Variation; Carnival; CV2019-02219,,,Official court source
EMA-JUD-2023-001,judgments,Environmental Management Authority of Trinidad and Tobago v Wild Goose Limited,Judgments & Proceedings,Judgment,6,EMA; Wild Goose; noise; Court of Appeal; Civil Appeal P133 of 2021; TT 2023 CA 67,,,Official court source
EMA-JUD-2024-001,judgments,Wild Goose Limited v Environmental Management Authority — Permission to Appeal,Judgments & Proceedings,Permission to Appeal Decision,4,Wild Goose; EMA; permission to appeal; JCPC 2024/0013,,,Official court source
EMA-JUD-2026-001,judgments,Fishermen and Friends of the Sea v George Aboud and Sons Limited,Judgments & Proceedings,Judgment,5,FFOS; George Aboud; Environmental Commission; Direct Private Party Action; Civil Appeal P337 of 2019,,,Official court source
EMA-JUD-2026-002,judgments,George Aboud and Sons Limited; Las Cuevas Properties Limited v Environmental Management Authority,Judgments & Proceedings,Judgment,6,George Aboud; Las Cuevas Properties; EMA; Environmental Commission; CEC; Civil Appeal P256 of 2020,,,Official court source
EMA-JUD-2026-003,judgments,Fishermen and Friends of the Sea v George Aboud and Sons Limited — Permission to Appeal,Judgments & Proceedings,Permission to Appeal Decision,5,FFOS; George Aboud; Direct Private Party Action; section 69; JCPC/2026/0033,,,Official court source
EMA-JUD-2026-004,judgments,George Aboud and Sons Limited and another v Environmental Management Authority,Judgments & Proceedings,Appeal Proceeding,5,George Aboud; Las Cuevas Properties; EMA; pending appeal; JCPC/2026/0070,,,Official court source
EMA-NEWS-2026-007,press_releases,Media Release – Efficient Regulation. Responsible Development. A Stronger Trinidad and Tobago,CEC / Environmental Governance,Media Release,8,EMA; CEC; ExxonMobil; seismic survey; offshore; environmental governance; responsible development; 2026,,,EMA Public Page
EMA-NEWS-2026-001,press_releases,Documentary Video – A Monkey’s Paradise – The Last Sanctuary,Public Education / Outreach,Documentary / Video,8,EMA; News & Events; documentary; video; public education; A Monkey’s Paradise; The Last Sanctuary; 2026,,,EMA Public Page
EMA-NEWS-2026-002,press_releases,Media Release – EMA Commissions National Environmental Literacy Survey 2026,Knowledge Management / Research,Media Release,9,EMA; environmental literacy; survey; research; environmental knowledge; attitudes; practices; public awareness; 2026,,,EMA Public Page
EMA-NEWS-2026-003,press_releases,Media Release – EMA Commends Enforcement Officers Following Suspected Sea Turtle Poaching Incident in Tobago,Biodiversity/ESA/ESS,Media Release,8,EMA; Tobago; sea turtle; poaching; environmentally sensitive species; enforcement; Lambeau Beach; 2026,,,EMA Public Page
EMA-NEWS-2026-004,press_releases,Understanding the role of the Environmental Police,Compliance / Enforcement,News / Public Information,5,EMA; Environmental Police; enforcement; public information; 2026,,,EMA Public Page
EMA-NEWS-2026-005,press_releases,Media Release – Sustainability Leaders Honoured at Green Leaf Awards 2026,Public Education / Sustainable Business,Media Release,7,EMA; Green Leaf Awards; sustainability; private sector; innovation; climate action; 2026,,,EMA Public Page
EMA-NEWS-2026-006,press_releases,Media Release – EMA Hosts GEF National Dialogue 2026 in Trinidad and Tobago,Climate / MEA,Media Release,6,EMA; GEF; Global Environment Facility; national dialogue; Trinidad and Tobago; 2026,,,EMA Public Page
EMA-ARCH-0055,press_releases,Media Release – The EMA hosts Environmental Officers’ End-of-Year Meeting 2024,Governance / Partnerships,Media Release,8,EMA; public communication; Trinidad and Tobago; 2024; environmental officers; inter-agency; environmental governance; coordination,,,EMA Public Page
EMA-ARCH-0056,press_releases,MEDIA RELEASE – EMA’s engagement to protect Sea Turtles,Biodiversity,Media Release,8,EMA; public communication; Trinidad and Tobago; 2024; sea turtles; biodiversity; conservation; environmentally sensitive species,,,EMA Public Page
EMA-ARCH-0057,press_releases,Media Release – Institutional strengthening of the EMA,Governance / Capacity,Media Release,8,EMA; public communication; Trinidad and Tobago; 2024; institutional strengthening; capacity building; environmental management; technical capacity,,,EMA Public Page
EMA-ARCH-0058,press_releases,MEDIA RELEASE – The new Customer Portal for Certificates of Environmental Clearance (CEC)!,CEC / Development Review,Media Release,8,EMA; public communication; Trinidad and Tobago; 2024; CEC; certificate of environmental clearance; customer portal; digital services,,,EMA Public Page
EMA-ARCH-0059,press_releases,Media Release – Ministry of Planning and Development and EMA make strides through climate change project,Climate Change,Media Release,9,EMA; public communication; Trinidad and Tobago; 2024; climate change; climate transparency; MRV; CBIT; planning,,,EMA Public Page
EMA-ARCH-0074,press_releases,MEDIA RELEASE – Presentation to His Excellency Dr. Christophe Eick Ambassador of the Federal Republic of Germany,Partnerships / Stakeholder Engagement,Media Release,8,EMA; public communication; Trinidad and Tobago; 2023; partnerships; stakeholder engagement; Germany; international cooperation,,,EMA Public Page
EMA-ARCH-0075,press_releases,MEDIA RELEASE – Mainstreaming Trinidad and Tobago’s National Environmental Policy.,Governance / Policy,Media Release,8,EMA; public communication; Trinidad and Tobago; 2023; national environmental policy; NEP; environmental governance; mainstreaming,,,EMA Public Page
EMA-ARCH-0076,press_releases,MEDIA RELEASE – Waste Management Rules 2021 Sensitisation Sessions hosted by the EMA.,Waste,Media Release,8,EMA; public communication; Trinidad and Tobago; 2023; waste management rules; waste; sensitisation; environmental regulation,,,EMA Public Page
EMA-ARCH-0077,press_releases,JOINT MEDIA RELEASE – Relief on noise pollution,Noise,Joint Media Release,8,EMA; public communication; Trinidad and Tobago; 2023; noise pollution; noise; TTPS; environmental governance,,,EMA Public Page
EMA-ARCH-0079,press_releases,Media Release – Protection of the Scarlet Ibis,Biodiversity,Media Release,8,EMA; public communication; Trinidad and Tobago; 2023; scarlet ibis; biodiversity; conservation; environmentally sensitive species,,,EMA Public Page
EMA-ARCH-0078,press_releases,Media Release – Appeal Court rules in the EMAs favour against WildGoose Limited,Governance / Legal,Media Release,8,EMA; public communication; Trinidad and Tobago; 2023; Court of Appeal; WildGoose Limited; legal proceedings; environmental governance,,,EMA Public Page
EMA-ARCH-0080,press_releases,MEDIA RELEASE – Trinidad and Tobago Coastal Noise Measurement Initiative,Noise,Media Release,8,EMA; public communication; Trinidad and Tobago; 2023; coastal noise; noise measurement; Gulf of Paria; monitoring,,,EMA Public Page
EMA-ARCH-0081,press_releases,MEDIA RELEASE – BUILDING CAPACITY TO MITIGATE LAND DEGRADATION AND WILDFIRES,Biodiversity,Media Release,8,EMA; public communication; Trinidad and Tobago; 2023; land degradation; wildfires; capacity building; BIOREACH,,,EMA Public Page
EMA-ARCH-0082,press_releases,MEDIA RELEASE – The EMA hosts consultation on land degradation,Climate / Land,Media Release,8,EMA; public communication; Trinidad and Tobago; 2023; land degradation; UNCCD; consultation; climate and land,,,EMA Public Page
EMA-ARCH-0086,press_releases,EMA Hosts CBIT Validation Workshop,Climate Change,Release-style / Public Communication,8,EMA; public communication; Trinidad and Tobago; 2023; CBIT; climate transparency; MRV; climate change,,,EMA Public Page
EMA-ARCH-0085,press_releases,The EMA hosts sensitisation sessions on the Air Pollution Rules,Air Quality,Release-style / Public Communication,8,EMA; public communication; Trinidad and Tobago; 2023; air pollution rules; air quality; sensitisation; air pollution,,,EMA Public Page
EMA-ARCH-0092,press_releases,EMA and TTPS Collaborative Partnership to combat noise pollution.,Noise,Release-style / Public Communication,8,EMA; public communication; Trinidad and Tobago; 2022; noise pollution; TTPS; partnership; noise pollution control,,,EMA Public Page
EMA-ARCH-0093,press_releases,WASTE MANAGEMENT RULES 2021,Waste,Release-style / Public Communication,8,EMA; public communication; Trinidad and Tobago; 2022; waste management rules; waste; environmental regulation; 2021,,,EMA Public Page
EMA-ARCH-0094,press_releases,EMA EXPANDS COMPLAINTS HOTLINE SERVICE,Public Communication / General,Release-style / Public Communication,8,EMA; public communication; Trinidad and Tobago; 2021; complaints; hotline; public service; environmental complaints,,,EMA Public Page
EMA-ARCH-0096,press_releases,Fireworks Survey,Noise,Release-style / Public Communication,8,EMA; public communication; Trinidad and Tobago; 2020; fireworks; survey; noise; public consultation,,,EMA Public Page
EMA-ARCH-0097,press_releases,NE – Literacy Survey,Public Education / Outreach,Release-style / Public Communication,8,EMA; public communication; Trinidad and Tobago; 2020; environmental literacy; survey; public awareness; environmental education,,,EMA Public Page
EMA-ARCH-0098,press_releases,EMA’s Digitisation of National Registers and Public Access,Knowledge Management / Public Access,Release-style / Public Communication,8,EMA; public communication; Trinidad and Tobago; 2020; digitisation; national registers; public access; environmental information,,,EMA Public Page
EMA-PR-2026-001,press_releases,World Environment Day 2026 – A message from the MD of the EMA – Dr. Joth Singh,Public Education / Outreach,Leadership Message,20,EMA; media release; latest news; public communication; Trinidad and Tobago; public education; students; youth; awareness; outreach; Public Education / Outreach; Leadership Message; 2026; World; Environment; Day; message; Joth; Singh; public record,,,EMA Public Page
EMA-PR-2026-002,press_releases,Media Release – New Educational Video on Water Quality Testing Launched for Secondary School Students,Water,Media Release,20,EMA; media release; latest news; public communication; Trinidad and Tobago; water quality; water testing; education; students; monitoring; Water; 2026; Educational; Video; Quality; Testing; Launched; Secondary; School; public record,,,EMA Public Page
EMA-PR-2026-003,press_releases,Media Release – EMA Reaffirms Rigorous Environmental Review While Balancing Environmental Protection and Sustainable Hotel Development in Tobago,CEC / Development Review,Media Release,20,EMA; media release; latest news; public communication; Trinidad and Tobago; CEC; environmental clearance; development approvals; EIA; permitting; CEC / Development Review; 2026; Reaffirms; Rigorous; Review; Balancing; Protection; Sustainable; Hotel; Development,,,EMA Public Page
EMA-PR-2026-004,press_releases,Media Release – EMA following its mandate for sustainable development with approval of Tobago tourism project,CEC / Development Review,Media Release,20,EMA; media release; latest news; public communication; Trinidad and Tobago; CEC; environmental clearance; development approvals; EIA; permitting; CEC / Development Review; 2026; following; mandate; sustainable; development; approval; Tobago; tourism; project,,,EMA Public Page
EMA-PR-2026-005,press_releases,"Media Release – Driving sustainable development through partnership, leadership and guidance",CEC / Development Review,Media Release,20,EMA; media release; latest news; public communication; Trinidad and Tobago; CEC; environmental clearance; development approvals; EIA; permitting; CEC / Development Review; 2026; Driving; sustainable; development; partnership; leadership; guidance; source page; public record,,,EMA Public Page
EMA-PR-2026-007,press_releases,Media Release – Agencies unite to strengthen protection of Aripo Savannas amid rising environmental pressure,Biodiversity,Media Release,20,EMA; media release; latest news; public communication; Trinidad and Tobago; biodiversity; ESS; ESA; conservation; wildlife; 2026; Agencies; unite; strengthen; protection; Aripo; Savannas; rising; pressure; public record,,,EMA Public Page
EMA-PR-2026-006,press_releases,Media Release – EMA Participates in High-Level Multi-Agency Meeting to Strengthen Development Approval Processes,CEC / Development Review,Media Release,20,EMA; media release; latest news; public communication; Trinidad and Tobago; CEC; environmental clearance; development approvals; EIA; permitting; CEC / Development Review; 2026; Participates; High-Level; Multi-Agency; Meeting; Strengthen; Development; Approval; Processes,,,EMA Public Page
EMA-PR-2026-008,press_releases,Media Release – Youth Creativity Shines Through EMA/Sagicor General Enviro Club Mural Competition,Public Education / Outreach,Media Release,20,EMA; media release; latest news; public communication; Trinidad and Tobago; public education; students; youth; awareness; outreach; Public Education / Outreach; 2026; Creativity; Shines; Sagicor; General; Enviro; Club; Mural; Competition,,,EMA Public Page
EMA-PR-2026-009,press_releases,Media Release – EMA Engages Consultants to Strengthen Collaboration to improve and advance CEC Permitting,CEC / Development Review,Media Release,20,EMA; media release; latest news; public communication; Trinidad and Tobago; CEC; environmental clearance; development approvals; EIA; permitting; CEC / Development Review; 2026; Engages; Consultants; Strengthen; Collaboration; improve; advance; source page; public record,,,EMA Public Page
EMA-PR-2026-010,press_releases,The Environmental Management Authority Invests in the Future of Forests and Economies Through Open Block Management Training Initiative.,Biodiversity,Release-style News Item,20,EMA; media release; latest news; public communication; Trinidad and Tobago; biodiversity; ESS; ESA; conservation; wildlife; Release-style News Item; 2026; Invests; Future; Forests; Economies; Open; Block; Training; Initiative,,,EMA Public Page
EMA-PR-2026-011,press_releases,Media Release – Trinidad and Tobago’s giants are back: 2026 Leatherback Turtle nesting season begins,Biodiversity,Media Release,20,EMA; media release; latest news; public communication; Trinidad and Tobago; biodiversity; ESS; ESA; conservation; wildlife; 2026; Trinidad; Tobago; giants; Leatherback; Turtle; nesting; season; begins; public record,,,EMA Public Page
EMA-PR-2026-012,press_releases,Media Release – EMA Engages UDeCOTT on Environmental Clearance for Lady Hailes Housing Development,CEC / Development Review,Media Release,20,EMA; media release; latest news; public communication; Trinidad and Tobago; CEC; environmental clearance; development approvals; EIA; permitting; CEC / Development Review; 2026; Engages; UDeCOTT; Clearance; Lady; Hailes; Housing; Development; public record,,,EMA Public Page
EMA-PR-2026-013,press_releases,Media Release – EMA Grants Eighth Major CEC Under New Board to Support Expanded Gas Production at Carapal Ridge,CEC / Development Review,Media Release,20,EMA; media release; latest news; public communication; Trinidad and Tobago; CEC; environmental clearance; development approvals; EIA; permitting; CEC / Development Review; 2026; Grants; Eighth; Major; Board; Support; Expanded; Gas; Production,,,EMA Public Page
EMA-PR-2026-015,press_releases,Media Release – EMA Advances Sustainable Development with Approval of Key Energy and Tourism Projects,CEC / Development Review,Media Release,20,EMA; media release; latest news; public communication; Trinidad and Tobago; CEC; environmental clearance; development approvals; EIA; permitting; CEC / Development Review; 2026; Advances; Sustainable; Development; Approval; Key; Energy; Tourism; Projects,,,EMA Public Page
EMA-PR-2026-014,press_releases,Media Release – The Journey of Papaoutai – A protected Ocelot’s Fight for Survival Sparks a National Reminder,Biodiversity,Media Release,20,EMA; media release; latest news; public communication; Trinidad and Tobago; biodiversity; ESS; ESA; conservation; wildlife; 2026; Journey; Papaoutai; protected; Ocelot; Fight; Survival; Sparks; National; Reminder,,,EMA Public Page
EMA-PR-2026-017,press_releases,Media Release – EMA Engages Upstream Oil and Gas Operators to Enhance the Ease of Doing Business in Energy Matters,CEC / Development Review,Media Release,20,EMA; media release; latest news; public communication; Trinidad and Tobago; CEC; environmental clearance; development approvals; EIA; permitting; CEC / Development Review; 2026; Engages; Upstream; Oil; Gas; Operators; Enhance; Ease; Doing,,,EMA Public Page
EMA-PR-2026-016,press_releases,Media Release – Strategic Discussions on amendments to the Environmental Management Act with Focus on Environmental Justice,Governance / Partnerships,Media Release,20,EMA; media release; latest news; public communication; Trinidad and Tobago; governance; partnership; Board of Directors; stakeholder engagement; inter-agency; Governance / Partnerships; 2026; Strategic; Discussions; amendments; Act; Focus; Justice; source page; public record,,,EMA Public Page
EMA-PR-2026-018,press_releases,Media Release – Statement on the Shooting of the Ocelot – An Environmentally Sensitive Species,Biodiversity,Media Release,20,EMA; media release; latest news; public communication; Trinidad and Tobago; biodiversity; ESS; ESA; conservation; wildlife; 2026; Statement; Shooting; Ocelot; Environmentally; Sensitive; Species; press release register; source page; public record,,,EMA Public Page
EMA-PR-2026-019,press_releases,Media Release – EMA Urges Precautions Amid Elevated Saharan Dust Levels,Air Quality,Media Release,20,EMA; media release; latest news; public communication; Trinidad and Tobago; air quality; AAQMN; Saharan dust; particulate matter; public advisory; 2026; Urges; Precautions; Elevated; Saharan; Dust; Levels; press release register; source page; public record,,,EMA Public Page
EMA-PR-2026-020,press_releases,Media Release – EMA and THA Strengthen Collaboration on Sustainable Development and Environmental Management in Tobago,Governance / Partnerships,Media Release,20,EMA; media release; latest news; public communication; Trinidad and Tobago; governance; partnership; Board of Directors; stakeholder engagement; inter-agency; Governance / Partnerships; 2026; THA; Strengthen; Collaboration; Sustainable; Development; Tobago; source page; public record,,,EMA Public Page
EMA-PR-2026-021,press_releases,Media Release – Countdown to the EMA’s Green Leaf Awards 2026 – Celebrating Sustainability in the Private Sector,Awards / Recognition,Media Release,20,EMA; media release; latest news; public communication; Trinidad and Tobago; awards; Green Leaf Awards; recognition; sustainability; private sector; Awards / Recognition; 2026; Countdown; Green; Leaf; Celebrating; Private; Sector; source page; public record,,,EMA Public Page
EMA-PR-2026-022,press_releases,EMA Enhances CEC Process – Enabling Development While Safeguarding Natural Resources,CEC / Development Review,Release-style News Item,20,EMA; media release; latest news; public communication; Trinidad and Tobago; CEC; environmental clearance; development approvals; EIA; permitting; CEC / Development Review; Release-style News Item; 2026; Enhances; Process; Enabling; Development; Safeguarding; Natural; Resources,,,EMA Public Page
EMA-PR-2026-023,press_releases,Media Release – EMA continues timely processing of CECs for Oil and Gas Projects,CEC / Development Review,Media Release,20,EMA; media release; latest news; public communication; Trinidad and Tobago; CEC; environmental clearance; development approvals; EIA; permitting; CEC / Development Review; 2026; continues; timely; processing; CECs; Oil; Gas; Projects; public record,,,EMA Public Page
EMA-PR-2026-024,press_releases,TV Interview (TTT) – EMA Implements New Noise Mitigation Strategies for 2026 Carnival Season,Noise,Media / Interview,20,EMA; media release; latest news; public communication; Trinidad and Tobago; noise pollution; noise variation; Carnival; NPCR; public advisory; Noise; Media / Interview; 2026; Interview; TTT; Implements; Mitigation; Strategies; Season; public record,,,EMA Public Page
EMA-PR-2026-025,press_releases,Media Release – EMA implements new noise mitigation strategies for 2026 carnival season,Noise,Media Release,20,EMA; media release; latest news; public communication; Trinidad and Tobago; noise pollution; noise variation; Carnival; NPCR; public advisory; Noise; 2026; implements; mitigation; strategies; season; EMA Latest News; press release register; source page; public record,,,EMA Public Page
EMA-PR-2025-026,press_releases,Media Release – EMA Issues First CEC to ExxonMobil for Offshore Ultra-Deepwater Project,Water,Media Release,20,EMA; media release; latest news; public communication; Trinidad and Tobago; water quality; water testing; education; students; monitoring; Water; 2025; Issues; First; CEC; ExxonMobil; Offshore; Ultra-Deepwater; Project; public record,,,EMA Public Page
EMA-PR-2025-027,press_releases,Media Release – EMA Issues First CEC Under New Board to EOG Resources for Offshore Exploration Project,CEC / Development Review,Media Release,20,EMA; media release; latest news; public communication; Trinidad and Tobago; CEC; environmental clearance; development approvals; EIA; permitting; CEC / Development Review; 2025; Issues; First; Board; EOG; Resources; Offshore; Exploration; Project,,,EMA Public Page
EMA-PR-2025-028,press_releases,Media Release – The EMA’s Board of Directors strengthens collaboration with the THA to advance environmental priorities in Tobago,Governance / Partnerships,Media Release,20,EMA; media release; latest news; public communication; Trinidad and Tobago; governance; partnership; Board of Directors; stakeholder engagement; inter-agency; Governance / Partnerships; 2025; Board; Directors; strengthens; collaboration; THA; advance; priorities; Tobago,,,EMA Public Page
EMA-PR-2025-029,press_releases,Media Release – EMA Builds Capacity for Future Greenhouse Gas Reporting,Climate / GCF,Media Release,20,EMA; media release; latest news; public communication; Trinidad and Tobago; climate; GCF; MRV; greenhouse gas; climate finance; Climate / GCF; 2025; Builds; Capacity; Future; Greenhouse; Gas; Reporting; source page; public record,,,EMA Public Page
EMA-PR-2025-030,press_releases,Media Release – PACSO engages with the EMA to develop a National Noise Pollution Policy and Action Plan,Noise,Media Release,20,EMA; media release; latest news; public communication; Trinidad and Tobago; noise pollution; noise variation; Carnival; NPCR; public advisory; Noise; 2025; PACSO; engages; develop; National; Pollution; Policy; Action; Plan,,,EMA Public Page
EMA-PR-2025-031,press_releases,Media Release – The EMA strengthens environmental awareness among tour operators in Tobago,Biodiversity,Media Release,20,EMA; media release; latest news; public communication; Trinidad and Tobago; biodiversity; ESS; ESA; conservation; wildlife; 2025; strengthens; awareness; among; tour; operators; Tobago; press release register; source page; public record,,,EMA Public Page
EMA-PR-2025-032,press_releases,Media Release – Newly Installed Board of Directors,Governance / Partnerships,Media Release,20,EMA; media release; latest news; public communication; Trinidad and Tobago; governance; partnership; Board of Directors; stakeholder engagement; inter-agency; Governance / Partnerships; 2025; Newly; Installed; Board; Directors; EMA Latest News; press release register; source page; public record,,,EMA Public Page
EMA-PR-2025-033,press_releases,Media Release – New EMA Board Installed to Lead National Environmental Agenda,Governance / Partnerships,Media Release,20,EMA; media release; latest news; public communication; Trinidad and Tobago; governance; partnership; Board of Directors; stakeholder engagement; inter-agency; Governance / Partnerships; 2025; Board; Installed; Lead; National; Agenda; press release register; source page; public record,,,EMA Public Page
EMA-PR-2025-034,press_releases,Media Release – The Green Climate Fund achieves record-breaking year as Board channels USD 3.26 billion to developing countries in 2025,Climate / GCF,Media Release,20,EMA; media release; latest news; public communication; Trinidad and Tobago; climate; GCF; MRV; greenhouse gas; climate finance; Climate / GCF; 2025; Green; Fund; achieves; record-breaking; year; Board; channels; USD,,,EMA Public Page
EMA-PR-2025-036,press_releases,Media Release – The EMA takes action to halt the Caroni Krab Dash Event,Biodiversity,Media Release,20,EMA; media release; latest news; public communication; Trinidad and Tobago; biodiversity; ESS; ESA; conservation; wildlife; 2025; takes; action; halt; Caroni; Krab; Dash; Event; source page; public record,,,EMA Public Page
EMA-PR-2025-035,press_releases,Media Release – The EMA achieves Accreditation to the Green Climate Fund,Climate / GCF,Media Release,20,EMA; media release; latest news; public communication; Trinidad and Tobago; climate; GCF; MRV; greenhouse gas; climate finance; Climate / GCF; 2025; achieves; Accreditation; Green; Fund; EMA Latest News; press release register; source page; public record,,,EMA Public Page
EMA-PR-2025-037,press_releases,Media Release – Tour Operator Sensitisation Fact Sheet,Biodiversity,Media Release,20,EMA; media release; latest news; public communication; Trinidad and Tobago; biodiversity; ESS; ESA; conservation; wildlife; 2025; Tour; Operator; Sensitisation; Fact; Sheet; EMA Latest News; press release register; source page; public record,,,EMA Public Page
EMA-PR-2025-038,press_releases,Media Release – Enviro Club Mural Activity launched in Tobago to foster environmental pride,Public Education / Outreach,Media Release,20,EMA; media release; latest news; public communication; Trinidad and Tobago; public education; students; youth; awareness; outreach; Public Education / Outreach; 2025; Enviro; Club; Mural; Activity; launched; Tobago; foster; pride,,,EMA Public Page
EMA-PR-2025-039,press_releases,Media Release – The EMA Green Leaf Awards 2026 – Celebrating Private Sector Sustainability,Awards / Recognition,Media Release,20,EMA; media release; latest news; public communication; Trinidad and Tobago; awards; Green Leaf Awards; recognition; sustainability; private sector; Awards / Recognition; 2025; Green; Leaf; Celebrating; Private; Sector; press release register; source page; public record,,,EMA Public Page
EMA-PR-2025-040,press_releases,Media Release – International Coastal Clean-up 2025,Waste / Circular Economy,Media Release,20,EMA; media release; latest news; public communication; Trinidad and Tobago; waste; recycling; circular economy; clean-up; pollution prevention; Waste / Circular Economy; 2025; International; Coastal; official update; web archive; EMA Latest News; press release register; source page; public record,,,EMA Public Page
EMA-PR-2025-041,press_releases,Media Release – EMA Hosts Sensitisation Session for Tour Operators,Biodiversity,Media Release,20,EMA; media release; latest news; public communication; Trinidad and Tobago; biodiversity; ESS; ESA; conservation; wildlife; 2025; Hosts; Sensitisation; Session; Tour; Operators; EMA Latest News; press release register; source page; public record,,,EMA Public Page
EMA-PR-2025-042,press_releases,Media Release – EMA’s Internship Journey 2025,Public Education / Outreach,Media Release,20,EMA; media release; latest news; public communication; Trinidad and Tobago; public education; students; youth; awareness; outreach; Public Education / Outreach; 2025; Internship; Journey; official update; web archive; EMA Latest News; press release register; source page; public record,,,EMA Public Page
EMA-PR-2025-043,press_releases,MEDIA RELEASE – The NSTTF Leads Successful North Coast Site Visit,Biodiversity,Media Release,20,EMA; media release; latest news; public communication; Trinidad and Tobago; biodiversity; ESS; ESA; conservation; wildlife; 2025; NSTTF; Leads; Successful; North; Coast; Site; Visit; source page; public record,,,EMA Public Page
EMA-PR-2025-044,press_releases,MEDIA RELEASE – EMA hosts 2025 Vacation Internship Programme,Public Education / Outreach,Media Release,20,EMA; media release; latest news; public communication; Trinidad and Tobago; public education; students; youth; awareness; outreach; Public Education / Outreach; 2025; hosts; Vacation; Internship; Programme; EMA Latest News; press release register; source page; public record,,,EMA Public Page
EMA-PR-2025-045,press_releases,Media Release – BIOREACH launch of Community Wildfire Programme,Biodiversity,Media Release,20,EMA; media release; latest news; public communication; Trinidad and Tobago; biodiversity; ESS; ESA; conservation; wildlife; 2025; BIOREACH; launch; Community; Wildfire; Programme; EMA Latest News; press release register; source page; public record,,,EMA Public Page
EMA-PR-2025-046,press_releases,Media Release – MPEAD SDG Supplement,Governance / Partnerships,Media Release,20,EMA; media release; latest news; public communication; Trinidad and Tobago; governance; partnership; Board of Directors; stakeholder engagement; inter-agency; Governance / Partnerships; 2025; MPEAD; SDG; Supplement; web archive; EMA Latest News; press release register; source page; public record,,,EMA Public Page
EMA-PR-2025-047,press_releases,Media Release – Keeping It Green – Promoting Conscious Carnival Fashion [TTT],Noise,Media Release,20,EMA; media release; latest news; public communication; Trinidad and Tobago; noise pollution; noise variation; Carnival; NPCR; public advisory; Noise; 2025; Keeping; Green; Promoting; Conscious; Fashion; TTT; source page; public record,,,EMA Public Page
EMA-PR-2025-048,press_releases,"Media Release – New Air Quality Monitoring Station Installed in King’s Bay, Tobago",Air Quality,Media Release,20,EMA; media release; latest news; public communication; Trinidad and Tobago; air quality; AAQMN; Saharan dust; particulate matter; public advisory; 2025; Air; Quality; Monitoring; Station; Installed; King; Bay; Tobago; public record,,,EMA Public Page
EMA-PR-2025-050,press_releases,Media Release – The EMA hosts sensitisation session on the Air Pollution Rules,Air Quality,Media Release,20,EMA; media release; latest news; public communication; Trinidad and Tobago; air quality; AAQMN; Saharan dust; particulate matter; public advisory; 2025; hosts; sensitisation; session; Air; Pollution; Rules; press release register; source page; public record,,,EMA Public Page
EMA-PR-2025-049,press_releases,Media Release – The EMA strengthens partnership with the High Commission of Canada,Governance / Partnerships,Media Release,20,EMA; media release; latest news; public communication; Trinidad and Tobago; governance; partnership; Board of Directors; stakeholder engagement; inter-agency; Governance / Partnerships; 2025; strengthens; High; Commission; Canada; EMA Latest News; press release register; source page; public record,,,EMA Public Page
EMA-PR-2025-051,press_releases,Media Release – Sea Turtle Nesting Signs installed at Manzanilla Beach to strengthen conservation efforts,Biodiversity,Media Release,20,EMA; media release; latest news; public communication; Trinidad and Tobago; biodiversity; ESS; ESA; conservation; wildlife; 2025; Sea; Turtle; Nesting; Signs; installed; Manzanilla; Beach; strengthen; efforts,,,EMA Public Page
EMA-PR-2025-052,press_releases,Media Release – Digital Transformation Ministry launches Noise Pollution App with EMA and TTPS,Noise,Media Release,20,EMA; media release; latest news; public communication; Trinidad and Tobago; noise pollution; noise variation; Carnival; NPCR; public advisory; Noise; 2025; Digital; Transformation; Ministry; launches; Pollution; App; TTPS; public record,,,EMA Public Page
EMA-PR-2025-053,press_releases,MEDIA RELEASE – Environmental Management Authority builds capacity in renewable energy in Spain,CEC / Development Review,Media Release,20,EMA; media release; latest news; public communication; Trinidad and Tobago; CEC; environmental clearance; development approvals; EIA; permitting; CEC / Development Review; 2025; builds; capacity; renewable; energy; Spain; press release register; source page; public record,,,EMA Public Page
EMA-PR-2025-054,press_releases,Media Release – Environmental Stalwarts awarded for International Women’s Day in commemoration of EMA’s 30th Anniversary,Awards / Recognition,Media Release,20,EMA; media release; latest news; public communication; Trinidad and Tobago; awards; Green Leaf Awards; recognition; sustainability; private sector; Awards / Recognition; 2025; Stalwarts; awarded; International; Women; Day; commemoration; Anniversary; public record,,,EMA Public Page
EMA-PR-2025-055,press_releases,Media Release – BIOREACH Project Enhances Wildfire Response Capabilities in Trinidad and Tobago,Biodiversity,Media Release,20,EMA; media release; latest news; public communication; Trinidad and Tobago; biodiversity; ESS; ESA; conservation; wildlife; 2025; BIOREACH; Project; Enhances; Wildfire; Response; Capabilities; Trinidad; Tobago; public record,,,EMA Public Page
EMA-PR-2025-056,press_releases,Media Release – Conservation efforts for the critically endangered Trinidad Piping Guan (Pawi),Biodiversity,Media Release,20,EMA; media release; latest news; public communication; Trinidad and Tobago; biodiversity; ESS; ESA; conservation; wildlife; 2025; efforts; critically; endangered; Trinidad; Piping; Guan; Pawi; source page; public record,,,EMA Public Page
EMA-PR-2025-057,press_releases,Media Release – The EMA supports recycling in Tobago,Waste / Circular Economy,Media Release,20,EMA; media release; latest news; public communication; Trinidad and Tobago; waste; recycling; circular economy; clean-up; pollution prevention; Waste / Circular Economy; 2025; supports; Tobago; official update; web archive; EMA Latest News; press release register; source page; public record,,,EMA Public Page
EMA-PR-2024-058,press_releases,MEDIA RELEASE – The EMA’s CEC process in facilitating sustainable development,CEC / Development Review,Media Release,20,EMA; media release; latest news; public communication; Trinidad and Tobago; CEC; environmental clearance; development approvals; EIA; permitting; CEC / Development Review; 2024; process; facilitating; sustainable; development; EMA Latest News; press release register; source page; public record,,,EMA Public Page
EMA-PR-2024-059,press_releases,MEDIA RELEASE – Four national initiatives launched for World Environment Day 2024,Public Education / Outreach,Media Release,20,EMA; media release; latest news; public communication; Trinidad and Tobago; public education; students; youth; awareness; outreach; Public Education / Outreach; 2024; Four; national; initiatives; launched; World; Environment; Day; public record,,,EMA Public Page
EMA-PR-2024-060,press_releases,MEDIA RELEASE – Privy Council upholds the decision of the Court of Appeal in favor of EMA,Governance / Partnerships,Media Release,20,EMA; media release; latest news; public communication; Trinidad and Tobago; governance; partnership; Board of Directors; stakeholder engagement; inter-agency; Governance / Partnerships; 2024; Privy; Council; upholds; decision; Court; Appeal; favor; public record,,,EMA Public Page
EMA-PR-2024-061,press_releases,MEDIA RELEASE – Update on Excavation at Turtle Beach,Biodiversity,Media Release,20,EMA; media release; latest news; public communication; Trinidad and Tobago; biodiversity; ESS; ESA; conservation; wildlife; 2024; Update; Excavation; Turtle; Beach; web archive; EMA Latest News; press release register; source page; public record,,,EMA Public Page
EMA-PR-2024-062,press_releases,MEDIA RELEASE – Excavation at Turtle Beach causing damage to turtle nesting site,Biodiversity,Media Release,20,EMA; media release; latest news; public communication; Trinidad and Tobago; biodiversity; ESS; ESA; conservation; wildlife; 2024; Excavation; Turtle; Beach; causing; damage; nesting; site; source page; public record,,,EMA Public Page
EMA-PR-2024-063,press_releases,MEDIA RELEASE – TTIFC Collaboration,CEC / Development Review,Media Release,20,EMA; media release; latest news; public communication; Trinidad and Tobago; CEC; environmental clearance; development approvals; EIA; permitting; CEC / Development Review; 2024; TTIFC; Collaboration; official update; web archive; EMA Latest News; press release register; source page; public record,,,EMA Public Page
EMA-PR-2024-064,press_releases,MEDIA RELEASE – Turtle Nesting Season,Biodiversity,Media Release,20,EMA; media release; latest news; public communication; Trinidad and Tobago; biodiversity; ESS; ESA; conservation; wildlife; 2024; Turtle; Nesting; Season; official update; web archive; EMA Latest News; press release register; source page; public record,,,EMA Public Page
EMA-PR-2024-065,press_releases,MEDIA RELEASE – The EMA hosts workshop on land degradation,Biodiversity,Media Release,20,EMA; media release; latest news; public communication; Trinidad and Tobago; biodiversity; ESS; ESA; conservation; wildlife; 2024; hosts; workshop; land; degradation; web archive; EMA Latest News; press release register; source page; public record,,,EMA Public Page
EMA-PR-2024-066,press_releases,MEDIA RELEASE – Air Quality now at Unhealthy Levels at the Port of Spain Monitoring Station,Air Quality,Media Release,20,EMA; media release; latest news; public communication; Trinidad and Tobago; air quality; AAQMN; Saharan dust; particulate matter; public advisory; 2024; Air; Quality; now; Unhealthy; Levels; Port; Spain; Monitoring; Station,,,EMA Public Page
EMA-PR-2024-067,press_releases,MEDIA RELEASE – Air Quality at Unhealthy Levels,Air Quality,Media Release,20,EMA; media release; latest news; public communication; Trinidad and Tobago; air quality; AAQMN; Saharan dust; particulate matter; public advisory; 2024; Air; Quality; Unhealthy; Levels; web archive; EMA Latest News; press release register; source page; public record,,,EMA Public Page
EMA-PR-2024-068,press_releases,MEDIA RELEASE – National Sea Turtle Task Force MP&D,Biodiversity,Media Release,20,EMA; media release; latest news; public communication; Trinidad and Tobago; biodiversity; ESS; ESA; conservation; wildlife; 2024; National; Sea; Turtle; Task; Force; MPandD; press release register; source page; public record,,,EMA Public Page
EMA-PR-2024-069,press_releases,MEDIA RELEASE – Integrated Wildfire Management Training,Biodiversity,Media Release,20,EMA; media release; latest news; public communication; Trinidad and Tobago; biodiversity; ESS; ESA; conservation; wildlife; 2024; Integrated; Wildfire; Training; official update; web archive; EMA Latest News; press release register; source page; public record,,,EMA Public Page
EMA-PR-2023-070,press_releases,"MEDIA RELEASE – The EMA hosts Environmental Officers’ End-of-Year Meeting, 2023",Governance / Partnerships,Media Release,20,EMA; media release; latest news; public communication; Trinidad and Tobago; governance; partnership; Board of Directors; stakeholder engagement; inter-agency; Governance / Partnerships; 2023; hosts; Officers; End-of-Year; Meeting; EMA Latest News; press release register; source page; public record,,,EMA Public Page
EMA-PR-2023-071,press_releases,MEDIA RELEASE – The EMA supports recycling in Tobago,Waste / Circular Economy,Media Release,20,EMA; media release; latest news; public communication; Trinidad and Tobago; waste; recycling; circular economy; clean-up; pollution prevention; Waste / Circular Economy; 2023; supports; Tobago; official update; web archive; EMA Latest News; press release register; source page; public record,,,EMA Public Page
EMA-PR-2023-072,press_releases,MEDIA RELEASE – Officers from the Agricultural Development Bank benefit from EMA training on the CEC process,CEC / Development Review,Media Release,20,EMA; media release; latest news; public communication; Trinidad and Tobago; CEC; environmental clearance; development approvals; EIA; permitting; CEC / Development Review; 2023; Officers; Agricultural; Development; Bank; benefit; training; process; public record,,,EMA Public Page
EMA-PR-2023-073,press_releases,MEDIA RELEASE – Installation of iCARE recycling bins at The Office of the President,Waste / Circular Economy,Media Release,20,EMA; media release; latest news; public communication; Trinidad and Tobago; waste; recycling; circular economy; clean-up; pollution prevention; Waste / Circular Economy; 2023; Installation; iCARE; bins; Office; President; press release register; source page; public record,,,EMA Public Page
EMA-PR-2023-074,press_releases,MEDIA RELEASE – Expansion of Trinidad & Tobago’s Ambient Air Quality Monitoring Network,Air Quality,Media Release,20,EMA; media release; latest news; public communication; Trinidad and Tobago; air quality; AAQMN; Saharan dust; particulate matter; public advisory; 2023; Expansion; Trinidad; Tobago; Ambient; Air; Quality; Monitoring; Network; public record,,,EMA Public Page
EMA-PR-2022-075,press_releases,"MEDIA RELEASE – The Environmental Management Authority (EMA) hosts Environmental Officers’ End-of-Year Meeting, 2022",Governance / Partnerships,Media Release,20,EMA; media release; latest news; public communication; Trinidad and Tobago; governance; partnership; Board of Directors; stakeholder engagement; inter-agency; Governance / Partnerships; 2022; hosts; Officers; End-of-Year; Meeting; EMA Latest News; press release register; source page; public record,,,EMA Public Page
EMA-PR-2022-076,press_releases,JOINT AGENCY MEDIA RELEASE – Spill incident at entrance to Caroni Swamp UPDATE,Biodiversity,Joint Agency Media Release,20,EMA; media release; latest news; public communication; Trinidad and Tobago; biodiversity; ESS; ESA; conservation; wildlife; Joint Agency Media Release; 2022; Spill; incident; entrance; Caroni; Swamp; UPDATE; source page; public record,,,EMA Public Page
EMA-PR-2022-077,press_releases,JOINT AGENCY MEDIA RELEASE – Spill incident at entrance to Caroni Swamp UPDATE,Biodiversity,Joint Agency Media Release,20,EMA; media release; latest news; public communication; Trinidad and Tobago; biodiversity; ESS; ESA; conservation; wildlife; Joint Agency Media Release; 2022; Spill; incident; entrance; Caroni; Swamp; UPDATE; source page; public record,,,EMA Public Page
EMA-PR-2022-078,press_releases,JOINT AGENCY MEDIA RELEASE – Spill incident at entrance to Caroni Swamp,Biodiversity,Joint Agency Media Release,20,EMA; media release; latest news; public communication; Trinidad and Tobago; biodiversity; ESS; ESA; conservation; wildlife; Joint Agency Media Release; 2022; Spill; incident; entrance; Caroni; Swamp; press release register; source page; public record,,,EMA Public Page
EMA-PR-2021-079,press_releases,DATA COLLECTION DURING 2021 SEA TURTLE NESTING SEASON CRITICAL TO NATIONAL CONSERVATION STRATEGY,Biodiversity,Release-style News Item,20,EMA; media release; latest news; public communication; Trinidad and Tobago; biodiversity; ESS; ESA; conservation; wildlife; Release-style News Item; 2021; DATA; COLLECTION; DURING; SEA; TURTLE; NESTING; SEASON; CRITICAL,,,EMA Public Page
EXT-ENV-0001,external_references,National Forest Policy,Forests / Biodiversity / Watersheds,National Policy,8,forest; forestry; watershed; biodiversity; ecosystem services; land use; protected areas; environmental policy,,Government of the Republic of Trinidad and Tobago / Forestry Division,Official Government source
EXT-ENV-0002,external_references,National Protected Areas Policy,Protected Areas / Biodiversity,National Policy,6,protected areas; biodiversity; natural heritage; conservation; ESA; land management,,Government of the Republic of Trinidad and Tobago / Forestry Division,Official Government source
EXT-ENV-0003,external_references,National Policy and Programmes on Wetland Conservation for Trinidad and Tobago,Wetlands / Coastal / Biodiversity,National Policy,7,wetlands; Ramsar; Caroni Swamp; Nariva Swamp; biodiversity; coastal; habitat,,Government of the Republic of Trinidad and Tobago,Official Government source
EXT-ENV-0004,external_references,National Spatial Development Strategy for Trinidad and Tobago: Core Strategy and Regional Guidance,Spatial Planning / Land Use / Cross-cutting,National Strategy,11,spatial planning; land use; water quality; coastal; air quality; minerals; energy; hazards; waste; CEC; EIA,,Government of the Republic of Trinidad and Tobago / Ministry responsible for spatial planning,Official Government source
EXT-ENV-0005,external_references,"Strategy for Reduction of Carbon Emissions in Trinidad and Tobago, 2040",Climate Change / Energy / Transport / Industry,National Strategy,8,climate change; GHG; carbon emissions; energy; transport; industry; mitigation; NDC,,Government of the Republic of Trinidad and Tobago,Official Government source
EXT-ENV-0006,external_references,Framework for the Development of a Renewable Energy Policy for Trinidad and Tobago,Energy / Climate Change,Policy Framework,7,renewable energy; solar; wind; energy policy; climate change; emissions; electricity,,Government of the Republic of Trinidad and Tobago / Ministry of Energy,Official Government source
EXT-ENV-0007,external_references,National Development Policy Framework Trinidad and Tobago,National Development / Cross-cutting,National Policy Framework,7,national development; policy framework; sustainable development; planning; environment; climate; economic development,,"Government of the Republic of Trinidad and Tobago / Ministry of Planning, Economic Affairs & Development",Official Government source
EXT-ENV-0008,external_references,National Climate Change Policy,Climate Change / Cross-cutting,National Policy,8,climate change; adaptation; mitigation; resilience; GHG; policy; UNFCCC; planning,,Government of the Republic of Trinidad and Tobago,Government policy / official secondary repository
EXT-ENV-0009,external_references,National Environmental Policy of Trinidad and Tobago 2018,Environmental Governance / Cross-cutting,National Policy,9,national environmental policy; NEP; pollution; biodiversity; waste; water; air; climate; governance,,Government of the Republic of Trinidad and Tobago / Ministry responsible for the environment,Official Government source
EXT-ENV-0010,external_references,National Wildlife Policy 2013,Biodiversity / Wildlife,National Policy,7,wildlife; species; habitat; biodiversity; game species; threatened species; conservation,,Government of the Republic of Trinidad and Tobago / Forestry and biodiversity authorities,Official Government source
EXT-ENV-0011,external_references,National Biodiversity Strategy and Action Plan 2017–2022,Biodiversity / Ecosystems,National Strategy / Action Plan,7,NBSAP; biodiversity; protected areas; invasive species; habitats; ecosystem services; Aichi Targets,,Government of the Republic of Trinidad and Tobago,Government strategy / official international repository
EXT-ENV-0012,external_references,National Integrated Water Resources Management Policy,Water Resources / Watersheds,National Policy,7,water resources; IWRM; watershed; groundwater; water quality; abstraction; wastewater,,Government of the Republic of Trinidad and Tobago / Ministry of Public Utilities,Official Government source
EXT-ENV-0013,external_references,Integrated Coastal Zone Management Policy Framework,Coastal / Marine / Climate Adaptation,National Policy Framework,7,ICZM; coastal zone; marine; coastal hazards; shoreline; marine spatial planning; climate adaptation,,Government of the Republic of Trinidad and Tobago / Ministry of Planning,Official Government source
EXT-ENV-0014,external_references,Green Government Policy,Resource Efficiency / Pollution Prevention,Government Operations Policy,6,green government; energy efficiency; water conservation; waste reduction; public sector; procurement,,Government of the Republic of Trinidad and Tobago,Official Government source
EXT-ENV-0015,external_references,White Paper on National Minerals Policy 2015,Minerals / Quarrying / Land,White Paper / National Policy,7,minerals; quarrying; mining; aggregate; rehabilitation; land degradation; CEC,,Government of the Republic of Trinidad and Tobago / Ministry of Energy,Official Government source
EXT-ENV-0016,external_references,National Integrated Solid Waste/Resource Management Policy 2024,Waste / Circular Economy,National Policy,7,solid waste; municipal waste; circular economy; landfill; recycling; resource recovery; waste data,,Government of the Republic of Trinidad and Tobago / Ministry of Public Utilities,Official Government source
EXT-ENV-0017,external_references,National Recycling Policy for Trinidad and Tobago 2024,Waste / Recycling / Circular Economy,National Policy,7,recycling; circular economy; EPR; waste diversion; materials recovery; plastics; WEEE,,Government of the Republic of Trinidad and Tobago / Ministry of Public Utilities,Official Government source
EXT-ENV-0018,external_references,Beverage Containers Deposit Return Policy for Trinidad and Tobago 2024,Waste / Plastics / Recycling,National Policy,7,beverage containers; deposit return; plastics; packaging; recycling; litter; EPR,,Government of the Republic of Trinidad and Tobago / Ministry of Public Utilities,Official Government source
EXT-ENV-0019,external_references,National Oil Spill Contingency Plan 2013,Oil & Gas / Marine Pollution / Emergency Response,National Contingency Plan,7,oil spill; NOSCP; offshore; marine pollution; emergency response; hydrocarbon; spill response,,Government of the Republic of Trinidad and Tobago / Ministry of Energy and Energy Industries,Official Government source
EXT-ENV-0020,external_references,Draft National Sargassum Management Policy of Trinidad and Tobago,Coastal / Marine / Sargassum,Draft national policy / public consultation,9,sargassum; coastal management; marine environment; monitoring; response; valorisation; public health; Trinidad and Tobago; Coastal / Marine / Sargassum,,Government of the Republic of Trinidad and Tobago / National Sargassum Task Force,Official Government draft / public consultation
EXT-ENV-0021,external_references,National Climate Change Policy of Trinidad and Tobago — June 2025,Climate Change / Mitigation / Adaptation,National Policy,10,climate change; mitigation; adaptation; resilience; greenhouse gas; finance; transparency; just transition; Trinidad and Tobago; Climate Change / Mitigation / Adaptation,,"Government of the Republic of Trinidad and Tobago / Ministry of Planning, Economic Affairs and Development",Official Government source
EXT-ENV-0022,external_references,National Cooling Strategy of Trinidad and Tobago,Climate Change / Cooling / Energy Efficiency,National Strategy,9,cooling; refrigeration; refrigerants; HFC; Kigali Amendment; energy efficiency; climate change; Trinidad and Tobago; Climate Change / Cooling / Energy Efficiency,,Government of the Republic of Trinidad and Tobago,Official Government source
EXT-ENV-0023,external_references,Project Screening Proposal — Document Guide 2026,Development Planning / Project Screening,Project appraisal guide,8,project screening; project appraisal; capital projects; PSIP; implementation readiness; development planning; Trinidad and Tobago; Development Planning / Project Screening,,"Ministry of Planning, Economic Affairs and Development",Official Government source
EXT-ENV-0024,external_references,The Roadmap for a Green Hydrogen Economy in Trinidad and Tobago,Climate Change / Energy Transition / Green Hydrogen,Roadmap / technical strategy,8,green hydrogen; renewable energy; energy transition; decarbonisation; industrial development; investment; Trinidad and Tobago; Climate Change / Energy Transition / Green Hydrogen,,Government / IDB / National Energy partners,Official Government source
EXT-ENV-0025,external_references,ESA/ESMP — New Water Treatment Plant at Matura,Water / Environmental & Social Assessment,Preliminary environmental and social assessment / management plan,9,ESA; ESMP; water treatment; Matura; biodiversity; community; risk management; Trinidad and Tobago; Water / Environmental & Social Assessment,,Ministry of Public Utilities,Official Government preliminary project document
EXT-ENV-0026,external_references,ESA/ESMP — New Water Treatment Plant at Hillsborough,Water / Environmental & Social Assessment,Preliminary environmental and social assessment / management plan,10,ESA; ESMP; water treatment; Hillsborough; Tobago; biodiversity; hazardous materials; disaster risk; Trinidad and Tobago; Water / Environmental & Social Assessment,,Ministry of Public Utilities,Official Government preliminary project document
EXT-ENV-0027,external_references,ESA/ESMP — St. Margarets Pipeline,Water / Pipeline Infrastructure / Environmental & Social Assessment,Preliminary environmental and social assessment / management plan,7,ESA; ESMP; pipeline; water infrastructure; St Margarets; Trinidad and Tobago; Water / Pipeline Infrastructure / Environmental & Social Assessment,,Ministry of Public Utilities,Official Government preliminary project document
EXT-ENV-0028,external_references,"ESA/ESMP — Desalination Plant, Mayaro",Water / Coastal & Marine / Environmental & Social Assessment,Preliminary environmental and social assessment / management plan,10,ESA; ESMP; desalination; Mayaro; coastal; marine; discharge; energy; Trinidad and Tobago; Water / Coastal & Marine / Environmental & Social Assessment,,Ministry of Public Utilities,Official Government preliminary project document
EXT-ENV-0029,external_references,ESA/ESMP — Acono and Siparia Refurbished Water Treatment Plants,Water / Environmental & Social Assessment,Preliminary environmental and social assessment / management plan,8,ESA; ESMP; water treatment; Acono; Siparia; refurbishment; Trinidad and Tobago; Water / Environmental & Social Assessment,,Ministry of Public Utilities,Official Government preliminary project document
EXT-ENV-0030,external_references,National Water and Wastewater Sector Transformation Achievements 2020–2024,Water / Wastewater / Infrastructure,Programme booklet,8,water; wastewater; infrastructure; sector transformation; WASA; water security; Trinidad and Tobago; Water / Wastewater / Infrastructure,,Ministry of Public Utilities,Official Government source
EXT-ENV-0031,external_references,Environmental and Social Management Plan — Trinidad and Tobago National Water Sector Transformation Program,Water / Wastewater / Environmental & Social Management,Environmental and Social Management Plan,7,ESMP; water; wastewater; environmental social management; water sector transformation; Trinidad and Tobago; Water / Wastewater / Environmental & Social Management,,Ministry of Public Utilities,Official Government source
EXT-ENV-0032,external_references,Guidebook on Sustainable Environmental Practices for Marinas and Boatyards,Coastal / Marine / Pollution Prevention,Guidebook,10,marina; boatyard; stormwater; marine pollution; wastewater; spills; waste; coastal; Trinidad and Tobago; Coastal / Marine / Pollution Prevention,,Ministry responsible for Trade / national partners,Official Government source
EXT-ENV-0033,external_references,Scrap Metal Policy for Trinidad and Tobago,Waste / Materials / Industry,National Policy,11,scrap metal; recycling; materials; licensing; industry; waste; EMA; Trinidad and Tobago; Waste / Materials / Industry; Scrap Metal Policy 2013; policy history,,Government of the Republic of Trinidad and Tobago / Ministry responsible for Trade,Official Government source
EXT-ENV-0034,external_references,Draft Policy on Local Government Reform,Municipal Environmental Governance / Waste / Drainage,Draft policy,8,local government; municipal corporations; waste resource management; drainage; sanitation; regional planning; Trinidad and Tobago; Municipal Environmental Governance / Waste / Drainage,,Ministry of Rural Development and Local Government,Official Government draft policy source
EXT-ENV-0035,external_references,Review of the Dry Season Plan Requirements for WASA,Water Resources / Drought / Utility Planning,Consultative document,9,WASA; dry season; drought; water resources; preparedness; water supply; RIC; Trinidad and Tobago; Water Resources / Drought / Utility Planning,,Regulated Industries Commission,Official Government source
EXT-ENV-0036,external_references,Revised Dry Season Plan Requirements for WASA — Final Decision,Water Resources / Drought / Utility Planning,Regulatory final decision document,8,WASA; dry season; drought; water resources; final decision; RIC; Trinidad and Tobago; Water Resources / Drought / Utility Planning,,Regulated Industries Commission,Official Government source
EXT-ENV-0037,external_references,Strategies and Policy Guidelines for the Efficient Use of Water in Trinidad and Tobago,Water Conservation / Demand Management,Consultative document / policy guidance,7,water efficiency; water conservation; demand management; WASA; RIC; Trinidad and Tobago; Water Conservation / Demand Management,,Regulated Industries Commission,Official RIC consultation landing page
EXT-ENV-0038,external_references,Social Policy & Strategy for the Water & Wastewater Sectors,Water / Wastewater / Social Policy,Consultative document,8,water; wastewater; social policy; affordability; utility regulation; RIC; Trinidad and Tobago; Water / Wastewater / Social Policy,,Regulated Industries Commission,Official RIC consultation landing page
EXT-ENV-0039,external_references,MEEI Requirements for Pipeline Hydrotest Discharge Permit,Water Pollution / Energy Infrastructure,Technical requirement / guideline listing,8,pipeline; hydrotest; discharge; water pollution; energy infrastructure; permit; Trinidad and Tobago; Water Pollution / Energy Infrastructure,,Ministry of Energy and Energy Industries,Official Ministry guideline listing
EXT-ENV-0040,external_references,MEEI Guidelines for Abandoning Wells,Oil & Gas / Well Abandonment / Pollution Prevention,Technical guideline listing,7,well abandonment; petroleum; oil and gas; decommissioning; pollution prevention; Trinidad and Tobago; Oil & Gas / Well Abandonment / Pollution Prevention,,Ministry of Energy and Energy Industries,Official Ministry guideline listing
EXT-ENV-0041,external_references,Decommissioning and Abandonment Guidelines for Energy Sector Assets,Oil & Gas / Decommissioning,Technical guideline listing,8,decommissioning; abandonment; energy assets; offshore; oil and gas; infrastructure; Trinidad and Tobago; Oil & Gas / Decommissioning,,Ministry of Energy and Energy Industries,Official Ministry guideline listing
EXT-ENV-0042,external_references,"MEEI Mining Licence Application Templates — Mine Design, Rehabilitation and Health & Safety Plans",Quarrying / Mining / Land Rehabilitation,Technical templates / guideline listing,8,mining; quarrying; mining licence; rehabilitation plan; mine design; land rehabilitation; Trinidad and Tobago; Quarrying / Mining / Land Rehabilitation,,Ministry of Energy and Energy Industries,Official Ministry guideline listing
EXT-ENV-0043,external_references,Procedure for Approval of Oilfield and Industrial Chemicals,Chemicals / Oil & Gas / Pollution Prevention,Technical procedure / guideline listing,7,oilfield chemicals; industrial chemicals; petroleum; chemical approval; hazardous substances; Trinidad and Tobago; Chemicals / Oil & Gas / Pollution Prevention,,Ministry of Energy and Energy Industries,Official Ministry guideline listing
EXT-ENV-0044,external_references,Guidelines for Approval of a CO2 Injection Project,Climate / Carbon Management / Energy,Technical guideline listing,8,CO2 injection; carbon dioxide; carbon management; oil and gas; energy; climate; Trinidad and Tobago; Climate / Carbon Management / Energy,,Ministry of Energy and Energy Industries,Official Ministry guideline listing
EXT-ENV-0045,external_references,Guidelines for Approval of Waterflood and Water Alternating Gas (WAG) Projects,Oil & Gas / Water / Subsurface Operations,Technical guideline listing,8,waterflood; WAG; water alternating gas; oil and gas; subsurface; injection; Trinidad and Tobago; Oil & Gas / Water / Subsurface Operations,,Ministry of Energy and Energy Industries,Official Ministry guideline listing
EXT-ENV-0046,external_references,Draft Quality of Service Standards for Water and Wastewater Services,Water / Wastewater / Service Standards,Consultation Document,7,water; wastewater; quality of service; service standards; consultation; RIC; Trinidad and Tobago,,Regulated Industries Commission,Official public agency source
EXT-ENV-0047,external_references,Incentive Mechanisms for Managing Transmission & Distribution Losses,Energy / Electricity / System Losses,Consultation Document,8,electricity; transmission; distribution; system losses; energy efficiency; consultation; RIC; Trinidad and Tobago,,Regulated Industries Commission,Official public agency source
EXT-ENV-0048,external_references,Promoting Energy Efficiency,Energy / Energy Efficiency,Consultative Document,7,energy efficiency; energy conservation; electricity; utility; consultation; RIC; Trinidad and Tobago,,Regulated Industries Commission,Official public agency source
NAT-SWMCOL-001,external_references,Trinidad Waste Characterisation Study – Final Report,"Waste, Chemicals & Circular Economy",Technical / Research Report,5,waste characterisation; plastics; municipal solid waste; recycling; SWMCOL,Government / National Source,Trinidad and Tobago Solid Waste Management Company Limited (SWMCOL),Verified public source
GOV-MEEI-0001,external_references,Applications for Mining and Processing Licences,"Industry, Extractives & Quarrying",Publication archive record,6,mining; processing licence; quarrying; minerals; licensing; Trinidad and Tobago,National government agency,Ministry of Energy and Energy Industries,Official government / public authority source
GOV-MEEI-0002,external_references,Energy Guidelines Index,"Industry, Extractives & Quarrying",Guideline index,6,energy guidelines; petroleum; mining; pipeline; technical guidance; Trinidad and Tobago,National government agency,Ministry of Energy and Energy Industries,Official government / public authority source
GOV-MEEI-0003,external_references,GD01 Facility Verification Scheme – Technical Guidance,"Industry, Extractives & Quarrying",Technical guidance,5,facility integrity; verification; oil and gas; accident prevention; Trinidad and Tobago,National government agency,Ministry of Energy and Energy Industries,Official government / public authority source
GOV-MEEI-0004,external_references,Guidelines for Development Plans,"Industry, Extractives & Quarrying",Technical guidance,5,development plans; petroleum; oil and gas; project lifecycle; Trinidad and Tobago,National government agency,Ministry of Energy and Energy Industries,Official government / public authority source
GOV-MEEI-0005,external_references,Guidelines for Steam Injection Projects,"Industry, Extractives & Quarrying",Technical guidance,6,steam injection; enhanced recovery; emissions; water demand; subsurface; Trinidad and Tobago,National government agency,Ministry of Energy and Energy Industries,Official government / public authority source
GOV-MEEI-0006,external_references,"Licensed Mining Operations as at May 22, 2026","Industry, Extractives & Quarrying",Publication archive record,5,licensed mining; quarrying; mineral operations; 2026; Trinidad and Tobago,National government agency,Ministry of Energy and Energy Industries,Official government / public authority source
GOV-MEEI-0007,external_references,Mining Licence Guidelines and Flowcharts,"Industry, Extractives & Quarrying",Technical guidance,5,mining licence; flowchart; quarrying; land management; Trinidad and Tobago,National government agency,Ministry of Energy and Energy Industries,Official government / public authority source
GOV-MEEI-0008,external_references,Petroleum Road Tanker Transport Guidance,"Industry, Extractives & Quarrying",Technical guidance,5,petroleum transport; road tanker; spill prevention; hazardous materials; Trinidad and Tobago,National government agency,Ministry of Energy and Energy Industries,Official government / public authority source
GOV-MEEI-0009,external_references,Pipeline Licence Checklist,"Industry, Extractives & Quarrying",Checklist,5,pipeline; licence; checklist; siting; Trinidad and Tobago,National government agency,Ministry of Energy and Energy Industries,Official government / public authority source
GOV-MEEI-0010,external_references,Pipeline Licence – Applying for a Pipeline Licence,"Industry, Extractives & Quarrying",Technical guidance,5,pipeline; licence; construction; spill risk; Trinidad and Tobago,National government agency,Ministry of Energy and Energy Industries,Official government / public authority source
GOV-MEEI-0011,external_references,Pipeline Technical Requirements,"Industry, Extractives & Quarrying",Technical guidance,5,pipeline; technical requirements; infrastructure; risk; Trinidad and Tobago,National government agency,Ministry of Energy and Energy Industries,Official government / public authority source
GOV-MEEI-0012,external_references,Processing Licence Guidelines and Flowcharts,"Industry, Extractives & Quarrying",Technical guidance,6,mineral processing; processing licence; air pollution; water pollution; waste; Trinidad and Tobago,National government agency,Ministry of Energy and Energy Industries,Official government / public authority source
GOV-MEEI-0013,external_references,Rig Code / Drilling Guidance,"Industry, Extractives & Quarrying",Technical guidance,6,drilling; rig code; spills; emissions; site disturbance; Trinidad and Tobago,National government agency,Ministry of Energy and Energy Industries,Official government / public authority source
GOV-MEEI-0014,external_references,"The Petroleum Act, Chap. 62:01","Environmental Governance, Law & Policy",Legislation / publication record,5,Petroleum Act; petroleum law; oil and gas; regulatory framework; Trinidad and Tobago,National government agency,Ministry of Energy and Energy Industries,Official government / public authority source
GOV-MPU-0001,external_references,National Water Sector Transformation – Environmental and Social Public Consultation,Water & Watersheds,Consultation / source gateway,6,water sector transformation; public consultation; ESA; ESMP; ESMF; Trinidad and Tobago,National government agency,Ministry of Public Utilities,Official government / public authority source
GOV-MPU-0002,external_references,Environmental and Social Management Framework – National Water Sector Transformation Programme,Water & Watersheds,Environmental and Social Management Framework,5,ESMF; water sector transformation; environmental social management; IDB; Trinidad and Tobago,National government agency,Ministry of Public Utilities,Official government / public authority source
GOV-MPU-0003,external_references,Curbside Recycling Programme,"Waste, Chemicals & Circular Economy",Programme page,4,curbside recycling; recycling; waste diversion; Trinidad and Tobago,National government agency,Ministry of Public Utilities,Official government / public authority source
GOV-MPU-0004,external_references,Public Sector Recycling Programme,"Waste, Chemicals & Circular Economy",Programme page,4,public sector recycling; recycling; waste diversion; Trinidad and Tobago,National government agency,Ministry of Public Utilities,Official government / public authority source
GOV-MPU-0005,external_references,Trinidad and Tobago Meteorological Services – MPU service page,Climate Change & Resilience,Service gateway,5,meteorological services; weather; climate; hazard monitoring; Trinidad and Tobago,National government agency,Ministry of Public Utilities,Official government / public authority source
GOV-MTIT-0001,external_references,Trade Policies Archive,"Environmental Governance, Law & Policy",Policy index,5,trade policy; green industry; environment; policy archive; Trinidad and Tobago,National government agency,"Ministry of Trade, Investment and Tourism",Official government / public authority source
GOV-MTIT-0002,external_references,Trade Policy and Strategy for Trinidad and Tobago,"Environmental Governance, Law & Policy",Policy / strategy,6,trade policy; environmental externalities; air pollution; hazardous waste; environmental agreements; Trinidad and Tobago,National government agency,"Ministry of Trade, Investment and Tourism",Official government / public authority source
GOV-RDLG-0001,external_references,RDLG Local Government Reform Index,"Environmental Governance, Law & Policy",Policy / consultation index,4,local government reform; municipal corporations; environmental governance; Trinidad and Tobago,National government agency,Ministry of Rural Development and Local Government,Official government / public authority source
GOV-RDLG-0002,external_references,Third Session Twelfth Parliament Republic of Trinidad and Tobago Act No.4 of 2023,"Environmental Governance, Law & Policy",Legislation,7,local government; legislation; municipal corporations; waste; drainage; sanitation; Trinidad and Tobago,National government agency,Ministry of Rural Development and Local Government,Official government / public authority source
GOV-RDLG-0003,external_references,Bushfire Conference 2026,Climate Change & Resilience,Programme / event gateway,6,bushfire; wildfire; air quality; land management; disaster risk; Trinidad and Tobago,National government agency,Ministry of Rural Development and Local Government,Official government / public authority source
GOV-RDLG-0004,external_references,Disaster Management,Climate Change & Resilience,Programme / service gateway,6,disaster management; flood; storm; bushfire; emergency response; Trinidad and Tobago,National government agency,Ministry of Rural Development and Local Government,Official government / public authority source
GOV-RDLG-0005,external_references,Municipal Corporations Act Chapter,"Environmental Governance, Law & Policy",Legislation,6,Municipal Corporations Act; municipal services; sanitation; waste; drainage; Trinidad and Tobago,National government agency,Ministry of Rural Development and Local Government,Official government / public authority source
GOV-RDLG-0006,external_references,National Latrine Eradication Programme,Water & Watersheds,Programme page,6,latrine eradication; sanitation; wastewater; water quality; public health; Trinidad and Tobago,National government agency,Ministry of Rural Development and Local Government,Official government / public authority source
IMA-EXT-0001,external_references,Benthic Composition of Coral Reefs of Tobago 2010–2019,Coastal & Marine,Scientific report,5,coral reefs; Tobago; benthic composition; reef monitoring; Trinidad and Tobago,Institute of Marine Affairs,Institute of Marine Affairs,Official government / public authority source
IMA-EXT-0002,external_references,Ecological Assessment of the Marine Invasive Alien Species Perna viridis in Trinidad and Tobago,Coastal & Marine,Scientific assessment,5,Perna viridis; invasive species; marine ecology; green mussel; Trinidad and Tobago,Institute of Marine Affairs,Institute of Marine Affairs,Official government / public authority source
IMA-EXT-0003,external_references,"Macrobenthic Baseline Survey of the Port of Point Galeota, Southeast Trinidad",Coastal & Marine,Baseline survey,5,Point Galeota; macrobenthos; baseline survey; marine ecology; Trinidad and Tobago,Institute of Marine Affairs,Institute of Marine Affairs,Official government / public authority source
IMA-EXT-0004,external_references,Rehabilitation and Restoration Guide for Coral Reefs and Seagrass in Tobago,Coastal & Marine,Restoration guide,5,coral restoration; seagrass; Tobago; ecosystem restoration; Trinidad and Tobago,Institute of Marine Affairs,Institute of Marine Affairs,Official government / public authority source
IMA-EXT-0005,external_references,State of the Marine Environment Trinidad and Tobago 2016,Coastal & Marine,State of environment report,4,state of marine environment; marine environment; Trinidad and Tobago; coastal,Institute of Marine Affairs,Institute of Marine Affairs,Official government / public authority source
IMA-EXT-0006,external_references,State of the Marine Environment Trinidad and Tobago 2018,Coastal & Marine,State of environment report,4,state of marine environment; marine environment; Trinidad and Tobago; coastal,Institute of Marine Affairs,Institute of Marine Affairs,Official government / public authority source
IMA-EXT-0007,external_references,Status of Coral Reefs of Tobago 2020,Coastal & Marine,Scientific report,5,coral reefs; Tobago; reef status; marine monitoring; Trinidad and Tobago,Institute of Marine Affairs,Institute of Marine Affairs,Official government / public authority source
IMA-EXT-0008,external_references,Updated Public Statement of the Institute of Marine Affairs 2020,"Environmental Governance, Law & Policy",FOIA public statement,5,FOIA; public statement; IMA; institutional records; Trinidad and Tobago,Institute of Marine Affairs,Institute of Marine Affairs,Official government / public authority source
IMA-EXT-0009,external_references,IMA Annual Report 2019–2020,Corporate & Institutional Management,Annual report,4,IMA annual report; marine research; institutional performance; Trinidad and Tobago,Institute of Marine Affairs,Institute of Marine Affairs,Official government / public authority source
IMA-EXT-0010,external_references,IMA Annual Report 2020–2021,Corporate & Institutional Management,Annual report,4,IMA annual report; marine research; institutional performance; Trinidad and Tobago,Institute of Marine Affairs,Institute of Marine Affairs,Official government / public authority source
EXT-ENV-0049,external_references,National Protected Area Systems Plan for Trinidad and Tobago,"Biodiversity, Ecosystems & Protected Areas",National plan,5,protected areas; protected area system; biodiversity; management planning; Trinidad and Tobago,National / international repository,Government of Trinidad and Tobago / GEF,Official government / public authority source
MSDFS-001,external_references,National Social Mitigation Plan 2017–2022,Climate Change & Resilience,Policy / plan,4,Social resilience; vulnerability; shocks; Trinidad and Tobago,Social development / resilience,Ministry of Social Development and Family Services,Official government / public authority source
MSDFS-002,external_references,Planning for Emergency – CDEMA/UNICEF,Climate Change & Resilience,Emergency preparedness guide,4,Emergency preparedness; children; disaster risk; Trinidad and Tobago,Social development / resilience,Ministry of Social Development and Family Services,Official government / public authority source
MSDFS-003,external_references,Dirty Water – Flood Safety Guidance,Climate Change & Resilience,Public information banner,4,Flood safety; water; environmental health; Trinidad and Tobago,Social development / resilience,Ministry of Social Development and Family Services,Official government / public authority source
MSDFS-004,external_references,Guide for Social Services – Part 1 (2023),Climate Change & Resilience,Programme/service guide,5,Disaster relief; housing; sanitation; psychosocial support; Trinidad and Tobago,Social development / resilience,Ministry of Social Development and Family Services,Official government / public authority source
MSDFS-005,external_references,UPDATE 2 on Flood Relief Efforts,Climate Change & Resilience,Media release / incident response,3,Flood impacts; disaster relief; Trinidad and Tobago,Social development / resilience,Ministry of Social Development and Family Services,Official government / public authority source
MSDFS-006,external_references,Social Sector Investment Programme 2023,Climate Change & Resilience,Annual programme report,4,Vulnerability register; shock-responsive social protection; climate; Trinidad and Tobago,Social development / resilience,Government of Trinidad and Tobago,Official government / public authority source
MSDFS-007,external_references,Social Sector Investment Programme 2024,Climate Change & Resilience,Annual programme report,4,Disaster relief; climate-vulnerable communities; vulnerability; Trinidad and Tobago,Social development / resilience,Government of Trinidad and Tobago,Official government / public authority source
MSDFS-008,external_references,Social Sector Investment Programme 2025,"Environmental Governance, Law & Policy",Annual programme report,5,Poverty; vulnerability; living conditions; social protection; Trinidad and Tobago,Social development / resilience,Government of Trinidad and Tobago / Ministry of Finance,Official government / public authority source
MSDFS-009,external_references,Social Sector Investment Programme 2026,Climate Change & Resilience,Annual programme report,5,Shock-responsive protection; disaster risk; resilience; social registry; Trinidad and Tobago,Social development / resilience,Government of Trinidad and Tobago / Ministry of Finance,Official government / public authority source
MSDFS-010,external_references,Disaster Relief,Climate Change & Resilience,Programme landing page,2,Disaster relief; Trinidad and Tobago,Social development / resilience,"Ministry of the People, Social Development and Family Services",Official government / public authority source
MSDFS-011,external_references,General Assistance Grants,Climate Change & Resilience,Programme page,3,Emergency support; disaster victims; Trinidad and Tobago,Social development / resilience,"Ministry of the People, Social Development and Family Services",Official government / public authority source
MSDFS-012,external_references,National Social Development Programme (NSDP),Climate Change & Resilience,Programme page,5,Minor house repair; sanitary plumbing; house wiring; disaster recovery; Trinidad and Tobago,Social development / resilience,"Ministry of the People, Social Development and Family Services",Official government / public authority source
MSDFS-013,external_references,MSDFS Flood Relief Application,Climate Change & Resilience,Service/application page,2,Flood relief; Trinidad and Tobago,Social development / resilience,"Ministry of the People, Social Development and Family Services",Official government / public authority source
MSDFS-014,external_references,Disaster Relief and Home Repairs Grant Distribution – Chaguanas and Couva/Tabaquite/Talparo,Climate Change & Resilience,Speech / geographic impact record,4,Disaster relief; home repair; regional impacts; Trinidad and Tobago,Social development / resilience,"Ministry of the People, Social Development and Family Services",Official government / public authority source
MSDFS-015,external_references,Disaster Relief and Home Repair Grant Distribution – Point Fortin,Climate Change & Resilience,Speech / geographic impact record,4,Flooding; disaster relief; home repair; Trinidad and Tobago,Social development / resilience,"Ministry of the People, Social Development and Family Services",Official government / public authority source
MSDFS-016,external_references,Disaster Relief and Minor Home Repairs Distribution – Port of Spain and Diego Martin,Climate Change & Resilience,Speech / geographic impact record,5,Flooding; fire; fallen trees; structural damage; Trinidad and Tobago,Social development / resilience,"Ministry of the People, Social Development and Family Services",Official government / public authority source
MSDFS-017,external_references,Disaster Relief and Home Repairs Grant Distribution – Port of Spain and Diego Martin Regions,Climate Change & Resilience,Speech / geographic impact record,4,Disaster relief; home repair; regional impacts; Trinidad and Tobago,Social development / resilience,"Ministry of the People, Social Development and Family Services",Official government / public authority source
MSDFS-018,external_references,Disaster Relief and Home Repairs Grant Distribution – Penal/Debe and Siparia,Climate Change & Resilience,Speech / geographic impact record,5,Heavy rain; wind; flooding; disaster relief; Trinidad and Tobago,Social development / resilience,"Ministry of the People, Social Development and Family Services",Official government / public authority source
MSDFS-019,external_references,Disaster Relief and Home Repair Grant Distribution – Sangre Grande Region,Climate Change & Resilience,Speech / geographic impact record,4,Disaster relief; home repair; regional impacts; Trinidad and Tobago,Social development / resilience,"Ministry of the People, Social Development and Family Services",Official government / public authority source
MSDFS-020,external_references,Disaster Relief and Home Repair Grant Distribution – Mayaro/Rio Claro Region,Climate Change & Resilience,Speech / geographic impact record,4,Disaster relief; home repair; regional impacts; Trinidad and Tobago,Social development / resilience,"Ministry of the People, Social Development and Family Services",Official government / public authority source
MSDFS-021,external_references,40th Disaster Relief and Home Repair Grant Distribution – Tunapuna/Piarco and Arima,Climate Change & Resilience,Media release / geographic impact record,4,Disaster relief; home repair; regional impacts; Trinidad and Tobago,Social development / resilience,"Ministry of the People, Social Development and Family Services",Official government / public authority source
MSDFS-022,external_references,Disaster Relief Assistance – Cunupia,Climate Change & Resilience,Media release / geographic impact record,3,Disaster relief; vulnerable households; Trinidad and Tobago,Social development / resilience,"Ministry of the People, Social Development and Family Services",Official government / public authority source
MSDFS-023,external_references,"Disaster Relief Grant – Eastern Quarry, Laventille",Climate Change & Resilience,Media release / incident record,4,Heavy rainfall; retaining-wall collapse; disaster relief; Trinidad and Tobago,Social development / resilience,"Ministry of the People, Social Development and Family Services",Official government / public authority source
MSDFS-024,external_references,Support to San Fernando Family – Housing and Sanitation Assistance,"Environmental Governance, Law & Policy",Media release / social vulnerability record,5,Housing; sanitary plumbing; wiring; food support; Trinidad and Tobago,Social development / resilience,"Ministry of the People, Social Development and Family Services",Official government / public authority source
MSDFS-025,external_references,Fire-Affected Family Receives Disaster Relief Assistance through NSDP,Climate Change & Resilience,Media release / incident record,4,Fire; disaster relief; housing recovery; Trinidad and Tobago,Social development / resilience,"Ministry of the People, Social Development and Family Services",Official government / public authority source
MSDFS-026,external_references,Disaster Relief Distribution Ceremony – Central/Caroni East,Climate Change & Resilience,Speech / programme record,5,Disaster relief; food support; home repair; psychosocial support; Trinidad and Tobago,Social development / resilience,"Ministry of the People, Social Development and Family Services",Official government / public authority source
MSDFS-027,external_references,Media Releases – Disaster Relief / Home Repair Discovery Index (July 2026),Climate Change & Resilience,Discovery/index page,4,Disaster relief; home repair; current releases; Trinidad and Tobago,Social development / resilience,"Ministry of the People, Social Development and Family Services",Official government / public authority source
EXT0004,external_references,"Planning, Coordinating and Implementing Sustainable Land Management","Biodiversity, Ecosystems & Protected Areas",Project archive,8,Land; GIS; Environmental Governance; Indicators; Data; 5183; GEF; Trinidad and Tobago,International / development partner,GEF,External authoritative source — source/project page identified
EXT0005,external_references,National Capacity Self Assessment for Global Environmental Management,"Environmental Governance, Law & Policy",Project archive,7,Environmental Governance; Capacity; Institutions; Conventions; 1706; GEF; Trinidad and Tobago,International / development partner,GEF,External authoritative source — source/project page identified
EXT0006,external_references,BTR1 and BTR2 / Fourth National Communication,Climate Change & Resilience,Project archive,7,Climate; GHG Inventory; Transparency; National Reporting; 11654; GEF; Trinidad and Tobago,International / development partner,GEF,External authoritative source — source/project page identified
EXT0007,external_references,Stockholm Convention Initial Assistance / POPs NIP,"Waste, Chemicals & Circular Economy",Project archive,7,Chemicals; POPs; Waste; Pollution; 2916; GEF; Trinidad and Tobago,International / development partner,GEF,External authoritative source — source/project page identified
EXT0008,external_references,Minamata Initial Assessment in the Caribbean,"Waste, Chemicals & Circular Economy",Project archive,7,Mercury; Chemicals; Waste; Pollution; 9455; GEF; Trinidad and Tobago,International / development partner,GEF,External authoritative source — source/project page identified
EXT0009,external_references,Clean and Healthy Ocean Integrated Program,Water & Watersheds,Project archive,8,Marine; Coastal; Pollution; Wastewater; Waste; 11349; GEF; Trinidad and Tobago,International / development partner,GEF,External authoritative source — source/project page identified
EXT0012,external_references,Seventh National Report to the Convention on Biological Diversity,"Biodiversity, Ecosystems & Protected Areas",National report,7,Biodiversity; National Reporting; Targets; Indicators; TT-NR7; CBD; Trinidad and Tobago,International / development partner,CBD,External authoritative source — source/project page identified
EXT0018,external_references,National Biodiversity Strategy and Action Plan – Part 1,"Biodiversity, Ecosystems & Protected Areas",NBSAP part,6,Biodiversity; Policy; Baseline; TT-NBSAP-v1-p1; CBD; Trinidad and Tobago,International / development partner,CBD,External authoritative source — direct document identified
EXT0019,external_references,National Biodiversity Strategy and Action Plan – Part 2,"Biodiversity, Ecosystems & Protected Areas",NBSAP part,6,Biodiversity; Policy; Baseline; TT-NBSAP-v1-p2; CBD; Trinidad and Tobago,International / development partner,CBD,External authoritative source — direct document identified
EXT0020,external_references,National Biodiversity Strategy and Action Plan – Part 3,"Biodiversity, Ecosystems & Protected Areas",NBSAP part,6,Biodiversity; Policy; Baseline; TT-NBSAP-v1-p3; CBD; Trinidad and Tobago,International / development partner,CBD,External authoritative source — direct document identified
EXT0021,external_references,National Biodiversity Strategy and Action Plan – Part 4,"Biodiversity, Ecosystems & Protected Areas",NBSAP part,6,Biodiversity; Policy; Baseline; TT-NBSAP-v1-p4; CBD; Trinidad and Tobago,International / development partner,CBD,External authoritative source — direct document identified
EXT0022,external_references,Developing a Framework for Coastal and Marine Ecosystem Services – Project Document,Coastal & Marine,Project document,8,Marine; Coastal; Ecosystem Services; Natural Capital; Finance; TT-T1181; IDB; Trinidad and Tobago,International / development partner,IDB,External authoritative source — direct document identified
EXT0023,external_references,Developing a Framework for Coastal and Marine Ecosystem Services – Results Matrix,Coastal & Marine,Results matrix,7,Marine; Coastal; Indicators; Monitoring; TT-T1181; IDB; Trinidad and Tobago,International / development partner,IDB,External authoritative source — direct document identified
EXT0024,external_references,Developing a Framework for Coastal and Marine Ecosystem Services – Terms of Reference,Coastal & Marine,Terms of reference,7,Marine; Coastal; Ecosystem Services; Methodology; TT-T1181; IDB; Trinidad and Tobago,International / development partner,IDB,External authoritative source — direct document identified
EXT0025,external_references,Strengthening ICZM Public Policy and Governance – Technical Cooperation Document,Coastal & Marine,Technical cooperation document,8,Coastal; ICZM; Policy; Governance; Climate; TT-T1117; IDB; Trinidad and Tobago,International / development partner,IDB,External authoritative source — direct document identified
EXT0026,external_references,Strengthening ICZM Public Policy and Governance – Terms of Reference,Coastal & Marine,Terms of reference,7,Coastal; ICZM; Policy; Methodology; TT-T1117; IDB; Trinidad and Tobago,International / development partner,IDB,External authoritative source — direct document identified
EXT0027,external_references,Piloting ICZM and Climate Adaptation in Tobago – Plan of Operations,Coastal & Marine,Plan of operations,7,Coastal; ICZM; Climate Adaptation; Ecosystems; TT-T1034; IDB; Trinidad and Tobago,International / development partner,IDB,External authoritative source — direct document identified
EXT0028,external_references,Piloting ICZM and Climate Adaptation in Tobago – Technical Cooperation Abstract,Coastal & Marine,Technical cooperation abstract,6,Coastal; ICZM; Climate Adaptation; TT-T1034; IDB; Trinidad and Tobago,International / development partner,IDB,External authoritative source — direct document identified
EXT0029,external_references,Risk-Resilient Coastal Zone Management Feasibility Studies – Approved TC Document,Coastal & Marine,Technical cooperation document,7,Coastal; Climate Risk; Feasibility; ICZM; TT-T1038; IDB; Trinidad and Tobago,International / development partner,IDB,External authoritative source — direct document identified
EXT0030,external_references,National Integrated Solid Waste Management Strategy – Approved TC Document,"Waste, Chemicals & Circular Economy",Technical cooperation document,7,Waste; Solid Waste; Strategy; Pollution; TT-T1048; IDB; Trinidad and Tobago,International / development partner,IDB,External authoritative source — direct document identified
EXT0031,external_references,Organic Waste Municipal Curbside Recycling Programme – Final Donor Report,"Waste, Chemicals & Circular Economy",Final report,7,Waste; Organics; Recycling; Municipal; TT-T1122; IDB; Trinidad and Tobago,International / development partner,IDB,External authoritative source — direct document identified
EXT0032,external_references,"Management of E-Waste in Guyana, Suriname and Trinidad and Tobago – Final Donor Report","Waste, Chemicals & Circular Economy",Final report,8,E-waste; Waste; Chemicals; Data; Circular Economy; RG-T3726; IDB; Trinidad and Tobago,International / development partner,IDB,External authoritative source — direct document identified
EXT0033,external_references,Environmental Impact Assessment – San Fernando Wastewater Treatment Plant,Water & Watersheds,Environmental impact assessment,7,Wastewater; Water Quality; Pollution; EIA; TT-L1026; IDB; Trinidad and Tobago,International / development partner,IDB,External authoritative source — direct document identified
EXT0034,external_references,Environmental Impact Assessment – Maloney/Malabar Wastewater Works,Water & Watersheds,Environmental impact assessment,7,Wastewater; Water Quality; Pollution; EIA; TT-L1026; IDB; Trinidad and Tobago,International / development partner,IDB,External authoritative source — direct document identified
EXT0035,external_references,Multi-Phase Wastewater Rehabilitation Program Phase I – Project Completion Report,Water & Watersheds,Project completion report,7,Wastewater; Infrastructure; Results; Monitoring; TT-L1026; IDB; Trinidad and Tobago,International / development partner,IDB,External authoritative source — direct document identified
EXT0036,external_references,Development Strategy for the Wastewater Sector – Final Report Volume I,Water & Watersheds,Final technical report,7,Wastewater; Strategy; Water Quality; Infrastructure; TC9901002; IDB; Trinidad and Tobago,International / development partner,IDB,External authoritative source — direct document identified
EXT0037,external_references,Development Strategy for the Wastewater Sector – Final Report Volume II,Water & Watersheds,Final technical report,7,Wastewater; Strategy; Water Quality; Infrastructure; TC9901002; IDB; Trinidad and Tobago,International / development partner,IDB,External authoritative source — direct document identified
EXT0038,external_references,Recycling of Waste Lubricating Oils – Environmental and Social Review Summary,"Waste, Chemicals & Circular Economy",Environmental/social review,7,Waste Oil; Chemicals; Pollution; Recycling; TT-G1008; IDB; Trinidad and Tobago,International / development partner,IDB,External authoritative source — direct document identified
EXT0039,external_references,Climate Risk-Informed Water Resources Master Plan – Project/Procurement Record,Water & Watersheds,Project/procurement record,8,Water; Climate Risk; Hydroclimate; Planning; Data; Climate Water Resources Master Plan; CDB; Trinidad and Tobago,International / development partner,CDB,External authoritative source — source/project page identified
EXT0040,external_references,Climate Risk-Informed Water Resources Master Plan – Procurement Plan,Water & Watersheds,Procurement plan,7,Water; Climate Risk; Hydroclimate; Procurement; Climate Water Resources Master Plan; CDB; Trinidad and Tobago,International / development partner,CDB,External authoritative source — direct document identified
EXT0041,external_references,Building National and Community Capacity for Climate and Disaster Risk-Informed Decision-Making,Climate Change & Resilience,Project/procurement record,8,Disaster Risk; Climate; Data; Capacity; Remote Sensing; Climate & Disaster Risk Decision Making; CDB; Trinidad and Tobago,International / development partner,CDB,External authoritative source — source/project page identified
EXT0042,external_references,Trinidad and Tobago Country Strategy and Programme Evaluation 2017–2021,Climate Change & Resilience,Evaluation report,7,Development; Environmental Governance; Institutions; Climate; TT-CSPE-2017-2021; CDB; Trinidad and Tobago,International / development partner,CDB,External authoritative source — direct document identified
EXT0044,external_references,NDA strengthening and country programming support for Trinidad and Tobago,Climate Change & Resilience,Readiness proposal,6,Climate Finance; Governance; Country Programming; NDA Strengthening; GCF; Trinidad and Tobago,International / development partner,GCF,External authoritative source — source/project page identified
EXT0045,external_references,Strategic frameworks support for Trinidad and Tobago through FAO,Climate Change & Resilience,Readiness proposal,8,Climate; Agriculture; Hydroclimate; Data; GHG; FAO Strategic Frameworks; GCF; Trinidad and Tobago,International / development partner,GCF,External authoritative source — source/project page identified
EXT0048,external_references,Scaling up Caribbean Hydrometeorological and Multi-hazard Early Warning Services – Funding Proposal,Climate Change & Resilience,Funding proposal,8,Hydrometeorology; Early Warning; Climate; Disaster Risk; Data; SAP063; GCF; Trinidad and Tobago,International / development partner,GCF,External authoritative source — source/project page identified
EXT0049,external_references,South Oropouche River Basin Climate Adaptation Project Document,Coastal & Marine,Project document,9,Flooding; Wetlands; Climate Adaptation; Water; Agriculture; Coastal; South Oropouche River Basin; Adaptation Fund / CAF; Trinidad and Tobago,International / development partner,Adaptation Fund / CAF,External authoritative source — direct document identified
EXT0050,external_references,South Oropouche River Basin Proposal / Environmental and Social Policy Review,Climate Change & Resilience,Proposal/safeguard document,7,Flooding; Wetlands; Climate Adaptation; Safeguards; South Oropouche River Basin; Adaptation Fund / CAF; Trinidad and Tobago,International / development partner,Adaptation Fund / CAF,External authoritative source — direct document identified
EXT0051,external_references,Effective Marine Protected Area Activities for the Caribbean – Fact Sheet,Coastal & Marine,Fact sheet,7,Marine; Protected Areas; Biodiversity; Management Effectiveness; EMPAC; CBF; Trinidad and Tobago,International / development partner,CBF,External authoritative source — direct document identified
EXT0052,external_references,Caribbean Marine Protected Area Gap Analysis 2025 – Trinidad and Tobago coverage,Coastal & Marine,Gap analysis,7,Marine; Protected Areas; Biodiversity; Gap Analysis; EMPAC; CBF; Trinidad and Tobago,International / development partner,CBF,External authoritative source — source/project page identified
EXT0053,external_references,Strengthening coastal and marine climate resilience through ecosystem-based adaptation – Project Record,Coastal & Marine,Project record,8,Ecosystem-based Adaptation; Coastal; Land; GIS; Climate; IICA-EbA; CBF; Trinidad and Tobago,International / development partner,CBF,External authoritative source — source/project page identified
EXT0055,external_references,Trinidad and Tobago Environmental Management Project / Environmental Status in 1995,Coastal & Marine,Project/environmental assessment,8,Environmental Governance; Pollution; Water; Coastal; Baseline; Environmental Management Project; World Bank; Trinidad and Tobago,International / development partner,World Bank,External authoritative source — direct document identified
EXT0056,external_references,Implementation Completion and Results Report – Caribbean Climate Adaptation Project,Climate Change & Resilience,Completion report,7,Climate Adaptation; Vulnerability; Data; Modelling; Caribbean Climate Adaptation; World Bank; Trinidad and Tobago,International / development partner,World Bank,External authoritative source — direct document identified
EXT0057,external_references,360 Resilience: Trinidad and Tobago,Climate Change & Resilience,Country resilience profile,7,Disaster Risk; Climate; Resilience; Indicators; 360 Resilience; World Bank; Trinidad and Tobago,International / development partner,World Bank,External authoritative source — direct document identified
EXT0058,external_references,Capacity Building for Sustainable Land Management in Trinidad & Tobago,"Biodiversity, Ecosystems & Protected Areas",GEF project archive,7,Land Degradation; Sustainable Land Management; NAP; Capacity; 3509; GEF; Trinidad and Tobago,International / development partner,GEF,External authoritative source — source/project page identified
EXT0059,external_references,Capacity Development for Improved Management of Multilateral Environmental Agreements for Global Environmental Benefits,"Environmental Governance, Law & Policy",GEF project archive,7,Environmental Governance; MEAs; Capacity; Institutional Coordination; 5847; GEF; Trinidad and Tobago,International / development partner,GEF,External authoritative source — source/project page identified
EXT0060,external_references,Advancing the Nagoya Protocol in Countries of the Caribbean Region,"Biodiversity, Ecosystems & Protected Areas",GEF project archive,6,Biodiversity; Access and Benefit Sharing; Genetic Resources; 5774; GEF; Trinidad and Tobago,International / development partner,GEF,External authoritative source — source/project page identified
EXT0061,external_references,Climate Change Adaptation in the Eastern Caribbean Fisheries Sector,Coastal & Marine,GEF project archive,7,Fisheries; Climate Adaptation; Marine; Livelihoods; 5667; GEF; Trinidad and Tobago,International / development partner,GEF,External authoritative source — source/project page identified
EXT0062,external_references,Support to Eligible Parties to Produce the Sixth National Report to the CBD (6NR-LAC-II),"Biodiversity, Ecosystems & Protected Areas",GEF project archive,7,Biodiversity; National Reporting; Indicators; CBD; 9840; GEF; Trinidad and Tobago,International / development partner,GEF,External authoritative source — source/project page identified
EXT0063,external_references,Support to Preparation of the Third National Biosafety Reports to the Cartagena Protocol – GRULAC and CEE,"Biodiversity, Ecosystems & Protected Areas",GEF project archive,6,Biosafety; Cartagena Protocol; National Reporting; 9119; GEF; Trinidad and Tobago,International / development partner,GEF,External authoritative source — source/project page identified
EXT0064,external_references,GEF Support to the 2026 UNCCD National Reporting Process – Umbrella II,"Biodiversity, Ecosystems & Protected Areas",GEF project archive,7,Land Degradation; UNCCD; National Reporting; Indicators; 11909; GEF; Trinidad and Tobago,International / development partner,GEF,External authoritative source — source/project page identified
EXT0065,external_references,Terminal Evaluation – Improving Forest and Protected Area Management in Trinidad and Tobago,"Biodiversity, Ecosystems & Protected Areas",Terminal evaluation,7,Protected Areas; Forests; Management Plans; Evaluation; 4769; GEF IEO / FAO; Trinidad and Tobago,International / development partner,GEF IEO / FAO,External authoritative source — direct document identified
EXT0068,external_references,Institute of Marine Affairs Annual Report 2018–2019,Coastal & Marine,Annual report,7,Marine; Protected Areas; Biodiversity Monitoring; IFPAM; 4769; IMA; Trinidad and Tobago,Institute of Marine Affairs,Institute of Marine Affairs,External authoritative source — direct document identified
EXT0069,external_references,GEF Improving Forest and Protected Areas Management – Trinidad and Tobago project resources,"Biodiversity, Ecosystems & Protected Areas",Project resource page,7,Protected Areas; Forests; Management Plans; Tracking Tools; 4769; EPPD; Trinidad and Tobago,International / development partner,EPPD,External authoritative source — source/project page identified
EXT0071,external_references,Nariva Swamp Management Plan – earlier management-plan record,"Biodiversity, Ecosystems & Protected Areas",Management plan,7,Wetlands; Ramsar; Protected Areas; Management; Nariva Swamp; Ramsar / RSIS; Trinidad and Tobago,International / development partner,Ramsar / RSIS,External authoritative source — direct document identified
EXT0072,external_references,FAO Final Report – Marine Protected Area North-East Tobago,Coastal & Marine,Project report index,7,Marine Protected Area; Biodiversity; Coastal; IFPAM; North-East Tobago MPA; ERIC Tobago; Trinidad and Tobago,International / development partner,ERIC Tobago,External authoritative source — source/project page identified
EXT0073,external_references,North-East Tobago Biosphere Region Management Plan resources,"Biodiversity, Ecosystems & Protected Areas",Management plan resource page,7,Biosphere Reserve; Protected Areas; Biodiversity; Management; North-East Tobago; Tobago Biosphere Region; Trinidad and Tobago,International / development partner,Tobago Biosphere Region,External authoritative source — source/project page identified
EXT0074,external_references,WEEE Data and Management Assessment for Trinidad and Tobago – Final Project Report,"Waste, Chemicals & Circular Economy",Technical assessment,8,E-waste; WEEE; Waste; Data; Pollution; WEEE 2013–2014; BCRC-Caribbean; Trinidad and Tobago,International / development partner,BCRC-Caribbean,External authoritative source — direct document identified
EXT0075,external_references,Waste Electrical and Electronic Equipment project resources – Trinidad and Tobago,"Waste, Chemicals & Circular Economy",Project resource page,7,E-waste; WEEE; Waste; Data; Circular Economy; BCRC-Caribbean; Trinidad and Tobago,International / development partner,BCRC-Caribbean,External authoritative source — source/project page identified
EXT0077,external_references,The Status of Mercury in Trinidad and Tobago – MIA findings brochure,"Waste, Chemicals & Circular Economy",Technical brochure,7,Mercury; Inventory; Pollution; Chemicals; GEF 9455; BCRC-Caribbean; Trinidad and Tobago,International / development partner,BCRC-Caribbean,External authoritative source — direct document identified
EXT0078,external_references,Mercury Reports and Documents – MIA-1 and related regional projects,"Waste, Chemicals & Circular Economy",Document repository,7,Mercury; Chemicals; Monitoring; Reports; GEF 9455; BCRC-Caribbean; Trinidad and Tobago,International / development partner,BCRC-Caribbean,External authoritative source — source/project page identified
EXT0079,external_references,Waste Oil Management System for Trinidad and Tobago – project results/resources,"Waste, Chemicals & Circular Economy",Project resource page,7,Waste Oil; Hazardous Waste; Pollution; Circular Economy; WOMSTT; BCRC-Caribbean; Trinidad and Tobago,International / development partner,BCRC-Caribbean,External authoritative source — source/project page identified
EXT0080,external_references,Environmentally Sound Management of Used Mobile Phones and Computing Equipment in Trinidad and Tobago,"Waste, Chemicals & Circular Economy",Project resource page,8,E-waste; Electronics; EPR; Waste; Circular Economy; Used EEE; BCRC-Caribbean; Trinidad and Tobago,International / development partner,BCRC-Caribbean,External authoritative source — source/project page identified
EXT0081,external_references,Persistent Organic Pollutants projects/resources,"Waste, Chemicals & Circular Economy",Project resource page,6,POPs; Chemicals; Waste; Stockholm Convention; BCRC-Caribbean; Trinidad and Tobago,International / development partner,BCRC-Caribbean,External authoritative source — source/project page identified
EXT0082,external_references,UPOPs Documents Index,"Waste, Chemicals & Circular Economy",Document repository,6,UPOPs; Waste; Hazardous Waste; Guidance; BCRC-Caribbean; Trinidad and Tobago,International / development partner,BCRC-Caribbean,External authoritative source — source/project page identified
EXT0083,external_references,GEF ISLANDS 10279 – CEO Endorsement Package,"Waste, Chemicals & Circular Economy",Project package,8,Waste; Plastics; Waste Oil; Tyres; Hazardous Waste; 10279; BCRC-Caribbean / GEF; Trinidad and Tobago,International / development partner,BCRC-Caribbean / GEF,External authoritative source — direct document identified
EXT0084,external_references,BCRC Caribbean Activity Reports and Business Plans repository,"Waste, Chemicals & Circular Economy",Institutional document repository,7,Hazardous Waste; Chemicals; Institutional Capacity; Projects; BCRC Caribbean; Basel Convention; Trinidad and Tobago,International / development partner,Basel Convention,External authoritative source — source/project page identified
EXT0085,external_references,National Implementation Plan for the Stockholm Convention on Persistent Organic Pollutants – Trinidad and Tobago,"Waste, Chemicals & Circular Economy",National implementation plan,8,POPs; Chemicals; Waste; Inventory; Policy; TTO NIP; Stockholm Convention; Trinidad and Tobago,International / development partner,Stockholm Convention,External authoritative source — direct document identified
EXT0095,external_references,Trinidad and Tobago First National Communication to the UNFCCC,Climate Change & Resilience,National communication,7,Climate; GHG; Vulnerability; Historic Baseline; TTO-NC1; UNFCCC; Trinidad and Tobago,International / development partner,UNFCCC,External authoritative source — source/project page identified
EXT0098,external_references,Trinidad and Tobago 2018 UNCCD Final Report,"Biodiversity, Ecosystems & Protected Areas",National/supplementary report,8,Land Degradation; Governance; Data Gaps; NAP; LDN; TTO-2018; UNCCD; Trinidad and Tobago,International / development partner,UNCCD,External authoritative source — direct document identified
EXT0099,external_references,Trinidad and Tobago UNCCD Country Report 2007,"Biodiversity, Ecosystems & Protected Areas",National report,6,Land Degradation; Desertification; Historic Baseline; TTO-2007; UNCCD; Trinidad and Tobago,International / development partner,UNCCD,External authoritative source — direct document identified
EXT0100,external_references,Trinidad and Tobago UNCCD Country Report 2014,"Biodiversity, Ecosystems & Protected Areas",National report,5,Land Degradation; National Reporting; TTO-2014; UNCCD; Trinidad and Tobago,International / development partner,UNCCD,External authoritative source — source/project page identified
EXT0101,external_references,Trinidad and Tobago UNCCD Country Report 2010,"Biodiversity, Ecosystems & Protected Areas",National report,5,Land Degradation; National Reporting; TTO-2010; UNCCD; Trinidad and Tobago,International / development partner,UNCCD,External authoritative source — source/project page identified
EXT0102,external_references,UNCCD Data Dashboard – Trinidad and Tobago,"Biodiversity, Ecosystems & Protected Areas",Data portal,8,Land Degradation; LDN; Drought; Indicators; Data; TTO-Dashboard; UNCCD; Trinidad and Tobago,International / development partner,UNCCD,External authoritative source — source/project page identified
EXT0103,external_references,Program to Support the Climate Change Agenda I – Loan Proposal,Climate Change & Resilience,Loan proposal,7,Climate Policy; Vulnerability; Carbon Markets; Institutions; TT-L1022; IDB; Trinidad and Tobago,International / development partner,IDB,External authoritative source — direct document identified
EXT0104,external_references,Program to Support the Climate Change Agenda I – Project Completion Report,Climate Change & Resilience,Project completion report,7,Climate Policy; Results; Institutions; Monitoring; TT-L1022; IDB; Trinidad and Tobago,International / development partner,IDB,External authoritative source — direct document identified
EXT0105,external_references,Climate Change Agenda I – Policy Matrix reviewed by the Ministry of Environment,Climate Change & Resilience,Policy matrix,7,Climate Policy; Institutions; Actions; Monitoring; TT-L1022; IDB; Trinidad and Tobago,International / development partner,IDB,External authoritative source — direct document identified
EXT0106,external_references,National Forest Policy – Trinidad and Tobago (IDB supporting document),"Biodiversity, Ecosystems & Protected Areas",Policy document,7,Forests; Biodiversity; Land; Policy; TT-L1022; IDB; Trinidad and Tobago,International / development partner,IDB,External authoritative source — direct document identified
EXT0107,external_references,Piloting an Innovative Approach to Adaptation in Tobago – Approved Technical Cooperation Document,Coastal & Marine,Technical cooperation document,7,Coral Reef; Climate Adaptation; Biodiversity; Tourism; TT-T1057; IDB; Trinidad and Tobago,International / development partner,IDB,External authoritative source — direct document identified
EXT0108,external_references,Digital Innovations for Sustainable Environmental and Economic Recovery – TC Document,"Environmental Governance, Law & Policy",Technical cooperation document,7,Environmental Data; Digital; Monitoring; Recovery; TT-T1112; IDB; Trinidad and Tobago,International / development partner,IDB,External authoritative source — direct document identified
EXT0109,external_references,Digital Innovations for Sustainable Environmental and Economic Recovery – Terms of Reference,"Environmental Governance, Law & Policy",Terms of reference,7,Environmental Data; Digital; Methodology; Deliverables; TT-T1112; IDB; Trinidad and Tobago,International / development partner,IDB,External authoritative source — direct document identified
EXT0110,external_references,Digital Innovations for Sustainable Environmental and Economic Recovery – Results Matrix,"Environmental Governance, Law & Policy",Results matrix,7,Environmental Data; Indicators; Digital; Monitoring; TT-T1112; IDB; Trinidad and Tobago,International / development partner,IDB,External authoritative source — direct document identified
EXT0111,external_references,End-of-Life Tyre Recycling Facility – Environmental and Social Review Summary — TT-G1006,"Waste, Chemicals & Circular Economy",Environmental/social review,7,Tyres; Waste; Circular Economy; Pollution; TT-G1006; IDB; Trinidad and Tobago,International / development partner,IDB,External authoritative source — direct document identified
EXT0112,external_references,End-of-Life Tyre Recycling Facility – Environmental and Social Review Summary — TT-G1003,"Waste, Chemicals & Circular Economy",Environmental/social review,7,Tyres; Waste; Circular Economy; Pollution; TT-G1003; IDB; Trinidad and Tobago,International / development partner,IDB,External authoritative source — direct document identified
EXT0113,external_references,Close the Loop Caribbean – Donors Memorandum,"Waste, Chemicals & Circular Economy",Donors memorandum,7,Organic Waste; Circular Economy; Landfills; Climate; TT-T1135 / TT-G1004 / TT-G1005; IDB; Trinidad and Tobago,International / development partner,IDB,External authoritative source — direct document identified
EXT0114,external_references,Accelerating Decarbonization Activities in Trinidad and Tobago – TC Document,Climate Change & Resilience,Technical cooperation document,8,Decarbonization; Energy; Green Hydrogen; Industry; Transport; TT-T1153; IDB; Trinidad and Tobago,International / development partner,IDB,External authoritative source — direct document identified
EXT0115,external_references,Accelerating Decarbonization Activities – Terms of Reference,Climate Change & Resilience,Terms of reference,7,Decarbonization; Energy; Methodology; Studies; TT-T1153; IDB; Trinidad and Tobago,International / development partner,IDB,External authoritative source — direct document identified
EXT0116,external_references,Accelerating Decarbonization Activities – Results Matrix,Climate Change & Resilience,Results matrix,7,Decarbonization; Energy; Indicators; Monitoring; TT-T1153; IDB; Trinidad and Tobago,International / development partner,IDB,External authoritative source — direct document identified
EXT0117,external_references,Support Implementation of Climate-resilient and Sustainable ICZM Public Policy,Coastal & Marine,Project record,7,Coastal; ICZM; Climate Resilience; Public Policy; TT-T1190; IDB; Trinidad and Tobago,International / development partner,IDB,External authoritative source — source/project page identified
EXT0118,external_references,Climate-Resilient Local Infrastructure in Trinidad,Climate Change & Resilience,Project record,7,Climate Resilience; Roads; Disaster Risk; Environmental Safeguards; TT-L1073; IDB; Trinidad and Tobago,International / development partner,IDB,External authoritative source — source/project page identified
EXT0119,external_references,"Development of ESMS, SESA, ESA and ESMP – Climate-Resilient Local Infrastructure",Climate Change & Resilience,Procurement record,7,Environmental Assessment; SESA; ESMP; Climate Resilience; TT-L1073; IDB; Trinidad and Tobago,International / development partner,IDB,External authoritative source — source/project page identified
EXT0121,external_references,Country Strategy Paper – Trinidad and Tobago 2011–2014,Climate Change & Resilience,Country strategy,6,Environmental Sustainability; Disaster Risk; Development; TT-CSP-2011-2014; CDB; Trinidad and Tobago,International / development partner,CDB,External authoritative source — source/project page identified
EXT0122,external_references,GCF Accreditation Assessment of Environmental Management Authority (EMA) – APL161,Climate Change & Resilience,Accreditation assessment,8,EMA; Climate Finance; Governance; ESS; Fiduciary Standards; APL161; GCF; Trinidad and Tobago,International / development partner,GCF,External authoritative source — direct document identified
EXT0123,external_references,Strengthening the Evidential Basis for Adoption of Adaptation Technologies for Small Holder Farmers,Climate Change & Resilience,Approved readiness proposal,8,Agriculture; Climate Adaptation; Technology; Evidence; Finance; TTO Readiness; GCF; Trinidad and Tobago,International / development partner,GCF,External authoritative source — source/project page identified
EXT0124,external_references,Building Climate Resilience into Trinidad and Tobago’s Healthcare System,Climate Change & Resilience,Approved readiness proposal,7,Climate Adaptation; Health; Early Warning; Disaster Risk; TTO Health Readiness; GCF; Trinidad and Tobago,International / development partner,GCF,External authoritative source — source/project page identified
EXT0125,external_references,Strengthening the Foundation for a Climate Responsive Agricultural Sector in the Caribbean,Climate Change & Resilience,Approved readiness proposal,7,Agriculture; Climate Adaptation; Regional; Food Systems; Caribbean Agriculture Readiness; GCF; Trinidad and Tobago,International / development partner,GCF,External authoritative source — source/project page identified
EXT0126,external_references,Multi-Country Climate Resilient Urban Development Initiative,Climate Change & Resilience,Approved readiness proposal,7,Urban Resilience; Climate; Planning; Low Carbon; Urban Resilience Readiness; GCF; Trinidad and Tobago,International / development partner,GCF,External authoritative source — source/project page identified
EXT0127,external_references,Environmental Management Authority – GCF Accredited Entity Profile,Climate Change & Resilience,Institutional profile,6,EMA; Climate Finance; Accreditation; National Systems; GCF; Trinidad and Tobago,International / development partner,GCF,External authoritative source — source/project page identified
EXT0128,external_references,South Oropouche River Basin – Concept Note,Climate Change & Resilience,Concept note,8,Flooding; Wetlands; Climate Adaptation; Water; Land Use; SORB Concept; Adaptation Fund / CAF; Trinidad and Tobago,International / development partner,Adaptation Fund / CAF,External authoritative source — direct document identified
EXT0129,external_references,Final Design of Immediate Measures for Flood Control and a Drainage Action Plan in Trinidad and Tobago – Tender Q&A,Climate Change & Resilience,Procurement/technical document,8,Flooding; Drainage; River Basins; Climate Resilience; Planning; Drainage Action Plan; CAF; Trinidad and Tobago,International / development partner,CAF,External authoritative source — direct document identified
EXT-PLN-0001,external_references,National Sargassum Management Policy Comment Sheet,Marine / Sargassum / Public Consultation,Consultation form,5,sargassum; public consultation; coastal management; marine environment; stakeholder feedback,,"Ministry of Planning, Economic Affairs and Development",Official Government source
EXT-PLN-0002,external_references,Project Screening Proposal – Template 2026,Project Screening / Capital Investment,Template / form,5,project screening; proposal template; capital projects; PSIP; project appraisal,,"Ministry of Planning, Economic Affairs and Development",Official Government source
EXT-PLN-0003,external_references,VNR 2020 Statistical Annex,SDGs / Statistics / National Monitoring,Statistical annex,6,SDGs; VNR; statistics; indicators; national monitoring; sustainable development,,"Ministry of Planning, Economic Affairs and Development / Central Statistical Office",Official Government source
EXT-PLN-0004,external_references,Trinidad and Tobago Main Messages – 2020 Voluntary National Review,SDGs / National Development,Executive summary / key messages,5,SDGs; VNR; Vision 2030; sustainable development; national development,,Government of Trinidad and Tobago / Ministry of Planning,Official Government source
EXT-PLN-0005,external_references,Voluntary National Review 2020 – Trinidad and Tobago,SDGs / National Development,National review / UN reporting,5,SDGs; VNR; Vision 2030; sustainable development; monitoring and evaluation,,Government of Trinidad and Tobago / Ministry of Planning,Official Government source
EXT-PLN-0006,external_references,2025 Annual Results Report of the UN in Trinidad and Tobago,Sustainable Development / Development Cooperation,Annual results report,5,United Nations; sustainable development; SDGs; resilience; development cooperation,,United Nations Resident Coordinator Office / Trinidad and Tobago,Official Government source
EXT-PLN-0007,external_references,2024 Annual Results Report – Trinidad and Tobago,Sustainable Development / Development Cooperation,Annual results report,5,United Nations; sustainable development; MSDCF; climate resilience; social inclusion,,United Nations / Trinidad and Tobago,Official Government source
EXT-PLN-0008,external_references,Freedom of Information Annual Statement 2025 – Ministry of Planning,Environmental Governance / Public Access / Institutional Records,FOIA public statement,6,FOIA; public records; planning; EPPD; environmental reports; public access,,"Ministry of Planning, Economic Affairs and Development",Official Government source
EXT-PLN-0009,external_references,Freedom of Information Annual Statement 2024 – Ministry of Planning,Environmental Governance / Public Access / Institutional Records,FOIA public statement,5,FOIA; public records; planning; environmental policy; public access,,Ministry of Planning and Development,Official Government source
EXT-PLN-0010,external_references,Trinidad and Tobago Pollinator Community Science Monitoring Guide,Biodiversity / Pollinators / Community Science,Monitoring guide / manual,5,pollinators; biodiversity; community science; monitoring; citizen science,,"Ministry of Planning, Economic Affairs and Development / biodiversity partners",Official Government source
EXT-PLN-0011,external_references,Public Sector Investment Programme 2026,Public Investment / Environment / Infrastructure,Public Sector Investment Programme,6,PSIP; capital projects; environment; infrastructure; development investment; 2026,,Government of Trinidad and Tobago / Ministry of Planning,Official Government source
EXT-PLN-0012,external_references,Public Sector Investment Programme Tobago 2026,Tobago / Public Investment / Environment / Infrastructure,Public Sector Investment Programme,6,PSIP; Tobago; capital projects; environment; infrastructure; 2026,,Government of Trinidad and Tobago / Ministry of Planning / Tobago House of Assembly,Official Government source
EXT-PLN-0013,external_references,Guidelines for Sustainable Meliponini Management in Trinidad and Tobago,Biodiversity / Pollinators / Sustainable Management,Technical guideline,5,Meliponini; stingless bees; pollinators; biodiversity; sustainable management,,"Ministry of Planning, Economic Affairs and Development / biodiversity partners",Official Government source
EXT-PLN-0014,external_references,Public Sector Investment Programme Tobago 2024,Tobago / Public Investment / Environment / Infrastructure,Public Sector Investment Programme,6,PSIP; Tobago; capital projects; environment; infrastructure; 2024,,Government of Trinidad and Tobago / Ministry of Planning / Tobago House of Assembly,Official Government source
EXT-PLN-0015,external_references,Public Sector Investment Programme 2024,Public Investment / Environment / Infrastructure,Public Sector Investment Programme,6,PSIP; capital projects; environment; infrastructure; Vision 2030; 2024,,Government of Trinidad and Tobago / Ministry of Planning,Official Government source
EXT-PLN-0016,external_references,FOI Annual Statement – General Administration – 2022 Amended,Governance / Public Access / Institutional Records,FOIA public statement,5,FOIA; public records; planning; governance; public access,,Ministry of Planning and Development,Official Government source
EXT-PLN-0017,external_references,Three-Year Public Sector Investment Programme 2023–2025,Public Investment / Environment / Infrastructure,Multi-year Public Sector Investment Programme,6,PSIP; 2023-2025; capital projects; environment; infrastructure; Vision 2030,,Government of Trinidad and Tobago / Ministry of Planning,Official Government source
EXT-PLN-0018,external_references,Public Sector Investment Programme 2023,Public Investment / Environment / Infrastructure,Public Sector Investment Programme,5,PSIP; 2023; capital projects; environment; infrastructure,,Government of Trinidad and Tobago / Ministry of Planning,Official Government source
EXT-PLN-0019,external_references,Freedom of Information Act Public Statement 2021 – Ministry of Planning,Governance / Public Access / Institutional Records,FOIA public statement,5,FOIA; public records; planning; environmental policy; public access,,Ministry of Planning and Development,Official Government source
EXT-PLN-0020,external_references,Vision 2030 Achievement Report 2018–2019 – Realizing Our National Vision Together,Vision 2030 / National Monitoring,National performance / achievement report,5,Vision 2030; achievement report; national performance; monitoring; sustainable development,,Ministry of Planning and Development,Official Government source
EXT-PLN-0021,external_references,Vision 2030 National Performance Framework 2017–2020,Vision 2030 / National Monitoring,National performance framework,5,Vision 2030; national performance framework; monitoring; indicators; planning,,Ministry of Planning and Development,Official Government source
EXT-PLN-0022,external_references,"Vision 2030 Progress Report 2015–2018 – Tracking Our Journey, Securing Our Future",Vision 2030 / National Monitoring,National progress report,5,Vision 2030; progress report; national performance; monitoring; sustainable development,,Ministry of Planning and Development,Official Government source
GOV-MPU-0006,external_references,Report of the Cabinet Sub-Committee appointed to Review the Operations of WASA,Water / Wastewater / Utility Governance,Government review report,6,WASA; water; wastewater; utility governance; Cabinet review; public utilities,,Ministry of Public Utilities,Official Government source
GOV-MPU-0007,external_references,Statistical Digest 2010 to 2011,Utilities / Historical Statistics,Statistical digest,7,public utilities; statistics; water; electricity; utilities; 2010; 2011,,Ministry of Public Utilities,Official Government source
EXT-TCPD-0001,external_references,Guide to Developers and Applicants for Planning Permission 1988,Planning Permission / Development Control,Planning guidance,6,planning permission; development control; developers; TCPD; land use; 1988,,Town and Country Planning Division,Official Government source
GOV-MTIT-0003,external_references,Trade Policy of Trinidad and Tobago 2019-2023,Sustainable Development & Green Economy,Policy / strategy,7,trade policy; green industries; environment and trade; green economy; industrial policy; EMA; Trinidad and Tobago,National government agency,"Ministry of Trade, Investment and Tourism",Official government / public authority source
GOV-MTIT-0004,external_references,Yachting Environmental Guidebook Landing Page,Coastal & Marine,Source gateway,7,yachting; marinas; boatyards; marine pollution; environmental practices; source gateway; Trinidad and Tobago,National government agency,"Ministry of Trade, Investment and Tourism",Official government / public authority source
GOV-RDLG-0007,external_references,FINAL REPORT on Consultation Series,"Environmental Governance, Law & Policy",Consultation / policy document,8,local government reform; consultation; municipal corporations; waste; drainage; sanitation; public health; Trinidad and Tobago,National government agency,Ministry of Rural Development and Local Government,Official government / public authority source
GOV-MPU-0008,external_references,Combined ESA and ESMP for Chatham Cluster,Water & Watersheds,Environmental and Social Assessment / Management Plan,7,ESA; ESMP; Chatham; water infrastructure; environmental assessment; social safeguards; water sector,National government agency,Ministry of Public Utilities,Official government / public authority source
GOV-MPU-0009,external_references,ESA and ESMP for Clarke Road and Tucker Valley Wells,Water & Watersheds,Environmental and Social Assessment / Management Plan,8,ESA; ESMP; Clarke Road; Tucker Valley; wells; groundwater; water infrastructure; environmental assessment,National government agency,Ministry of Public Utilities,Official government / public authority source
GOV-MPU-0010,external_references,ESA and ESMP for Freeport Cluster,Water & Watersheds,Environmental and Social Assessment / Management Plan,6,ESA; ESMP; Freeport; water infrastructure; environmental assessment; social safeguards,National government agency,Ministry of Public Utilities,Official government / public authority source
GOV-MPU-0011,external_references,ESA and ESMP for Goldsborough and Green Meadows Water Treatment Plants,Water & Watersheds,Environmental and Social Assessment / Management Plan,7,ESA; ESMP; Goldsborough; Green Meadows; water treatment plant; Tobago; environmental assessment,National government agency,Ministry of Public Utilities,Official government / public authority source
GOV-MPU-0012,external_references,"ESA and ESMP for Guanapo, Navet and North Oropouche Water Treatment Plant Rehabilitation",Water & Watersheds,Environmental and Social Assessment / Management Plan,8,ESA; ESMP; Guanapo; Navet; North Oropouche; water treatment plant; rehabilitation; environmental assessment,National government agency,Ministry of Public Utilities,Official government / public authority source
GOV-MPU-0013,external_references,"ESA and ESMP for Riverside, Morequito and Nelson Street Pipelines",Water & Watersheds,Environmental and Social Assessment / Management Plan,8,ESA; ESMP; Riverside; Morequito; Nelson Street; pipelines; water infrastructure; environmental assessment,National government agency,Ministry of Public Utilities,Official government / public authority source
GOV-RDLG-0008,external_references,Third Session Twelfth Parliament Republic of Trinidad and Tobago Act No.6 of 2023,"Environmental Governance, Law & Policy",Legislation,9,local government; legislation; municipal corporations; waste; drainage; sanitation; environmental governance; 2023; Act No.6,National government agency,Ministry of Rural Development and Local Government,Official government / public authority source — listing record
RIC-EXT-0001,external_references,Incidents of Pollution of the Caroni River Affecting the Caroni Arena Water Treatment Plant (CAWTP),Water & Watersheds,Investigation / information report,10,Caroni River; Caroni Arena Water Treatment Plant; water pollution; WASA; EMA; IMA; ammonia; water quality; pollution monitoring; incident response,Regulated Industries Commission,Regulated Industries Commission,Official regulator publication
RIC-EXT-0002,external_references,Energy Road Map Series: Advancing Energy Efficiency/Energy Conservation in Trinidad and Tobago,"Energy, Climate & Emissions",Staff discussion paper,8,energy efficiency; energy conservation; GHG; decarbonisation; air pollution; demand side management; energy policy; RIC,Regulated Industries Commission,Regulated Industries Commission,Official regulator publication
RIC-EXT-0003,external_references,Energy Road Map Series: Towards Renewable Energy Deployment in the Electricity Sector of Trinidad and Tobago,"Energy, Climate & Emissions",Staff discussion paper,7,renewable energy; electricity; solar; energy transition; decarbonisation; energy policy; RIC,Regulated Industries Commission,Regulated Industries Commission,Official regulator publication
RIC-EXT-0004,external_references,Energy Road Map Series: Advancing Electric Vehicle Adoption in Trinidad and Tobago,"Transport, Energy & Emissions",Staff discussion paper,7,electric vehicles; EV; transport emissions; charging infrastructure; air pollution; energy transition; RIC,Regulated Industries Commission,Regulated Industries Commission,Official regulator publication
RIC-EXT-0005,external_references,Energy Road Map Series: Promoting Energy Storage in Trinidad and Tobago,"Energy, Climate & Emissions",Staff discussion paper,7,energy storage; renewable energy; grid; battery storage; electricity; energy transition; RIC,Regulated Industries Commission,Regulated Industries Commission,Official regulator publication
RIC-EXT-0006,external_references,RIC’s Final Determination for the Electricity Transmission and Distribution Sector of Trinidad and Tobago 2023-2028,"Energy, Climate & Emissions",Final determination,8,electricity; T&TEC; tariffs; transmission; distribution; energy regulation; energy demand; RIC,Regulated Industries Commission,Regulated Industries Commission,Official regulator publication
RIC-EXT-0007,external_references,Quality of Service Standards Annual Performance Report 2022 – Electricity Transmission and Distribution Sector,"Energy, Climate & Emissions",Performance report,8,electricity; T&TEC; quality of service; performance; reliability; transmission; distribution; RIC,Regulated Industries Commission,Regulated Industries Commission,Official regulator publication
RIC-EXT-0008,external_references,RIC Water Conservation Brochure,Water & Watersheds,Public information brochure,6,water conservation; water efficiency; public education; WASA; demand management; RIC,Regulated Industries Commission,Regulated Industries Commission,Official regulator publication
RIC-EXT-0009,external_references,Summary of Energy Audit Study (EAS),"Energy, Climate & Emissions",Energy audit summary,5,energy audit; energy efficiency; electricity use; demand management; RIC,Regulated Industries Commission,Regulated Industries Commission,Official regulator publication
IMA-PR-0001,external_references,"IMA Advancing Blue Economy Partnerships and Global Ocean Sustainability at the 15th High-Level Korea-Caribbean Forum, Seoul, Korea",Coastal & Marine,Press Release,8,IMA; Institute of Marine Affairs; press release; blue economy; ocean sustainability; marine governance; SDG 14; Caribbean,Institute of Marine Affairs,Institute of Marine Affairs,Official IMA press release
IMA-PR-0002,external_references,Republic Bank and IMA Partner to Launch Blue Technologies Awareness Project to Advance the Blue Economy,Coastal & Marine,Press Release,8,IMA; Institute of Marine Affairs; press release; blue technologies; blue economy; marine innovation; public awareness; partnership,Institute of Marine Affairs,Institute of Marine Affairs,Official IMA press release
IMA-PR-0003,external_references,New IMA Publication Explores Coral Reefs of Trinidad and Tobago,Coastal & Marine,Press Release,8,IMA; Institute of Marine Affairs; press release; coral reefs; marine science; publication; Trinidad and Tobago; reef ecology,Institute of Marine Affairs,Institute of Marine Affairs,Official IMA press release
IMA-PR-0004,external_references,Trinidad and Tobago tackles Marine Plastic Litter with National Dialogue and Circular Economy Solutions,Waste & Circular Economy,Press Release,8,IMA; Institute of Marine Affairs; press release; marine plastic litter; plastic pollution; circular economy; marine pollution; national dialogue,Institute of Marine Affairs,Institute of Marine Affairs,Official IMA press release
IMA-PR-0005,external_references,Tobago Coral Reefs in Crisis: Level 5 Bleaching Alert,Coastal & Marine,Press Release,9,IMA; Institute of Marine Affairs; press release; coral bleaching; Level 5 alert; Tobago; coral reefs; sea temperature; climate change,Institute of Marine Affairs,Institute of Marine Affairs,Official IMA press release
IMA-PR-0006,external_references,Tobago Corals on Level 2 Bleaching Alert,Coastal & Marine,Press Release,8,IMA; Institute of Marine Affairs; press release; coral bleaching; Level 2 alert; Tobago; coral reefs; sea temperature,Institute of Marine Affairs,Institute of Marine Affairs,Official IMA press release
IMA-PR-0007,external_references,Institute of Marine Affairs and SECORE International Join Forces to Restore Tobago’s Coral Reefs,Coastal & Marine,Press Release,8,IMA; Institute of Marine Affairs; press release; coral restoration; SECORE International; Tobago; reef resilience; marine restoration,Institute of Marine Affairs,Institute of Marine Affairs,Official IMA press release
IMA-PR-0008,external_references,Ceremonial Signing – First of its kind with the new blue carbon credit scheme for Trinidad and Tobago,Climate & Energy,Press Release,9,IMA; Institute of Marine Affairs; press release; blue carbon; carbon credits; mangroves; seagrass; climate mitigation; nature-based solutions,Institute of Marine Affairs,Institute of Marine Affairs,Official IMA press release
IMA-PR-0009,external_references,IMA Assesses Tobago’s Spill-Affected Areas,Pollution & Waste,Press Release,8,IMA; Institute of Marine Affairs; press release; Tobago oil spill; oil spill; marine pollution; environmental assessment; incident response,Institute of Marine Affairs,Institute of Marine Affairs,Official IMA press release
IMA-PR-0010,external_references,NGC JOINS IMA IN THE BID TO SAVE CARLI BAY MANGROVE,Coastal & Marine,Press Release,8,IMA; Institute of Marine Affairs; press release; Carli Bay; mangrove; mangrove restoration; blue carbon; coastal ecosystem,Institute of Marine Affairs,Institute of Marine Affairs,Official IMA press release
IMA-PR-0011,external_references,Consortium of Civil Society Launched in Support of the SPAW Programme of the Cartagena Convention,Biodiversity & Protected Areas,Press Release,9,IMA; Institute of Marine Affairs; press release; SPAW; Cartagena Convention; civil society; marine biodiversity; protected areas; Caribbean,Institute of Marine Affairs,Institute of Marine Affairs,Official IMA press release
IMA-PR-0012,external_references,"The restoration journey continues, Project MARIN proceeds for another five years.",Coastal & Marine,Press Release,9,IMA; Institute of Marine Affairs; press release; Project MARIN; Marine Resilience Initiative; coral restoration; seagrass restoration; Tobago; blue carbon,Institute of Marine Affairs,Institute of Marine Affairs,Official IMA press release
IMA-PR-0013,external_references,New Fisheries Legislation Poised to Promote Sector Growth and Protection,Biodiversity & Protected Areas,Press Release,8,IMA; Institute of Marine Affairs; press release; fisheries legislation; fisheries management; marine resources; sustainable fisheries; governance,Institute of Marine Affairs,Institute of Marine Affairs,Official IMA press release
ODPM-EXT-0001,external_references,Guidelines for Hillside Development in the Northern Range,Land & Spatial Planning,National plan / guidance,9,ODPM; Office of Disaster Preparedness and Management; Ministry of National Security; Ministry of Homeland Security; Northern Range; hillside development; land-use planning; slope stability; disaster risk reduction,Office of Disaster Preparedness and Management,Office of Disaster Preparedness and Management,Official ODPM listing
ODPM-EXT-0002,external_references,National Disaster Preparedness Baseline Survey,Climate & Disaster Risk,National plan / guidance,9,ODPM; Office of Disaster Preparedness and Management; Ministry of National Security; Ministry of Homeland Security; disaster preparedness; baseline survey; disaster risk; resilience; preparedness,Office of Disaster Preparedness and Management,Office of Disaster Preparedness and Management,Official ODPM listing
ODPM-EXT-0003,external_references,National Drought Response Plan,Climate & Disaster Risk,National plan / guidance,9,ODPM; Office of Disaster Preparedness and Management; Ministry of National Security; Ministry of Homeland Security; drought; drought response; water security; climate risk; emergency planning,Office of Disaster Preparedness and Management,Office of Disaster Preparedness and Management,Official ODPM listing
ODPM-EXT-0004,external_references,National Flood Response Plan,Climate & Disaster Risk,National plan / guidance,9,ODPM; Office of Disaster Preparedness and Management; Ministry of National Security; Ministry of Homeland Security; flood; flood response; flood risk; emergency planning; disaster response,Office of Disaster Preparedness and Management,Office of Disaster Preparedness and Management,Official ODPM listing
ODPM-EXT-0005,external_references,National Hazard Mitigation Plan (NHMP),Climate & Disaster Risk,National plan / guidance,9,ODPM; Office of Disaster Preparedness and Management; Ministry of National Security; Ministry of Homeland Security; hazard mitigation; disaster risk reduction; resilience; risk management; mitigation planning,Office of Disaster Preparedness and Management,Office of Disaster Preparedness and Management,Official ODPM listing
ODPM-EXT-0006,external_references,National Hazardous Materials Spill Response Plan,Pollution & Waste,National plan / guidance,9,ODPM; Office of Disaster Preparedness and Management; Ministry of National Security; Ministry of Homeland Security; hazardous materials; spill response; chemical spill; pollution incident; emergency response,Office of Disaster Preparedness and Management,Office of Disaster Preparedness and Management,Official ODPM listing
ODPM-EXT-0007,external_references,National Heat Response Plan,Climate & Disaster Risk,National plan / guidance,9,ODPM; Office of Disaster Preparedness and Management; Ministry of National Security; Ministry of Homeland Security; extreme heat; heat response; climate risk; public health; emergency planning,Office of Disaster Preparedness and Management,Office of Disaster Preparedness and Management,Official ODPM listing
ODPM-EXT-0008,external_references,National Landslide Response Plan,Climate & Disaster Risk,National plan / guidance,9,ODPM; Office of Disaster Preparedness and Management; Ministry of National Security; Ministry of Homeland Security; landslide; slope failure; landslide response; rainfall hazard; emergency planning,Office of Disaster Preparedness and Management,Office of Disaster Preparedness and Management,Official ODPM listing
ODPM-EXT-0009,external_references,National Response Framework (NRF),Climate & Disaster Risk,National plan / guidance,9,ODPM; Office of Disaster Preparedness and Management; Ministry of National Security; Ministry of Homeland Security; National Response Framework; NRF; emergency response; disaster management; inter-agency coordination,Office of Disaster Preparedness and Management,Office of Disaster Preparedness and Management,Official ODPM listing
ODPM-EXT-0010,external_references,Updated Public Statements 2024 — Office of Disaster Preparedness and Management,Governance & Institutions,FOIA / Public Statement,7,ODPM; FOIA; public statement; disaster risk management; climate change adaptation; institutional mandate; National Security,Office of Disaster Preparedness and Management,Office of Disaster Preparedness and Management,Official Ministry / ODPM publication
ODPM-EXT-0011,external_references,Integrating Disaster Risk Reduction into the National Biodiversity Strategy and Action Plan — Stakeholder Workshop,Biodiversity & Protected Areas,Official news / consultation record,8,ODPM; NBSAP; biodiversity; disaster risk reduction; ecosystem resilience; climate change; coastal erosion; Kunming-Montreal Global Biodiversity Framework,Office of Disaster Preparedness and Management,Office of Disaster Preparedness and Management,Official ODPM public page
IFPAM-TT-0001,external_references,"Management Plan for Caroni Swamp Protected Area, 2019–2029","Biodiversity, Ecosystems & Protected Areas",Management plan,9,Caroni Swamp; wetland; Ramsar; mangrove; protected area; management plan; IFPAM; FAO; GEF,National / international project output,Government of Trinidad and Tobago / FAO,Authoritative project bibliography confirms management plan; direct public plan file not independently recovered
IFPAM-TT-0002,external_references,"Management Plan for Nariva Swamp Protected Area, 2019–2029","Biodiversity, Ecosystems & Protected Areas",Management plan,8,Nariva Swamp; wetland; Ramsar; protected area; management plan; IFPAM; FAO; GEF,National / international project output,Government of Trinidad and Tobago / FAO,Authoritative project bibliography confirms management plan; direct public plan file not independently recovered
IFPAM-TT-0003,external_references,"Management Plan for the Main Ridge Forest Reserve National Park, 2019–2029","Biodiversity, Ecosystems & Protected Areas",Management plan,8,Main Ridge Forest Reserve; Tobago; forest; protected area; management plan; IFPAM; FAO; GEF,National / international project output,Government of Trinidad and Tobago / FAO,Authoritative project bibliography confirms management plan; direct public plan file not independently recovered
EXT-BIOPAMA-0001,external_references,"Managing Trinidad and Tobago’s Environmentally Sensitive Areas: First Assessment of Management Effectiveness in Aripo Savannas, Matura National Park and Nariva Swamp","Biodiversity, Ecosystems & Protected Areas",Protected-area management effectiveness project,9,BIOPAMA; METT-4; management effectiveness; Aripo Savannas; Matura National Park; Nariva Swamp; Environmentally Sensitive Areas; protected areas; EMA,EMA project / international programme,Environmental Management Authority / BIOPAMA,Authoritative BIOPAMA project record
GOV-OPM-0001,external_references,National Policy on Gender and Development — Green Paper,Climate Change / Natural Resources / Social Dimensions,National policy / Green Paper,9,Office of the Prime Minister; gender; climate change; natural resource management; environment; adaptation; resilience; green economy; gender impact assessment,Government of Trinidad and Tobago,"Office of the Prime Minister, Government of Trinidad and Tobago",Government policy document — authoritative repository copy
GOV-MPU-FOIA-2020,external_references,2020 FOIA Statement — Ministry of Public Utilities,Information Access / Environmental Data Governance,FOIA Public Statement,6,FOIA; public utilities; document access; water; electricity; utilities governance,Government of Trinidad and Tobago,Ministry of Public Utilities,Official Government FOIA document listing
GOV-TTMS-FOIA-2019,external_references,2019 FOIA Statement — Trinidad and Tobago Meteorological Services Division,Information Access / Environmental Data Governance,FOIA Public Statement,7,FOIA; meteorological services; weather; climate; rainfall; meteorology; document access,Government of Trinidad and Tobago,Trinidad and Tobago Meteorological Services Division / Ministry of Public Utilities,Official Government FOIA document listing
IMA-EXT-0011,external_references,"Heavy metal concentration in sea water, sediment and biota along the East Coast of Trinidad",Marine Pollution / Environmental Quality,Journal article,10,heavy metals; seawater; sediment; biota; East Coast Trinidad; marine pollution; environmental quality; IMA; Institute of Marine Affairs; Trinidad and Tobago,Institute of Marine Affairs,Institute of Marine Affairs,Official Institute of Marine Affairs source
IMA-EXT-0012,external_references,Potential oil spill risk from shipping and the implications for management in the Caribbean Sea,Marine Pollution / Oil Spill Risk,Journal article,10,oil spill; shipping; Caribbean Sea; marine pollution; GIS; spatial modelling; oil spill risk; IMA; Institute of Marine Affairs; Trinidad and Tobago,Institute of Marine Affairs,Institute of Marine Affairs,Official Institute of Marine Affairs source
IMA-EXT-0013,external_references,"A Survey of Bacteriological Water Quality at the Coastline from Bonasse to Fullerton at Cedros Bay, Trinidad",Water Quality / Coastal & Marine,Research report,10,bacteriological water quality; Bonasse; Fullerton; Cedros Bay; bathing water; coastal water quality; microbiology; IMA; Institute of Marine Affairs; Trinidad and Tobago,Institute of Marine Affairs,Institute of Marine Affairs,Official Institute of Marine Affairs source
IMA-EXT-0014,external_references,Heavy Metal Distribution in Water and Sediment in the Caura/Tacarigua Catchment of the Caroni River Basin,Water Quality / Watersheds,Research report,10,heavy metals; Caura; Tacarigua; Caroni River Basin; water quality; sediment; watershed pollution; IMA; Institute of Marine Affairs; Trinidad and Tobago,Institute of Marine Affairs,Institute of Marine Affairs,Official Institute of Marine Affairs source
IMA-EXT-0015,external_references,Heavy Metal Distribution in Coastal Sediment from Trinidad and Tobago,Marine Pollution / Environmental Quality,Research report,10,heavy metals; coastal sediments; Gulf of Paria; Trinidad; Tobago; marine pollution; sediment quality; IMA; Institute of Marine Affairs; Trinidad and Tobago,Institute of Marine Affairs,Institute of Marine Affairs,Official Institute of Marine Affairs source
IMA-EXT-0016,external_references,Attaining Climate Change Mitigation and Adaptation in Coastal Sectors in Trinidad and Tobago,Climate Change / Coastal & Marine,Research report,9,climate change; mitigation; adaptation; coastal sectors; coastal management; climate resilience; IMA; Institute of Marine Affairs; Trinidad and Tobago,Institute of Marine Affairs,Institute of Marine Affairs,Official Institute of Marine Affairs source
IMA-EXT-0017,external_references,An Assessment of the Benthic Communities of the Caroni Swamp,Wetlands / Coastal & Marine,Research report,9,Caroni Swamp; benthic communities; macrofauna; wetlands; ecosystem health; Ramsar; IMA; Institute of Marine Affairs; Trinidad and Tobago,Institute of Marine Affairs,Institute of Marine Affairs,Official Institute of Marine Affairs source
IMA-EXT-0018,external_references,"National Sargassum Response Plan, 2016",Coastal & Marine / Sargassum,Draft report,8,sargassum; response plan; marine algae; coastal management; Sargassum management; IMA; Institute of Marine Affairs; Trinidad and Tobago,Institute of Marine Affairs,Institute of Marine Affairs,Official Institute of Marine Affairs source
IMA-EXT-0019,external_references,Characterisation of Handline Fishing in Grande Riviere Fishing Village and its use as an Alternative to Net Fishing during the Turtle Nesting Season,Fisheries / Biodiversity,Research report,10,Grande Riviere; handline fishing; net fishing; leatherback turtle; sea turtles; bycatch; fisheries; IMA; Institute of Marine Affairs; Trinidad and Tobago,Institute of Marine Affairs,Institute of Marine Affairs,Official Institute of Marine Affairs source
IMA-EXT-0020,external_references,Artificial Incubation Trials of Leatherback Turtle Eggs on Grande Riviere Beach,Biodiversity / Sea Turtles,Research report,8,Grande Riviere; leatherback turtle; turtle eggs; artificial incubation; sea turtle conservation; IMA; Institute of Marine Affairs; Trinidad and Tobago,Institute of Marine Affairs,Institute of Marine Affairs,Official Institute of Marine Affairs source
IMA-EXT-0021,external_references,Coastal Conservation Project: Status of Beaches and Bays in Trinidad 2004–2008,Coastal Processes / Shoreline,Research report,9,beaches; bays; Trinidad; coastal conservation; shoreline; coastal monitoring; IMA; Institute of Marine Affairs; Trinidad and Tobago,Institute of Marine Affairs,Institute of Marine Affairs,Official Institute of Marine Affairs source
IMA-EXT-0022,external_references,Coastal Conservation Project: Status of Beaches and Bays in Tobago 2004–2008,Coastal Processes / Shoreline,Research report,9,beaches; bays; Tobago; coastal conservation; shoreline; coastal monitoring; IMA; Institute of Marine Affairs; Trinidad and Tobago,Institute of Marine Affairs,Institute of Marine Affairs,Official Institute of Marine Affairs source
PAR-TT-0116,parliamentary_evidence,Climate Resilience in the Agricultural Sector - Policy Position Paper 02,Agriculture / Climate Adaptation,Policy Position Paper,9,agriculture; resilience; food security; climate; adaptation; Climate Adaptation; IAMovement; Parliament; Trinidad and Tobago,Parliament,Parliament of the Republic of Trinidad and Tobago,Official Parliament of Trinidad and Tobago record
PAR-TT-0030,parliamentary_evidence,"Eighteenth Report of the Public Accounts Committee - NAMDEVCO, financial years 2014 to 2021, with follow-up on Eleventh Parliament recommendations",Agriculture / Food Systems,Committee Report,4,Agriculture; Food Systems; Parliament; Trinidad and Tobago,Parliament,Parliament of the Republic of Trinidad and Tobago,Official Parliament of Trinidad and Tobago record
PAR-TT-0015,parliamentary_evidence,Eleventh Report of the Public Accounts Committee - Land Settlement Agency,Land / Physical Planning,Committee Report,4,Land; Physical Planning; Parliament; Trinidad and Tobago,Parliament,Parliament of the Republic of Trinidad and Tobago,Official Parliament of Trinidad and Tobago record
PAR-TT-0109,parliamentary_evidence,EMA Further Information to JSC Inquiry into Measures to Address Climate Change,Climate Change / Environmental Governance,Inquiry Submission,13,ESA; mangroves; biodiversity; CEC; MRV; GHG; coastal protection; sea turtles; Climate Change; Environmental Governance; Environmental Management Authority; Parliament; Trinidad and Tobago,Parliament,Parliament of the Republic of Trinidad and Tobago,Official Parliament of Trinidad and Tobago record
PAR-TT-0124,parliamentary_evidence,EMA Submission to Climate Change Inquiry - First Hearing,Climate Change / EMA Role,Inquiry Submission,12,MRV; GHG; NDC; CEC; biodiversity; adaptation; mitigation; Climate Change; EMA Role; Environmental Management Authority; Parliament; Trinidad and Tobago,Parliament,Parliament of the Republic of Trinidad and Tobago,Official Parliament of Trinidad and Tobago record
PAR-TT-0136,parliamentary_evidence,First Report - Continuation Inquiry into Measures for Ensuring Water Security,Water Security,Committee Report,9,water supply; IWRM; drought; watersheds; infrastructure; Water Security; Multiple agencies; Parliament; Trinidad and Tobago,Parliament,Parliament of the Republic of Trinidad and Tobago,Official Parliament of Trinidad and Tobago record
PAR-TT-0129,parliamentary_evidence,Fourth Report - Impact of Landfills on the Environment of Trinidad and Tobago,Waste Management / Landfills,Committee Report,12,landfills; leachate; air; water; health; waste governance; Waste Management; Multiple agencies including SWMCOL; EMA; Ministries; Parliament; Trinidad and Tobago,Parliament,Parliament of the Republic of Trinidad and Tobago,Official Parliament of Trinidad and Tobago record
PAR-TT-0110,parliamentary_evidence,IMA Additional Information to JSC Climate Change Inquiry,Marine / Coastal Climate Change,Inquiry Submission,11,mangroves; seagrass; coral reefs; coastal erosion; marine pollution; ICZM; Marine; Coastal Climate Change; Institute of Marine Affairs; Parliament; Trinidad and Tobago,Parliament,Parliament of the Republic of Trinidad and Tobago,Official Parliament of Trinidad and Tobago record
PAR-TT-0117,parliamentary_evidence,IMA Further Additional Information to JSC Climate Change Inquiry,Marine / Coastal Climate Change,Inquiry Submission,9,coastal monitoring; climate impacts; marine ecosystems; adaptation; Marine; Coastal Climate Change; Institute of Marine Affairs; Parliament; Trinidad and Tobago,Parliament,Parliament of the Republic of Trinidad and Tobago,Official Parliament of Trinidad and Tobago record
PAR-TT-0125,parliamentary_evidence,IMA Response to Climate Change Inquiry,Marine / Coastal Climate Change,Inquiry Submission,10,marine science; coastal monitoring; ecosystems; erosion; sea-level rise; Marine; Coastal Climate Change; Institute of Marine Affairs; Parliament; Trinidad and Tobago,Parliament,Parliament of the Republic of Trinidad and Tobago,Official Parliament of Trinidad and Tobago record
PAR-TT-0134,parliamentary_evidence,Ministerial Response - Energy and Energy Industries to T&TEC Report,Energy / Electricity Utility,Ministerial Response,9,electricity; energy policy; T&TEC; utility governance; Energy; Electricity Utility; Ministry of Energy and Energy Industries; Parliament; Trinidad and Tobago,Parliament,Parliament of the Republic of Trinidad and Tobago,Official Parliament of Trinidad and Tobago record
PAR-TT-0131,parliamentary_evidence,Ministerial Response - Planning and Development to Landfills Report,Waste Management / Environmental Planning,Ministerial Response,9,landfills; planning; environment; regulation; Waste Management; Environmental Planning; Ministry of Planning and Development; Parliament; Trinidad and Tobago,Parliament,Parliament of the Republic of Trinidad and Tobago,Official Parliament of Trinidad and Tobago record
PAR-TT-0127,parliamentary_evidence,Ministerial Response - Planning and Development to WASA Management Report,Watersheds / Land Use / WASA,Ministerial Response,11,watersheds; planning; DevelopTT; CEC; GIS; land degradation; Land Use; WASA; Ministry of Planning and Development; Parliament; Trinidad and Tobago,Parliament,Parliament of the Republic of Trinidad and Tobago,Official Parliament of Trinidad and Tobago record
PAR-TT-0139,parliamentary_evidence,Ministerial Response - Planning and Development to Water Security Report,Water Security / Planning,Ministerial Response,8,watersheds; land use; water; planning; Water Security; Ministry of Planning and Development; Parliament; Trinidad and Tobago,Parliament,Parliament of the Republic of Trinidad and Tobago,Official Parliament of Trinidad and Tobago record
PAR-TT-0130,parliamentary_evidence,Ministerial Response - Public Utilities to Landfills Report,Waste Management / Landfills,Ministerial Response,9,SWMCOL; landfill management; waste policy; infrastructure; Waste Management; Landfills; Ministry of Public Utilities; Parliament; Trinidad and Tobago,Parliament,Parliament of the Republic of Trinidad and Tobago,Official Parliament of Trinidad and Tobago record
PAR-TT-0135,parliamentary_evidence,Ministerial Response - Public Utilities to T&TEC Report,Energy / Electricity Utility,Ministerial Response,9,T&TEC; electricity; infrastructure; utility regulation; Energy; Electricity Utility; Ministry of Public Utilities; Parliament; Trinidad and Tobago,Parliament,Parliament of the Republic of Trinidad and Tobago,Official Parliament of Trinidad and Tobago record
PAR-TT-0128,parliamentary_evidence,Ministerial Response - Public Utilities to WASA Management Report,Water Utility Governance / IWRM,Ministerial Response,9,WASA; restructuring; IWRM; water debt; infrastructure; Water Utility Governance; Ministry of Public Utilities; Parliament; Trinidad and Tobago,Parliament,Parliament of the Republic of Trinidad and Tobago,Official Parliament of Trinidad and Tobago record
PAR-TT-0138,parliamentary_evidence,Ministerial Response - Public Utilities to Water Security Report,Water Security / Utilities,Ministerial Response,9,water; WASA; infrastructure; water resources; Water Security; Utilities; Ministry of Public Utilities; Parliament; Trinidad and Tobago,Parliament,Parliament of the Republic of Trinidad and Tobago,Official Parliament of Trinidad and Tobago record
PAR-TT-0132,parliamentary_evidence,Ministerial Response - Rural Development and Local Government to Landfills Report,Waste Management / Local Government,Ministerial Response,8,municipal waste; landfills; local authorities; Waste Management; Local Government; Ministry of Rural Development and Local Government; Parliament; Trinidad and Tobago,Parliament,Parliament of the Republic of Trinidad and Tobago,Official Parliament of Trinidad and Tobago record
PAR-TT-0137,parliamentary_evidence,Ministerial Response - Rural Development and Local Government to Water Security Report,Water Security / Local Government,Ministerial Response,7,water; local government; infrastructure; Water Security; Ministry of Rural Development and Local Government; Parliament; Trinidad and Tobago,Parliament,Parliament of the Republic of Trinidad and Tobago,Official Parliament of Trinidad and Tobago record
PAR-TT-0140,parliamentary_evidence,Ministerial Response - Works and Transport to Water Security Report,Water Security / Infrastructure,Ministerial Response,8,drainage; water; infrastructure; flooding; Water Security; Ministry of Works and Transport; Parliament; Trinidad and Tobago,Parliament,Parliament of the Republic of Trinidad and Tobago,Official Parliament of Trinidad and Tobago record
PAR-TT-0122,parliamentary_evidence,Ministry of Planning and Development Submission to Climate Change Inquiry - First Hearing,Climate Change Governance / Planning,Inquiry Submission,10,NDC; adaptation; mitigation; national planning; climate policy; Climate Change Governance; Planning; Ministry of Planning and Development; Parliament; Trinidad and Tobago,Parliament,Parliament of the Republic of Trinidad and Tobago,Official Parliament of Trinidad and Tobago record
PAR-TT-0114,parliamentary_evidence,ODPM Additional Information to JSC Climate Change Inquiry,Disaster Risk / Climate Resilience,Inquiry Submission,9,disaster debris; hazards; resilience; emergency planning; Disaster Risk; Climate Resilience; Office of Disaster Preparedness and Management; Parliament; Trinidad and Tobago,Parliament,Parliament of the Republic of Trinidad and Tobago,Official Parliament of Trinidad and Tobago record
PAR-TT-0133,parliamentary_evidence,Second Report - Management of Trinidad and Tobago Electricity Commission (T&TEC),Energy / Electricity Utility,Committee Report,9,electricity; energy; utility governance; infrastructure; tariffs; Electricity Utility; Trinidad and Tobago Electricity Commission; Parliament; Trinidad and Tobago,Parliament,Parliament of the Republic of Trinidad and Tobago,Official Parliament of Trinidad and Tobago record
PAR-TT-0035,parliamentary_evidence,"Seventeenth Report of the Public Accounts Committee - Regulated Industries Commission, financial years 2014 to 2018",Utility Regulation,Committee Report,3,Utility Regulation; Parliament; Trinidad and Tobago,Parliament,Parliament of the Republic of Trinidad and Tobago,Official Parliament of Trinidad and Tobago record
PAR-TT-0008,parliamentary_evidence,Sixteenth Report - JSC Group 1 - Environmental Management Authority (EMA),Environmental Governance / EMA,Committee Report,4,Environmental Governance; EMA; Parliament; Trinidad and Tobago,Parliament,Parliament of the Republic of Trinidad and Tobago,Official Parliament of Trinidad and Tobago record
PAR-TT-0113,parliamentary_evidence,SWMCOL Additional Information to JSC Climate Change Inquiry,Waste Management / Climate Change,Inquiry Submission,10,landfills; methane; solid waste; resilience; emissions; Waste Management; Climate Change; Trinidad and Tobago Solid Waste Management Company Limited; Parliament; Trinidad and Tobago,Parliament,Parliament of the Republic of Trinidad and Tobago,Official Parliament of Trinidad and Tobago record
PAR-TT-0118,parliamentary_evidence,SWMCOL Written Submission to Climate Change Inquiry - Third Hearing,Waste Management / Climate Change,Inquiry Submission,10,landfill management; waste; GHG; methane; recycling; Waste Management; Climate Change; Trinidad and Tobago Solid Waste Management Company Limited; Parliament; Trinidad and Tobago,Parliament,Parliament of the Republic of Trinidad and Tobago,Official Parliament of Trinidad and Tobago record
PAR-TT-0126,parliamentary_evidence,Third Report - Management of WASA and 2020 Cabinet Sub-Committee Recommendations,Water Utility Governance / Water Security,Committee Report,11,WASA; restructuring; IWRM; watersheds; water supply; Water Utility Governance; Water Security; Water and Sewerage Authority; Ministry of Public Utilities; Parliament; Trinidad and Tobago,Parliament,Parliament of the Republic of Trinidad and Tobago,Official Parliament of Trinidad and Tobago record
PAR-TT-0111,parliamentary_evidence,Trinidad and Tobago Dry Season and Drought Management Plans,Water Security / Drought,Policy / Technical Plan,9,dry season; drought; water supply; resilience; adaptation; Water Security; Water and Sewerage Authority; Parliament; Trinidad and Tobago,Parliament,Parliament of the Republic of Trinidad and Tobago,Official Parliament of Trinidad and Tobago record
PAR-TT-0022,parliamentary_evidence,"Twelfth Report of the Joint Select Committee on Local Authorities, Service Commissions and Statutory Authorities (including the THA), Third Session (2022/2023), on an inquiry into the operations of the Environmental Management Authority (with a specific focus on noise pollution)",Environmental Governance / EMA,Committee Report,4,Environmental Governance; EMA; Parliament; Trinidad and Tobago,Parliament,Parliament of the Republic of Trinidad and Tobago,Official Parliament of Trinidad and Tobago record
PAR-TT-0046,parliamentary_evidence,Twelfth Report of the Public Accounts Committee - Ministry of Energy and Energy Industries,Energy / Electricity,Committee Report,4,Energy; Electricity; Parliament; Trinidad and Tobago,Parliament,Parliament of the Republic of Trinidad and Tobago,Official Parliament of Trinidad and Tobago record
PAR-TT-0019,parliamentary_evidence,Twenty-Sixth Report of the Public Accounts Committee - Environmental Management Authority (EMA),Environmental Governance / EMA,Committee Report,4,Environmental Governance; EMA; Parliament; Trinidad and Tobago,Parliament,Parliament of the Republic of Trinidad and Tobago,Official Parliament of Trinidad and Tobago record
PAR-TT-0112,parliamentary_evidence,WASA Additional Information to JSC Climate Change Inquiry,Water Security / Climate Adaptation,Inquiry Submission,9,water utility; climate risk; infrastructure; water supply; Water Security; Climate Adaptation; Water and Sewerage Authority; Parliament; Trinidad and Tobago,Parliament,Parliament of the Republic of Trinidad and Tobago,Official Parliament of Trinidad and Tobago record
PAR-TT-0120,parliamentary_evidence,WASA Written Submission to Climate Change Inquiry - Third Hearing,Water Security / Climate Adaptation,Inquiry Submission,9,water resources; supply; climate risk; drought; Water Security; Climate Adaptation; Water and Sewerage Authority; Parliament; Trinidad and Tobago,Parliament,Parliament of the Republic of Trinidad and Tobago,Official Parliament of Trinidad and Tobago record
GAZ-TT-0001,gazette_records,Gazette No. 113 of 2001 — Certificate of Environmental Clearance Rules (Legal Notice No. 104 of 2001),CEC / EIA & permitting,Legal Notice / Gazette,6,CEC; EIA & permitting; Legal Notice; Gazette; EMA; Trinidad and Tobago,Gazette,Government Printery / Government of the Republic of Trinidad and Tobago,Official Government Gazette
GAZ-TT-0002,gazette_records,Gazette No. 132 of 2001 — EMA Public Statement and Environmental Document Index,Environmental governance / information access,Government Gazette,7,Environmental governance; information access; Government Gazette; Gazette; legal notice; EMA; Trinidad and Tobago,Gazette,Government Printery / Government of the Republic of Trinidad and Tobago,Official Government Gazette
GAZ-TT-0003,gazette_records,Gazette No. 37 of 2001 — Noise Pollution Control Rules procedural publication,Noise,Government Gazette / Legal Notice,6,Noise; Government Gazette; Legal Notice; Gazette; EMA; Trinidad and Tobago,Gazette,Government Printery / Government of the Republic of Trinidad and Tobago,Official Government Gazette
GAZ-TT-0004,gazette_records,Gazette No. 98 of 2001 — Notice of Final Action on Noise Pollution Control Rules,Noise,Government Gazette,6,Noise; Government Gazette; Gazette; legal notice; EMA; Trinidad and Tobago,Gazette,Government Printery / Government of the Republic of Trinidad and Tobago,Official Government Gazette
GAZ-TT-0005,gazette_records,Legal Notice No. 129 of 2008 — Draft Waste Management Rules,Waste & materials,Legal Notice / consultation,6,Waste & materials; Legal Notice; consultation; Gazette; EMA; Trinidad and Tobago,Gazette,Government Printery / Government of the Republic of Trinidad and Tobago,Official Government Gazette
GAZ-TT-0006,gazette_records,"Legal Notice No. 12 of 2015 — Air Pollution Rules, 2014",Air & emissions,Legal Notice,5,Air & emissions; Legal Notice; Gazette; EMA; Trinidad and Tobago,Gazette,Government Printery / Government of the Republic of Trinidad and Tobago,Official Government Gazette
GAZ-TT-0007,gazette_records,Gazette No. 139 of 2019 — Water Pollution Rules and Water Pollution Fees Regulations,Water & watersheds,Government Gazette / Legal Notice,6,Water & watersheds; Government Gazette; Legal Notice; Gazette; EMA; Trinidad and Tobago,Gazette,Government Printery / Government of the Republic of Trinidad and Tobago,Official Government Gazette
GAZ-TT-0008,gazette_records,"Legal Notice No. 184 of 2021 — Waste Management Rules, 2021",Waste & materials,Legal Notice,5,Waste & materials; Legal Notice; Gazette; EMA; Trinidad and Tobago,Gazette,Government Printery / Government of the Republic of Trinidad and Tobago,Official Government Gazette
GAZ-TT-0009,gazette_records,"Legal Notice No. 18 of 2022 — Noise Pollution Control (Amendment) Rules, 2022",Noise,Legal Notice,5,Noise; Legal Notice; Gazette; EMA; Trinidad and Tobago,Gazette,Government Printery / Government of the Republic of Trinidad and Tobago,Official Government Gazette
GAZ-TT-0010,gazette_records,Gazette No. 136 of 2022 — EMA Updated Public Statement,Environmental governance / information access,Government Gazette,7,Environmental governance; information access; Government Gazette; Gazette; legal notice; EMA; Trinidad and Tobago,Gazette,Government Printery / Government of the Republic of Trinidad and Tobago,Official Government Gazette
GAZ-TT-0011,gazette_records,Gazette No. 129 of 2023 — EMA Updated Public Statement,Environmental governance / information access,Government Gazette,7,Environmental governance; information access; Government Gazette; Gazette; legal notice; EMA; Trinidad and Tobago,Gazette,Government Printery / Government of the Republic of Trinidad and Tobago,Official Government Gazette
GAZ-TT-0012,gazette_records,"Gazette No. 116 of 2024 — EMA EIA Public Comment Notice, Oilbelt Services Ltd.",CEC / EIA & permitting,Government Gazette / EIA notice,8,CEC; EIA & permitting; Government Gazette; EIA notice; Gazette; legal notice; EMA; Trinidad and Tobago,Gazette,Government Printery / Government of the Republic of Trinidad and Tobago,Official Government Gazette
GAZ-TT-0013,gazette_records,Gazette No. 128 of 2024 — EMA Updated Public Statement,Environmental governance / information access,Government Gazette,7,Environmental governance; information access; Government Gazette; Gazette; legal notice; EMA; Trinidad and Tobago,Gazette,Government Printery / Government of the Republic of Trinidad and Tobago,Official Government Gazette
GAZ-TT-0014,gazette_records,Gazette No. 190 of 2025 — Assignment of responsibility for environmental bodies and functions,Environmental governance,Government Gazette,6,Environmental governance; Government Gazette; Gazette; legal notice; EMA; Trinidad and Tobago,Gazette,Government Printery / Government of the Republic of Trinidad and Tobago,Official Government Gazette
GAZ-TT-0015,gazette_records,Gazette No. 81 of 2025 — Ministerial assignments relevant to environmental governance,Environmental Governance / Institutional Responsibilities,Government Gazette / Administrative responsibility,18,government gazette; ministerial responsibility; environmental policy; climate change; Green Fund; sustainable development; EMA; IMA; forestry; national parks; wildlife; biosafety; Environmental Commission; WASA; Water Resources Agency; SWMCOL; waste management; local government,Gazette,Government Printery / Government of the Republic of Trinidad and Tobago,Official Government Gazette
STAT-TT-0001,statistical_context,Socio-Economic Study related to Protected Areas in Trinidad and Tobago,Biodiversity & protected areas,Socio-economic survey,7,Biodiversity & protected areas; Socio-economic survey; Central Statistical Office; FAO; Trinidad and Tobago; statistics; environmental context,Statistical,Central Statistical Office / FAO,Official Trinidad and Tobago statistical/economic source
STAT-TT-0002,statistical_context,"Business Establishments by Employment Size and Industry (ISIC Rev.4), 2018",Industry / environmental pressure,Official statistics dataset,7,Industry; environmental pressure; Official statistics dataset; Central Statistical Office; Trinidad and Tobago; statistics; environmental context,Statistical,Central Statistical Office,Official Trinidad and Tobago statistical/economic source
STAT-TT-0003,statistical_context,"Business Establishments by Employment Size and Region, 2018","Land, planning & regional activity",Official statistics dataset,7,Land; planning & regional activity; Official statistics dataset; Central Statistical Office; Trinidad and Tobago; statistics; environmental context,Statistical,Central Statistical Office,Official Trinidad and Tobago statistical/economic source
STAT-TT-0004,statistical_context,"Business Establishments by Region, 2018","Land, planning & regional activity",Official statistics dataset,7,Land; planning & regional activity; Official statistics dataset; Central Statistical Office; Trinidad and Tobago; statistics; environmental context,Statistical,Central Statistical Office,Official Trinidad and Tobago statistical/economic source
STAT-TT-0005,statistical_context,Index of Employment — All Employees,Industry / employment,Official economic time series,7,Industry; employment; Official economic time series; Central Statistical Office; Trinidad and Tobago; statistics; environmental context,Statistical,Central Statistical Office,Official Trinidad and Tobago statistical/economic source
STAT-TT-0006,statistical_context,Index of Employment — Production Employees,Industry / employment,Official economic time series,7,Industry; employment; Official economic time series; Central Statistical Office; Trinidad and Tobago; statistics; environmental context,Statistical,Central Statistical Office,Official Trinidad and Tobago statistical/economic source
STAT-TT-0007,statistical_context,"Expenditure on Research and Development by Sector, 2017–2021",Research & environmental knowledge capacity,Science and technology indicators,6,Research & environmental knowledge capacity; Science and technology indicators; NIHERST; Trinidad and Tobago; statistics; environmental context,Statistical,NIHERST,Official Trinidad and Tobago statistical/economic source
STAT-TT-0008,statistical_context,Review of the Economy — annual series,Economy / environment context,Annual economic review series,7,Economy; environment context; Annual economic review series; Ministry of Finance; Trinidad and Tobago; statistics; environmental context,Statistical,Ministry of Finance,Official Trinidad and Tobago statistical/economic source
STAT-TT-0009,statistical_context,First Compendium of Environmental Statistics — Trinidad and Tobago,Cross-cutting Environmental Statistics,Environmental statistics collection,13,environment statistics; compendium; agriculture; coastal; energy; fisheries; biodiversity; waste; water; Trinidad and Tobago; Cross-cutting Environmental Statistics; research; statistics,Statistical,Central Statistical Office,Official Trinidad and Tobago research/statistical source
STAT-TT-0010,statistical_context,Second Compendium of Environmental Statistics — Trinidad and Tobago,Cross-cutting Environmental Statistics,Environmental statistics collection,13,environment statistics; compendium; agriculture; coastal; energy; fisheries; biodiversity; waste; water; Trinidad and Tobago; Cross-cutting Environmental Statistics; research; statistics,Statistical,Central Statistical Office,Official Trinidad and Tobago research/statistical source
STAT-TT-0011,statistical_context,Annual 2019 Ambient Air Quality Monitoring Report,Air Quality / AAQMN,Technical monitoring report,10,air quality; AAQMN; ambient air; monitoring; EMA; 2019; Trinidad and Tobago; Air Quality / AAQMN; research; statistics,Statistical,Environmental Management Authority (EMA),Official Trinidad and Tobago research/statistical source
STAT-TT-0012,statistical_context,Q1 2020 Ambient Air Quality Monitoring Report,Air Quality / AAQMN,Technical monitoring report,10,air quality; AAQMN; ambient air; monitoring; EMA; 2020 Q1; Trinidad and Tobago; Air Quality / AAQMN; research; statistics,Statistical,Environmental Management Authority (EMA),Official Trinidad and Tobago research/statistical source
STAT-TT-0013,statistical_context,Q2 2020 Ambient Air Quality Monitoring Report,Air Quality / AAQMN,Technical monitoring report,10,air quality; AAQMN; ambient air; monitoring; EMA; 2020 Q2; Trinidad and Tobago; Air Quality / AAQMN; research; statistics,Statistical,Environmental Management Authority (EMA),Official Trinidad and Tobago research/statistical source
STAT-TT-0014,statistical_context,Q3 2020 Ambient Air Quality Monitoring Report,Air Quality / AAQMN,Technical monitoring report,10,air quality; AAQMN; ambient air; monitoring; EMA; 2020 Q3; Trinidad and Tobago; Air Quality / AAQMN; research; statistics,Statistical,Environmental Management Authority (EMA),Official Trinidad and Tobago research/statistical source
STAT-TT-0015,statistical_context,Q4 2020 Ambient Air Quality Monitoring Report,Air Quality / AAQMN,Technical monitoring report,10,air quality; AAQMN; ambient air; monitoring; EMA; 2020 Q4; Trinidad and Tobago; Air Quality / AAQMN; research; statistics,Statistical,Environmental Management Authority (EMA),Official Trinidad and Tobago research/statistical source
STAT-TT-0016,statistical_context,"Survey of Environmental Awareness and Practices, 2013",Environmental Awareness / Behaviour,Environmental survey,10,environment; awareness; practices; behaviour; public perception; environmental literacy; Trinidad and Tobago; Environmental Awareness / Behaviour; research; statistics,Statistical,NIHERST,Official Trinidad and Tobago research/statistical source
STAT-TT-0017,statistical_context,"Survey of Environmental Awareness and Practices, 2008",Environmental Awareness / Behaviour,Environmental survey,10,environment; awareness; practices; behaviour; public perception; environmental literacy; Trinidad and Tobago; Environmental Awareness / Behaviour; research; statistics,Statistical,NIHERST,Official Trinidad and Tobago research/statistical source
STAT-TT-0018,statistical_context,"Survey of Innovation in the Chemical and Non-metallic Products Industry, 2009",Industry / Chemicals / Manufacturing,Innovation survey,9,innovation; chemicals; manufacturing; industry; non-metallic products; Trinidad and Tobago; Industry / Chemicals / Manufacturing; research; statistics,Statistical,NIHERST,Official Trinidad and Tobago research/statistical source
STAT-TT-0019,statistical_context,"Science and Technology Indicators, 2000–2004",Research / STI Capacity,Indicator report,9,science technology indicators; STI; R&D; research capacity; innovation; Trinidad and Tobago; Research / STI Capacity; research; statistics,Statistical,NIHERST,Official Trinidad and Tobago research/statistical source
STAT-TT-0020,statistical_context,"Social and Economic Indicators, 2006–2011",Socio-economic Context,Indicator report,8,social indicators; economic indicators; socio-economic; national indicators; Trinidad and Tobago; Socio-economic Context; research; statistics,Statistical,NIHERST,Official Trinidad and Tobago research/statistical source
STAT-TT-0021,statistical_context,"MIST Booklet — Measurement of Innovation, Science and Technology",Research / Indicators / Innovation,STI measurement resource,8,MIST; STI measurement; research indicators; science technology innovation; Trinidad and Tobago; Research / Indicators / Innovation; research; statistics,Statistical,NIHERST,Official Trinidad and Tobago research/statistical source
STAT-TT-0022,statistical_context,"Survey on the Public Perception of Science, 2012",Science Communication / Public Engagement,Public perception survey,9,science communication; public perception; public engagement; trust; awareness; Trinidad and Tobago; Science Communication / Public Engagement; research; statistics,Statistical,NIHERST,Official Trinidad and Tobago research/statistical source
STAT-TT-0023,statistical_context,NIHERST Rainwater Harvesting Programme,Water Conservation / Education,Programme / technical information page,9,rainwater harvesting; water conservation; education; training; sustainable development; Trinidad and Tobago; Water Conservation / Education; research; statistics,Statistical,NIHERST,Official Trinidad and Tobago research/statistical source
STAT-TT-0024,statistical_context,"Multiple Indicator Cluster Survey (MICS 4), 2011",Water / Sanitation / Household Context,Survey report,9,MICS; households; water; sanitation; household survey; 2011; Trinidad and Tobago; research; statistics,Statistical,Central Statistical Office,Official Trinidad and Tobago research/statistical source
STAT-TT-0025,statistical_context,"Multiple Indicator Cluster Survey (MICS 3), 2006",Water / Sanitation / Household Context,Survey report,9,MICS; households; environment; water; sanitation; 2006; Trinidad and Tobago; research; statistics,Statistical,Central Statistical Office,Official Trinidad and Tobago research/statistical source
STAT-TT-0026,statistical_context,2023 Household Budget Survey / Survey of Living Conditions collection,Household / Living Conditions / Environmental Context,Survey collection,11,HBS; SLC; water; electricity; household amenities; food; vulnerability; living conditions; Trinidad and Tobago; research; statistics,Statistical,Central Statistical Office,Official Trinidad and Tobago research/statistical source
STAT-TT-0027,statistical_context,Second Compendium — Land Use and Development Tables,Land Use / Development,Data table,7,environmental statistics; land use; development; second compendium; Trinidad and Tobago; research; statistics,Statistical,Central Statistical Office,Official Trinidad and Tobago research/statistical source
STAT-TT-0028,statistical_context,"Second Compendium — Forestry, Wildlife and Biodiversity Tables",Biodiversity / Forestry / Wildlife,Data table,8,environmental statistics; biodiversity; forestry; wildlife; second compendium; Trinidad and Tobago; research; statistics,Statistical,Central Statistical Office,Official Trinidad and Tobago research/statistical source
STAT-TT-0029,statistical_context,Second Compendium — Fisheries and Aquaculture Tables,Fisheries / Aquaculture / Marine,Data table,8,environmental statistics; fisheries; aquaculture; marine; second compendium; Trinidad and Tobago; research; statistics,Statistical,Central Statistical Office,Official Trinidad and Tobago research/statistical source
STAT-TT-0030,statistical_context,Second Compendium — Water Resources Tables,Water Resources,Data table,7,environmental statistics; water resources; water; second compendium; Trinidad and Tobago; research; statistics,Statistical,Central Statistical Office,Official Trinidad and Tobago research/statistical source
STAT-TT-0031,statistical_context,Second Compendium — Coastal Areas Tables,Coastal / Marine,Data table,8,environmental statistics; coastal areas; coastal; marine; second compendium; Trinidad and Tobago; research; statistics,Statistical,Central Statistical Office,Official Trinidad and Tobago research/statistical source
STAT-TT-0032,statistical_context,Second Compendium — Natural Hazards Tables,Natural Hazards / Resilience,Data table,8,environmental statistics; natural hazards; hazards; resilience; second compendium; Trinidad and Tobago; research; statistics,Statistical,Central Statistical Office,Official Trinidad and Tobago research/statistical source
STAT-TT-0033,statistical_context,Second Compendium — Solid Waste Management Tables,Waste / Materials,Data table,7,environmental statistics; solid waste; waste management; second compendium; Trinidad and Tobago; research; statistics,Statistical,Central Statistical Office,Official Trinidad and Tobago research/statistical source
STAT-TT-0034,statistical_context,"Greenhouse Gas Emissions, 2018",Climate Change / Greenhouse Gas,Data table,9,greenhouse gas; GHG; emissions; climate change; inventory; 2018; Trinidad and Tobago; research; statistics,Statistical,Central Statistical Office,Official Trinidad and Tobago research/statistical source
STAT-TT-0035,statistical_context,"Summary Detail of Greenhouse Gas in CO₂-eq, 2006–2018",Climate Change / Greenhouse Gas,Data table,10,greenhouse gas; GHG; CO2e; emissions; climate change; 2006; 2018; Trinidad and Tobago; research; statistics,Statistical,Central Statistical Office,Official Trinidad and Tobago research/statistical source
STAT-TT-0036,statistical_context,Energy Services Sectoral Innovation Mapping Study,Energy / Innovation / Transition,Research report,9,energy services; innovation; sectoral innovation mapping; energy transition; diversification; NIHERST; Trinidad and Tobago; research; statistics,Statistical,NIHERST,Official Trinidad and Tobago research/statistical source
STAT-TT-0037,statistical_context,Assessment of 21st Century Skills — Agro-processing Sector,Agriculture / Production / Skills,Research report,9,agro-processing; agriculture; skills; workforce; sustainable production; NIHERST; Trinidad and Tobago; research; statistics,Statistical,NIHERST,Official Trinidad and Tobago research/statistical source
STAT-TT-0038,statistical_context,Assessment of 21st Century Skills — Tourism Sector,Tourism / Sustainable Development / Skills,Research report,8,tourism; skills; workforce; sustainable tourism; NIHERST; Trinidad and Tobago; research; statistics,Statistical,NIHERST,Official Trinidad and Tobago research/statistical source
STAT-TT-0039,statistical_context,Assessment of 21st Century Skills — Maritime Sector,Coastal / Marine / Blue Economy / Skills,Research report,10,maritime; blue economy; coastal; marine; skills; workforce; NIHERST; Trinidad and Tobago; research; statistics,Statistical,NIHERST,Official Trinidad and Tobago research/statistical source
STAT-TT-0040,statistical_context,UNFCCC Fellowship Presentation — Climate Data,Climate Change / Data / UNFCCC,Presentation,8,UNFCCC; climate data; climate change; fellowship; NIHERST; Trinidad and Tobago; research; statistics,Statistical,NIHERST,Official Trinidad and Tobago research/statistical source
STAT-TT-0041,statistical_context,UNFCCC Fellowship Final Report — Joanne Chin Sang,Climate Change / Data / UNFCCC,Technical report,9,UNFCCC; climate data; climate change; fellowship; technical report; NIHERST; Trinidad and Tobago; research; statistics,Statistical,NIHERST,Official Trinidad and Tobago research/statistical source
STAT-TT-0042,statistical_context,Foresight / Niche Manufacturing Sector — Chapter 2,Industry / Materials / Innovation,Research report chapter,10,manufacturing; green materials; plastics; innovation; foresight; environmental policy; NIHERST; Trinidad and Tobago; research; statistics,Statistical,NIHERST,Official Trinidad and Tobago research/statistical source
STAT-TT-0043,statistical_context,First Compendium — Chapter 2: Economy and Energy Tables,Economy and Energy,Data table,5,environmental statistics; economy and energy; first compendium of environmental statistics 2004; CSO; Trinidad and Tobago,Statistical,Central Statistical Office,Official Trinidad and Tobago research/statistical source
STAT-TT-0044,statistical_context,First Compendium — Chapter 3: Human Settlement Tables,Human Settlement,Data table,5,environmental statistics; human settlement; first compendium of environmental statistics 2004; CSO; Trinidad and Tobago,Statistical,Central Statistical Office,Official Trinidad and Tobago research/statistical source
STAT-TT-0045,statistical_context,First Compendium — Chapter 4: Land Use Tables,Land Use,Data table,5,environmental statistics; land use; first compendium of environmental statistics 2004; CSO; Trinidad and Tobago,Statistical,Central Statistical Office,Official Trinidad and Tobago research/statistical source
STAT-TT-0046,statistical_context,First Compendium — Chapter 5: Agriculture Tables,Agriculture,Data table,5,environmental statistics; agriculture; first compendium of environmental statistics 2004; CSO; Trinidad and Tobago,Statistical,Central Statistical Office,Official Trinidad and Tobago research/statistical source
STAT-TT-0047,statistical_context,"First Compendium — Chapter 6: Forestry, Wildlife and Biodiversity Tables","Forestry, Wildlife and Biodiversity",Data table,5,"environmental statistics; forestry, wildlife and biodiversity; first compendium of environmental statistics 2004; CSO; Trinidad and Tobago",Statistical,Central Statistical Office,Official Trinidad and Tobago research/statistical source
STAT-TT-0048,statistical_context,First Compendium — Chapter 7: Fisheries and Aquaculture Tables,Fisheries and Aquaculture,Data table,5,environmental statistics; fisheries and aquaculture; first compendium of environmental statistics 2004; CSO; Trinidad and Tobago,Statistical,Central Statistical Office,Official Trinidad and Tobago research/statistical source
STAT-TT-0049,statistical_context,First Compendium — Chapter 8: Water Resources Tables,Water Resources,Data table,5,environmental statistics; water resources; first compendium of environmental statistics 2004; CSO; Trinidad and Tobago,Statistical,Central Statistical Office,Official Trinidad and Tobago research/statistical source
STAT-TT-0050,statistical_context,First Compendium — Chapter 9: Coastal Areas Tables,Coastal Areas,Data table,5,environmental statistics; coastal areas; first compendium of environmental statistics 2004; CSO; Trinidad and Tobago,Statistical,Central Statistical Office,Official Trinidad and Tobago research/statistical source
STAT-TT-0051,statistical_context,First Compendium — Chapter 10: Transport Tables,Transport,Data table,5,environmental statistics; transport; first compendium of environmental statistics 2004; CSO; Trinidad and Tobago,Statistical,Central Statistical Office,Official Trinidad and Tobago research/statistical source
STAT-TT-0052,statistical_context,First Compendium — Chapter 12: Natural Hazards Tables,Natural Hazards,Data table,5,environmental statistics; natural hazards; first compendium of environmental statistics 2004; CSO; Trinidad and Tobago,Statistical,Central Statistical Office,Official Trinidad and Tobago research/statistical source
STAT-TT-0053,statistical_context,First Compendium — Chapter 13: Tourism Tables,Tourism,Data table,5,environmental statistics; tourism; first compendium of environmental statistics 2004; CSO; Trinidad and Tobago,Statistical,Central Statistical Office,Official Trinidad and Tobago research/statistical source
STAT-TT-0054,statistical_context,First Compendium — Chapter 14: Solid Waste Tables,Solid Waste,Data table,5,environmental statistics; solid waste; first compendium of environmental statistics 2004; CSO; Trinidad and Tobago,Statistical,Central Statistical Office,Official Trinidad and Tobago research/statistical source
STAT-TT-0055,statistical_context,"First Compendium — Chapter 15: Environmental Legislation, International Conventions and Protocols Tables","Environmental Legislation, International Conventions and Protocols",Data table,5,"environmental statistics; environmental legislation, international conventions and protocols; first compendium of environmental statistics 2004; CSO; Trinidad and Tobago",Statistical,Central Statistical Office,Official Trinidad and Tobago research/statistical source
STAT-TT-0056,statistical_context,Second Compendium — Chapter 2: Energy Tables,Energy,Data table,5,environmental statistics; energy; second compendium of environmental statistics 2007; CSO; Trinidad and Tobago,Statistical,Central Statistical Office,Official Trinidad and Tobago research/statistical source
STAT-TT-0057,statistical_context,Second Compendium — Chapter 3: Housing and Human Settlement Tables,Housing and Human Settlement,Data table,5,environmental statistics; housing and human settlement; second compendium of environmental statistics 2007; CSO; Trinidad and Tobago,Statistical,Central Statistical Office,Official Trinidad and Tobago research/statistical source
STAT-TT-0058,statistical_context,Second Compendium — Chapter 5: Agriculture Tables,Agriculture,Data table,5,environmental statistics; agriculture; second compendium of environmental statistics 2007; CSO; Trinidad and Tobago,Statistical,Central Statistical Office,Official Trinidad and Tobago research/statistical source
STAT-TT-0059,statistical_context,Second Compendium — Chapter 10: Transport Tables,Transport,Data table,5,environmental statistics; transport; second compendium of environmental statistics 2007; CSO; Trinidad and Tobago,Statistical,Central Statistical Office,Official Trinidad and Tobago research/statistical source
STAT-TT-0060,statistical_context,Second Compendium — Chapter 13: Tourism Tables,Tourism,Data table,5,environmental statistics; tourism; second compendium of environmental statistics 2007; CSO; Trinidad and Tobago,Statistical,Central Statistical Office,Official Trinidad and Tobago research/statistical source
STAT-TT-0061,statistical_context,Second Compendium — Chapter 15: Environmental Conventions and International Protocols Tables,Environmental Conventions and International Protocols,Data table,5,environmental statistics; environmental conventions and international protocols; second compendium of environmental statistics 2007; CSO; Trinidad and Tobago,Statistical,Central Statistical Office,Official Trinidad and Tobago research/statistical source
STAT-TT-0062,statistical_context,Report on Socio-Economic Survey related to Protected Areas – Data Tables,Protected Areas / Socio-Economic,Data table,8,protected areas; biodiversity; livelihoods; Caroni; Main Ridge; Matura; Nariva; socio-economic,Statistical,Central Statistical Office / FAO / Government of Trinidad and Tobago,Official Trinidad and Tobago research/statistical source
STAT-TT-0063,statistical_context,Highlights of the 2004 Agricultural Census,Agriculture / Land Use,Statistical report,6,agricultural census; agriculture; farms; land use; 2004; CSO,Statistical,Central Statistical Office,Official Trinidad and Tobago research/statistical source
STAT-TT-0064,statistical_context,Human Development Atlas,Human Development / Regional Baseline,Statistical atlas,7,human development; regional development; poverty; infrastructure; water; sanitation; CSO,Statistical,Central Statistical Office,Official Trinidad and Tobago research/statistical source
STAT-TT-0065,statistical_context,2011 Population and Housing Census Demographic Report,Population / Settlement Baseline,Census report,7,census; population; housing; demographics; settlement; 2011; CSO,Statistical,Central Statistical Office,Official Trinidad and Tobago research/statistical source
REG-CANARI-001,regional_references,"Participatory management planning for the Aripo Savannas, a protected area in Trinidad","Biodiversity, Ecosystems & Protected Areas",Technical / Research Report,5,Aripo Savannas; protected areas; participatory planning; management planning; EMA,Regional Environmental Source,Caribbean Natural Resources Institute (CANARI),Verified public source
REG-CANARI-002,regional_references,Creating a road map for the participatory development of protected area management plans in Trinidad and Tobago,"Biodiversity, Ecosystems & Protected Areas",Technical / Research Report,4,protected areas; participatory planning; Trinidad and Tobago; EMA,Regional Environmental Source,Caribbean Natural Resources Institute (CANARI),Verified public source
REG-CANARI-003,regional_references,Strengthening institutional arrangements in Trinidad and Tobago to facilitate climate change adaptation policy formulation and execution,Climate Change & Resilience,Technical / Research Report,4,climate adaptation; institutions; coordination; information management,Regional Environmental Source,Caribbean Natural Resources Institute (CANARI),Verified public source
REG-CARICOM-001,regional_references,Caribbean Community Environment and Natural Resources Policy Framework,"Environmental Governance, Law & Policy","Policy, Strategy & Plan",4,CARICOM; environment policy; natural resources; regional framework,Regional Environmental Source,Caribbean Community (CARICOM),Verified public source
REG-CARICOM-002,regional_references,Trinidad and Tobago Environment Profile 2010–2023,"Environmental Governance, Law & Policy",Dataset / Data Table / Register,4,environment statistics; Trinidad and Tobago; CARICOM; dataset,Regional Environmental Source,CARICOM Statistics,Verified public source
REG-CARICOM-003,regional_references,Caribbean Community Climate Change Statistics 2020,Climate Change & Resilience,Dataset / Data Table / Register,5,climate statistics; CARICOM; adaptation; mitigation; vulnerability,Regional Environmental Source,Caribbean Community (CARICOM),Verified public source
REG-CCREEE-001,regional_references,2023 Energy Report Card – Trinidad & Tobago,Energy & Low-Carbon Transition,Dataset / Data Table / Register,5,renewable energy; electricity; energy efficiency; Trinidad and Tobago; CCREEE,Regional Environmental Source,Caribbean Centre for Renewable Energy and Energy Efficiency (CCREEE),Verified public source
REG-CARPHA-001,regional_references,Health Research Agenda for the Caribbean – Environmental Health Priorities,Air & Atmosphere,Technical / Research Report,5,environmental health; air quality; water quality; chemicals; research priorities,Regional Environmental Source,Caribbean Public Health Agency (CARPHA),Verified public source
REG-CCCCC-001,regional_references,Caribbean Climate Models and Country Data,Climate Change & Resilience,Dataset / Data Table / Register,5,climate models; projections; NetCDF; regional climate; dataset,Regional Environmental Source,Caribbean Community Climate Change Centre (CCCCC),Verified public source
REG-CCCCC-002,regional_references,"Caribbean Coral Reef Early Warning System – Angel’s Reef, Tobago",Coastal & Marine,Dataset / Data Table / Register,5,Tobago; coral reef; marine monitoring; climate; CREWS,Regional Environmental Source,Caribbean Community Climate Change Centre (CCCCC),Verified public source
REG-UNEPCEP-001,regional_references,Prevention of Marine Litter in the Caribbean Sea,"Waste, Chemicals & Circular Economy",Technical / Research Report,4,marine litter; plastic pollution; Caribbean Sea; waste,Regional Environmental Source,UNEP Caribbean Environment Programme,Verified public source
REG-BCRC-001,regional_references,Improving the Caroni Ramsar Nature Reserve – Reducing the Impact of Beetham Landfill,"Waste, Chemicals & Circular Economy",Technical / Research Report,6,Beetham Landfill; Caroni Swamp; microplastics; leachate; litter; Ramsar,Regional Environmental Source,Basel Convention Regional Centre for the Caribbean / SWMCOL,Verified public source
CMP-OECS-001,regional_references,Eastern Caribbean Regional Ocean Policy,Coastal & Marine,"Policy, Strategy & Plan",4,ocean policy; marine governance; OECS; comparative,Regional Environmental Source,Organisation of Eastern Caribbean States (OECS),Verified public source
CMP-OECS-002,regional_references,Recycle OECS – Regional Recycling Solutions Case Study,"Waste, Chemicals & Circular Economy",Technical / Research Report,5,recycling; plastic waste; circular economy; comparative; OECS,Regional Environmental Source,Organisation of Eastern Caribbean States (OECS),Verified public source
CMP-OECS-003,regional_references,Recycle OECS Waste Characterisation – Dominica and Grenada,"Waste, Chemicals & Circular Economy",Dataset / Data Table / Register,5,plastic waste; waste characterisation; Dominica; Grenada; comparative,Regional Environmental Source,Organisation of Eastern Caribbean States (OECS),Verified public source
REG-UNEPCEP-002,regional_references,Assessment Report for Select Countries in respect of the LBS Protocol – Trinidad and Tobago included,Coastal & Marine,Technical / Research Report,4,Cartagena Convention; LBS Protocol; land-based pollution; marine environment,Regional Environmental Source,UNEP Caribbean Environment Programme,Verified public source
REG-CARICOM-004,regional_references,The State of Biodiversity in the Caribbean Community,"Biodiversity, Ecosystems & Protected Areas",Technical / Research Report,4,biodiversity; CARICOM; ecosystems; regional assessment,Regional Environmental Source,CARICOM / UN Environment,Verified public source
REG-CDEMA-001,regional_references,Trinidad and Tobago Comprehensive Disaster Management – Supporting Documentation,Climate Change & Resilience,Technical / Research Report,5,disaster risk; resilience; flooding; hazards; Trinidad and Tobago,Regional Environmental Source,Caribbean Disaster Emergency Management Agency (CDEMA),Verified public source
REG-CRFM-001,regional_references,Status of Coastal Zone and Fisheries/Aquatic Resources Management – Trinidad and Tobago Case Study,Coastal & Marine,Technical / Research Report,5,fisheries; coastal zone; aquatic resources; IMA; EMA,Regional Environmental Source,Caribbean Regional Fisheries Mechanism (CRFM),Verified public source
REG-CDB-001,regional_references,Country Strategy Paper – Trinidad and Tobago 2017–2021,Climate Change & Resilience,"Policy, Strategy & Plan",5,climate vulnerability; solid waste; water security; renewable energy; infrastructure,Regional Environmental Source,Caribbean Development Bank,Verified public source
INT-WB-001,regional_references,Marine Pollution in the Caribbean: Not a Minute to Waste,Coastal & Marine,Technical / Research Report,5,marine pollution; plastic pollution; wastewater; solid waste; Caribbean,Regional Environmental Source,World Bank,Verified public source
INT-TT-0001,international_references,Trinidad and Tobago Second Nationally Determined Contribution (Second NDC),Climate & energy,Nationally Determined Contribution,5,Climate & energy; Nationally Determined Contribution; UNFCCC; Trinidad and Tobago; international,International,Trinidad and Tobago,Official international repository — Trinidad and Tobago specific
INT-TT-0002,international_references,Trinidad and Tobago 2024 Biennial Transparency Report (BTR1),Climate & energy,Biennial Transparency Report,5,Climate & energy; Biennial Transparency Report; UNFCCC; Trinidad and Tobago; international,International,Trinidad and Tobago,Official international repository — Trinidad and Tobago specific
INT-TT-0003,international_references,Trinidad and Tobago 2024 BTR1 Annexes,Climate & energy,BTR supporting annexes,5,Climate & energy; BTR supporting annexes; UNFCCC; Trinidad and Tobago; international,International,Trinidad and Tobago,Official international repository — Trinidad and Tobago specific
INT-TT-0004,international_references,Trinidad and Tobago Adaptation Communication / National Adaptation Plan,Climate adaptation & resilience,Adaptation Communication / National Adaptation Plan,6,Climate adaptation & resilience; Adaptation Communication; National Adaptation Plan; UNFCCC; Trinidad and Tobago; international,International,Trinidad and Tobago,Official international repository — Trinidad and Tobago specific
INT-TT-0005,international_references,Trinidad and Tobago First Biennial Update Report (BUR1),Climate & energy,Biennial Update Report,5,Climate & energy; Biennial Update Report; UNFCCC; Trinidad and Tobago; international,International,Trinidad and Tobago,Official international repository — Trinidad and Tobago specific
INT-TT-0006,international_references,Trinidad and Tobago Third National Communication to the UNFCCC,Climate & energy,National Communication,5,Climate & energy; National Communication; UNFCCC; Trinidad and Tobago; international,International,Trinidad and Tobago,Official international repository — Trinidad and Tobago specific
INT-TT-0007,international_references,Trinidad and Tobago 2001 Greenhouse Gas Inventory,Air & emissions / climate,Greenhouse Gas Inventory,6,Air & emissions; climate; Greenhouse Gas Inventory; UNFCCC; Trinidad and Tobago; international,International,Trinidad and Tobago,Official international repository — Trinidad and Tobago specific
INT-TT-0008,international_references,Trinidad and Tobago First NDC,Climate & energy,Nationally Determined Contribution — historical,5,Climate & energy; Nationally Determined Contribution — historical; UNFCCC; Trinidad and Tobago; international,International,Trinidad and Tobago,Official international repository — Trinidad and Tobago specific
INT-TT-0009,international_references,Trinidad and Tobago Sixth National Report to the Convention on Biological Diversity,Biodiversity & ecosystems,CBD National Report,5,Biodiversity & ecosystems; CBD National Report; Convention on Biological Diversity; Trinidad and Tobago; international,International,Trinidad and Tobago,Official international repository — Trinidad and Tobago specific
INT-TT-0010,international_references,Trinidad and Tobago Fifth National Report to the Convention on Biological Diversity,Biodiversity & ecosystems,CBD National Report,5,Biodiversity & ecosystems; CBD National Report; Convention on Biological Diversity; Trinidad and Tobago; international,International,Trinidad and Tobago,Official international repository — Trinidad and Tobago specific
INT-TT-0011,international_references,Trinidad and Tobago Third National Report to the Convention on Biological Diversity,Biodiversity & ecosystems,CBD National Report — historical,5,Biodiversity & ecosystems; CBD National Report — historical; Convention on Biological Diversity; Trinidad and Tobago; international,International,Trinidad and Tobago,Official international repository — Trinidad and Tobago specific
INT-TT-0012,international_references,Trinidad and Tobago First National Report to the Convention on Biological Diversity,Biodiversity & ecosystems,CBD National Report — historical,5,Biodiversity & ecosystems; CBD National Report — historical; Convention on Biological Diversity; Trinidad and Tobago; international,International,Trinidad and Tobago,Official international repository — Trinidad and Tobago specific
INT-TT-0013,international_references,Trinidad and Tobago National Action Plan for the Programme of Work on Protected Areas,Protected Areas,Protected Areas Action Plan,5,Protected Areas; Protected Areas Action Plan; Convention on Biological Diversity; Trinidad and Tobago; international,International,Trinidad and Tobago,Official international repository — Trinidad and Tobago specific
INT-TT-0014,international_references,Trinidad and Tobago Interim National Report on the Cartagena Protocol on Biosafety,Biodiversity / biosafety,Biosafety National Report,6,Biodiversity; biosafety; Biosafety National Report; Convention on Biological Diversity; Trinidad and Tobago; international,International,Trinidad and Tobago,Official international repository — Trinidad and Tobago specific
INT-TT-0015,international_references,Nariva Swamp — Ramsar Site 577,Wetlands / Protected Areas,Ramsar Site record,6,Wetlands; Protected Areas; Ramsar Site record; Ramsar Convention; Trinidad and Tobago; international,International,Ramsar Convention,Official international repository — Trinidad and Tobago specific
INT-TT-0016,international_references,Buccoo Reef / Bon Accord Lagoon Complex — Ramsar Site 1496,Coastal & marine / Protected Areas,Ramsar Site record,6,Coastal & marine; Protected Areas; Ramsar Site record; Ramsar Convention; Trinidad and Tobago; international,International,Ramsar Convention,Official international repository — Trinidad and Tobago specific
INT-TT-0017,international_references,Caroni Swamp — Ramsar Site 1497,Wetlands / Protected Areas,Ramsar Site record,6,Wetlands; Protected Areas; Ramsar Site record; Ramsar Convention; Trinidad and Tobago; international,International,Ramsar Convention,Official international repository — Trinidad and Tobago specific
INT-TT-0018,international_references,Trinidad and Tobago National Implementation Plan under the Stockholm Convention — updated submission,Chemicals & hazardous substances,National Implementation Plan,5,Chemicals & hazardous substances; National Implementation Plan; Stockholm Convention; Trinidad and Tobago; international,International,Trinidad and Tobago,Official international repository — Trinidad and Tobago specific
INT-TT-0019,international_references,Improving Forest and Protected Area Management,Biodiversity / Protected Areas,GEF Project,6,Biodiversity; Protected Areas; GEF Project; Global Environment Facility; Trinidad and Tobago; international,International,Global Environment Facility,Official international repository — Trinidad and Tobago specific
INT-TT-0020,international_references,BIOREACH: Biodiversity Conservation and Agroecological Land Restoration in Productive Landscapes of Trinidad and Tobago,Biodiversity / Land degradation,GEF Project,6,Biodiversity; Land degradation; GEF Project; Global Environment Facility; Trinidad and Tobago; international,International,Global Environment Facility,Official international repository — Trinidad and Tobago specific
INT-TT-0021,international_references,"Accelerating the transition to a net-zero, nature-positive economy in Trinidad and Tobago (TT Net-zero)",Climate / Biodiversity / Land degradation,GEF Project,7,Climate; Biodiversity; Land degradation; GEF Project; Global Environment Facility; Trinidad and Tobago; international,International,Global Environment Facility,Official international repository — Trinidad and Tobago specific
INT-TT-0022,international_references,Trinidad and Tobago Nature-Based Solutions in Productive Landscapes,Biodiversity / Land restoration,GEF Project,6,Biodiversity; Land restoration; GEF Project; Global Environment Facility; Trinidad and Tobago; international,International,Global Environment Facility,Official international repository — Trinidad and Tobago specific
INT-TT-0023,international_references,Rehabilitation of the Beetham Wastewater Stabilization Ponds,Water / Wastewater / Coastal pollution,GEF Project,7,Water; Wastewater; Coastal pollution; GEF Project; Global Environment Facility; Trinidad and Tobago; international,International,Global Environment Facility,Official international repository — Trinidad and Tobago specific
INT-TT-0024,international_references,Energy Efficiency through low-carbon refrigeration and air-conditioning technologies in Trinidad and Tobago,Climate / Energy efficiency,GEF Project,6,Climate; Energy efficiency; GEF Project; Global Environment Facility; Trinidad and Tobago; international,International,Global Environment Facility,Official international repository — Trinidad and Tobago specific
INT-TT-0025,international_references,Revision of the NBSAP and Preparation of the 5th National Report to the CBD,Biodiversity,GEF Enabling Activity,5,Biodiversity; GEF Enabling Activity; Global Environment Facility; Trinidad and Tobago; international,International,Global Environment Facility,Official international repository — Trinidad and Tobago specific
INT-TT-0026,international_references,Enabling Trinidad and Tobago to Prepare its First National Communication to the UNFCCC,Climate,GEF Enabling Activity,5,Climate; GEF Enabling Activity; Global Environment Facility; Trinidad and Tobago; international,International,Global Environment Facility,Official international repository — Trinidad and Tobago specific
INT-TT-0027,international_references,Green Climate Fund — Trinidad and Tobago country portfolio,Climate finance,Country portfolio,5,Climate finance; Country portfolio; Green Climate Fund; Trinidad and Tobago; international,International,Green Climate Fund,Official international repository — Trinidad and Tobago specific
INT-TT-0028,international_references,Scaling up Caribbean Hydrometeorological and Multi-hazard Early Warning Services (CREWS) in Belize and Trinidad and Tobago — SAP063,Climate adaptation / disaster risk,GCF Approved Funding Proposal,6,Climate adaptation; disaster risk; GCF Approved Funding Proposal; Green Climate Fund; Trinidad and Tobago; international,International,Green Climate Fund,Official international repository — Trinidad and Tobago specific
INT-TT-0029,international_references,Strengthening Adaptation Planning in the Agricultural and Water Sectors of Trinidad and Tobago,Climate adaptation / Water / Agriculture,GCF Approved Readiness Proposal,7,Climate adaptation; Water; Agriculture; GCF Approved Readiness Proposal; Green Climate Fund; Trinidad and Tobago; international,International,Green Climate Fund,Official international repository — Trinidad and Tobago specific
INT-TT-0030,international_references,Addressing pre-accreditation gaps for the Environmental Management Authority of Trinidad & Tobago,Climate finance / EMA institutional capacity,GCF Approved Readiness Proposal,6,Climate finance; EMA institutional capacity; GCF Approved Readiness Proposal; Green Climate Fund; Trinidad and Tobago; international,International,Green Climate Fund,Official international repository — Trinidad and Tobago specific
INT-TT-0031,international_references,Strengthening Carbon Capture Storage and Reporting Frameworks and Mechanisms — Trinidad and Tobago,Climate mitigation / MRV,GCF Approved Readiness Proposal,6,Climate mitigation; MRV; GCF Approved Readiness Proposal; Green Climate Fund; Trinidad and Tobago; international,International,Green Climate Fund,Official international repository — Trinidad and Tobago specific
INT-TT-0032,international_references,IWEco Case Study: Trinidad and Tobago,Quarrying / Land restoration / Water,International project case study,8,Quarrying; Land restoration; Water; International project case study; UNEP; GEF-IWEco; Trinidad and Tobago; international,International,UNEP / GEF-IWEco,Official international repository — Trinidad and Tobago specific
INT-TT-0033,international_references,Trinidad and Tobago — CITES Country Profile,Biodiversity / Wildlife Trade,Treaty country profile,5,Biodiversity / Wildlife Trade; Treaty country profile; CITES; Trinidad and Tobago; international,International,Trinidad and Tobago,Official international repository — Trinidad and Tobago specific
INT-TT-0034,international_references,Trinidad and Tobago — UNCCD Country Profile and Reporting Record,Land degradation / drought / resilience,Treaty country profile / national reporting,5,Land degradation / drought / resilience; Treaty country profile / national reporting; UNCCD; Trinidad and Tobago; international,International,Trinidad and Tobago,Official international repository — Trinidad and Tobago specific
INT-TT-0035,international_references,Trinidad and Tobago UNCCD National Report 2022,Land degradation / drought / resilience,National treaty report,5,Land degradation / drought / resilience; National treaty report; UNCCD; Trinidad and Tobago; international,International,Trinidad and Tobago,Official international repository — Trinidad and Tobago specific
INT-TT-0036,international_references,North-East Tobago UNESCO Biosphere Reserve,Biodiversity / Protected Areas,International site designation / profile,5,Biodiversity / Protected Areas; International site designation / profile; UNESCO Man and the Biosphere Programme; Trinidad and Tobago; international,International,Trinidad and Tobago,Official international repository — Trinidad and Tobago specific
INT-TT-0037,international_references,Trinidad and Tobago — Montreal Protocol / Ozone Secretariat Country Profile,Air / Ozone / Climate,Treaty country profile / environmental data,5,Air / Ozone / Climate; Treaty country profile / environmental data; UNEP Ozone Secretariat; Trinidad and Tobago; international,International,Trinidad and Tobago,Official international repository — Trinidad and Tobago specific
INT-TT-0038,international_references,Minamata Convention Initial Assessment — Trinidad and Tobago,Chemicals / Mercury / Hazardous substances,National treaty assessment,5,Chemicals / Mercury / Hazardous substances; National treaty assessment; Minamata Convention on Mercury; Trinidad and Tobago; international,International,Trinidad and Tobago,Official international repository — Trinidad and Tobago specific
INT-TT-0039,international_references,Trinidad and Tobago Protected Area Profile — Protected Planet / WDPA,Biodiversity / Protected Areas,Protected-area country dataset / profile,5,Biodiversity / Protected Areas; Protected-area country dataset / profile; UNEP-WCMC / Protected Planet; Trinidad and Tobago; international,International,Trinidad and Tobago,Official international repository — Trinidad and Tobago specific
INT-TT-0040,international_references,Trinidad and Tobago — Climate Change Knowledge Portal Country Resources,Climate / Hazards / Adaptation,Climate country data / resource profile,5,Climate / Hazards / Adaptation; Climate country data / resource profile; World Bank Climate Change Knowledge Portal; Trinidad and Tobago; international,International,Trinidad and Tobago,Official international repository — Trinidad and Tobago specific
INT-WB-002,international_references,World Bank Data – Trinidad and Tobago Environment Indicators,Climate Change & Resilience,Dataset / Data Table / Register,6,environment indicators; climate; forests; water; renewable electricity; dataset,International — Trinidad & Tobago relevance,World Bank,Verified public source
INT-UNDP-PLASTICS-001,international_references,Combatting Plastic Pollution for Sustainable Development – Trinidad and Tobago context,"Waste, Chemicals & Circular Economy",Technical / Research Report,4,plastic waste; policy; circular economy; UNDP,International — Trinidad & Tobago relevance,United Nations Development Programme,Verified public source
INT-ICC-001,international_references,International Coastal Cleanup Annual Report – Trinidad and Tobago country data,"Waste, Chemicals & Circular Economy",Dataset / Data Table / Register,4,International Coastal Cleanup; marine litter; beach cleanup; country data,International — Trinidad & Tobago relevance,Ocean Conservancy,Verified public source
VID-TT-0001,videos,EMA Biodiversity Series — The Matura National Park,Biodiversity / Protected Areas,Video / Educational media,5,Biodiversity; Protected Areas; video; Environmental Management Authority; Trinidad and Tobago,Video,Environmental Management Authority,Verified public video link
VID-TT-0002,videos,EMA Biodiversity Series — The Nariva Swamp,Wetlands / Biodiversity,Video / Educational media,5,Wetlands; Biodiversity; video; Environmental Management Authority; Trinidad and Tobago,Video,Environmental Management Authority,Verified public video link
VID-TT-0003,videos,EMA Biodiversity Series — The West Indian Manatee,Biodiversity / Environmentally Sensitive Species,Video / Educational media,5,Biodiversity; Environmentally Sensitive Species; video; Environmental Management Authority; Trinidad and Tobago,Video,Environmental Management Authority,Verified public video link
VID-TT-0004,videos,EMA Biodiversity Series — The Aripo Savannas,Biodiversity / Protected Areas,Video / Educational media,5,Biodiversity; Protected Areas; video; Environmental Management Authority; Trinidad and Tobago,Video,Environmental Management Authority,Verified public video link
VID-TT-0005,videos,A Monkey's Paradise — EMA Documentary,Biodiversity / Wildlife,Video / Educational media,5,Biodiversity; Wildlife; video; Environmental Management Authority; Trinidad and Tobago,Video,Environmental Management Authority,Verified public video link
VID-TT-0006,videos,"Parliament Public Hearing — Climate Change, 7 Dec 2022",Climate governance,Video / Hearing,4,Climate governance; video; Parliament of Trinidad and Tobago; Trinidad and Tobago,Video,Parliament of Trinidad and Tobago,Verified public video link
VID-TT-0007,videos,"Parliament Public Hearing — Climate Change, 15 Feb 2023",Climate governance / EMA,Video / Hearing,5,Climate governance; EMA; video; Parliament of Trinidad and Tobago; Trinidad and Tobago,Video,Parliament of Trinidad and Tobago,Verified public video link
VID-TT-0008,videos,"Parliament Public Hearing — Climate Change, 15 Mar 2023",Climate / Water / Waste,Video / Hearing,6,Climate; Water; Waste; video; Parliament of Trinidad and Tobago; Trinidad and Tobago,Video,Parliament of Trinidad and Tobago,Verified public video link
VID-TT-0009,videos,"Parliament Public Hearing — Climate Change, 12 Apr 2023",Climate governance,Video / Hearing,4,Climate governance; video; Parliament of Trinidad and Tobago; Trinidad and Tobago,Video,Parliament of Trinidad and Tobago,Verified public video link
VID-TT-0010,videos,"Parliament Public Meeting — Impact of Landfills, 26 May 2022",Waste / Landfills,Video / Hearing,5,Waste; Landfills; video; Parliament of Trinidad and Tobago; Trinidad and Tobago,Video,Parliament of Trinidad and Tobago,Verified public video link
VID-TT-0011,videos,"Parliament Public Meeting — Impact of Landfills, 30 Jun 2022",Waste / Landfills,Video / Hearing,5,Waste; Landfills; video; Parliament of Trinidad and Tobago; Trinidad and Tobago,Video,Parliament of Trinidad and Tobago,Verified public video link
VID-TT-0012,videos,"Parliament Public Meeting — WASA, 31 Mar 2022",Water security / Utilities,Video / Hearing,5,Water security; Utilities; video; Parliament of Trinidad and Tobago; Trinidad and Tobago,Video,Parliament of Trinidad and Tobago,Verified public video link
VID-TT-0013,videos,"Parliament Public Meeting — WASA, 17 Mar 2022",Water security / Utilities,Video / Hearing,5,Water security; Utilities; video; Parliament of Trinidad and Tobago; Trinidad and Tobago,Video,Parliament of Trinidad and Tobago,Verified public video link
VID-TT-0014,videos,"Parliament Public Meeting — WASA, 17 Feb 2021",Water security / Utilities,Video / Hearing,5,Water security; Utilities; video; Parliament of Trinidad and Tobago; Trinidad and Tobago,Video,Parliament of Trinidad and Tobago,Verified public video link
VID-TT-0015,videos,"Parliament Public Meeting — Water Security, 17 Dec 2020",Water security,Video / Hearing,4,Water security; video; Parliament of Trinidad and Tobago; Trinidad and Tobago,Video,Parliament of Trinidad and Tobago,Verified public video link
VID-TT-0016,videos,"Parliament Hearing — EMA Operations and Noise Pollution, 5 Apr 2023",Noise / EMA governance,Video / Hearing,5,Noise; EMA governance; video; Parliament of Trinidad and Tobago; Trinidad and Tobago,Video,Parliament of Trinidad and Tobago,Verified public video link
VID-TT-0017,videos,"Parliament Hearing — EMA Operations and Noise Pollution, 3 May 2023",Noise / EMA governance,Video / Hearing,5,Noise; EMA governance; video; Parliament of Trinidad and Tobago; Trinidad and Tobago,Video,Parliament of Trinidad and Tobago,Verified public video link
VID-TT-0018,videos,"Parliament Public Hearing — Pesticide Control, 1 Feb 2023",Chemicals / Pesticides,Video / Hearing,5,Chemicals; Pesticides; video; Parliament of Trinidad and Tobago; Trinidad and Tobago,Video,Parliament of Trinidad and Tobago,Verified public video link
VID-TT-0019,videos,"Parliament Public Hearing — Institute of Marine Affairs, 9 Nov 2022",Coastal & marine / Environmental governance,Video / Hearing,5,Coastal & marine; Environmental governance; video; Parliament of Trinidad and Tobago; Trinidad and Tobago,Video,Parliament of Trinidad and Tobago,Verified public video link
VID-TT-0020,videos,Evidence & Action: Climate Change and the Law in Trinidad and Tobago,Climate / Environmental law,Video / Hearing,5,Climate; Environmental law; video; Parliament of Trinidad and Tobago; Trinidad and Tobago,Video,Parliament of Trinidad and Tobago,Verified public video link
VID-TT-0021,videos,IWEcoTT — Promoting Quarry Restoration for a Rock Solid Future,Quarrying / Land restoration,Video / Educational media,5,Quarrying; Land restoration; video; GEF-IWEco; Trinidad and Tobago,Video,GEF-IWEco / Trinidad and Tobago,Verified public video link
VID-TT-0022,videos,Caring for the Caribbean Future — IWEco Podcast Episode 2,Water / Land / Ecosystems,Video / Educational media,7,Water; Land; Ecosystems; video; UNEP; IWEco; Trinidad and Tobago,Video,UNEP / IWEco,Verified public video link
VID-TT-0023,videos,Understanding the National Wildlife Survey,Biodiversity / Wildlife,Video / Knowledge Series,7,Biodiversity; Wildlife; National Wildlife Survey; EMA Knowledge Series; video; Environmental Management Authority; Trinidad and Tobago,Video,Environmental Management Authority,Verified public video link
VID-TT-0024,videos,IWEcoTT – Promoting Quarry Rehabilitation for a Rock Solid Future,Quarrying / Land Rehabilitation,Video / Knowledge Series,7,Quarrying; Land rehabilitation; IWEcoTT; EMA Knowledge Series; video; Environmental Management Authority; Trinidad and Tobago,Video,Environmental Management Authority,Verified public video link
VID-TT-0025,videos,Understanding EMA Investigation Process,Enforcement / Compliance,Video / Knowledge Series,7,Enforcement; Compliance; Investigation; EMA Knowledge Series; video; Environmental Management Authority; Trinidad and Tobago,Video,Environmental Management Authority,Verified public video link
VID-TT-0026,videos,Understanding the Water Pollution Rules,Water / Regulation,Video / Knowledge Series,7,Water; Water Pollution Rules; Regulation; EMA Knowledge Series; video; Environmental Management Authority; Trinidad and Tobago,Video,Environmental Management Authority,Verified public video link
VID-TT-0027,videos,Permit Monitoring: The Next Steps after a Permit has been Issued,Permitting / Compliance,Video / Knowledge Series,7,Permit monitoring; Compliance; CEC; EMA Knowledge Series; video; Environmental Management Authority; Trinidad and Tobago,Video,Environmental Management Authority,Verified public video link
VID-TT-0028,videos,Understanding the CEC Process,CEC / EIA & Permitting,Video / Knowledge Series,7,CEC; EIA; Permitting; EMA Knowledge Series; video; Environmental Management Authority; Trinidad and Tobago,Video,Environmental Management Authority,Verified public video link
VID-TT-0029,videos,EMA’s Survey Results on the Use and Impact of Fireworks,Noise / Public Research,Video / Knowledge Series,7,Noise; Fireworks; Survey; EMA Knowledge Series; video; Environmental Management Authority; Trinidad and Tobago,Video,Environmental Management Authority,Verified public video link
VID-TT-0030,videos,Understanding EMA’s Role In Noise Pollution Management,Noise / Regulation,Video / Knowledge Series,7,Noise; Noise Pollution Control Rules; Regulation; EMA Knowledge Series; video; Environmental Management Authority; Trinidad and Tobago,Video,Environmental Management Authority,Verified public video link
VID-TT-0031,videos,Understanding the Air Quality Index,Air / Public Education,Video / Knowledge Series,7,Air; Air Quality Index; Public education; EMA Knowledge Series; video; Environmental Management Authority; Trinidad and Tobago,Video,Environmental Management Authority,Verified public video link
VID-TT-0032,videos,EMA Environmental Officers Programme,Environmental Governance / Coordination,Video / Knowledge Series,7,Environmental Officers; Coordination; Governance; EMA Knowledge Series; video; Environmental Management Authority; Trinidad and Tobago,Video,Environmental Management Authority,Verified public video link
