{
"type": "FeatureCollection",
"name": "tt_adm1_fallback",
"crs": { "type": "name", "properties": { "name": "urn:ogc:def:crs:OGC:1.3:CRS84" } },
"features": [
{ "type": "Feature", "properties": { "NAME_0": "Trinidad and Tobago", "NAME_1": "Arima", "TYPE_1": "Borough", "ENGTYPE_1": "Borough", "HASC_1": "TT.AR", "ADM0_PCODE": "TT", "ADM1_PCODE": "TT30", "boundary_use": "User-supplied administrative boundary used only as a local map fallback; not presented as an EMA legal or survey boundary." }, "geometry": { "type": "Polygon", "coordinates": [ [ [ -61.268016815185554, 10.607825279235838 ], [ -61.276100158691413, 10.605146408081051 ], [ -61.287887573242131, 10.607909202575739 ], [ -61.293220520019467, 10.610626220703235 ], [ -61.297489166259766, 10.614412307739311 ], [ -61.29693222045892, 10.617101669311467 ], [ -61.292095184326065, 10.617632865905762 ], [ -61.290454864501889, 10.622994422912653 ], [ -61.289897918701115, 10.626220703125055 ], [ -61.292560577392528, 10.632141113281307 ], [ -61.289833068847656, 10.636447906494199 ], [ -61.291412353515561, 10.641309738159299 ], [ -61.288715362548835, 10.643424987793082 ], [ -61.29188156127924, 10.653111457824821 ], [ -61.289722442626953, 10.655268669128477 ], [ -61.285972595214787, 10.655253410339412 ], [ -61.268310546875007, 10.644418716430778 ], [ -61.269439697265625, 10.634193420410156 ], [ -61.267848968505803, 10.630994796753043 ], [ -61.267921447753913, 10.620769500732477 ], [ -61.265819549560547, 10.615907669067381 ], [ -61.262619018554638, 10.613190650939941 ], [ -61.262634277343743, 10.610516548156792 ], [ -61.263172149658139, 10.608328819275016 ], [ -61.268016815185554, 10.607825279235838 ] ] ] } },
{ "type": "Feature", "properties": { "NAME_0": "Trinidad and Tobago", "NAME_1": "Chaguanas", "TYPE_1": "Borough", "ENGTYPE_1": "Borough", "HASC_1": "TT.CH", "ADM0_PCODE": "TT", "ADM1_PCODE": "TT40", "boundary_use": "User-supplied administrative boundary used only as a local map fallback; not presented as an EMA legal or survey boundary." }, "geometry": { "type": "Polygon", "coordinates": [ [ [ -61.46875, 10.52288913726812 ], [ -61.464862823486328, 10.527916908264105 ], [ -61.465415954589844, 10.532638549804798 ], [ -61.463470458984268, 10.537639617919979 ], [ -61.464305877685497, 10.54041576385498 ], [ -61.458293914794865, 10.540782928466795 ], [ -61.456127166747933, 10.547203063964844 ], [ -61.453411102294915, 10.549905776977539 ], [ -61.447467803955085, 10.562261581420955 ], [ -61.438350677490227, 10.565461158752557 ], [ -61.413150787353523, 10.564255714416559 ], [ -61.368980407714844, 10.565682411193789 ], [ -61.368667602539006, 10.562441825866813 ], [ -61.367069244384766, 10.56029224395752 ], [ -61.366600036621101, 10.552763938903867 ], [ -61.363922119140625, 10.549513816833551 ], [ -61.363937377929688, 10.546798706054686 ], [ -61.364505767822259, 10.539799690246696 ], [ -61.373134613037053, 10.531788825988881 ], [ -61.37745285034169, 10.530712127685545 ], [ -61.377494812011719, 10.524234771728517 ], [ -61.375904083251896, 10.520989418029895 ], [ -61.369995117187443, 10.519343376159782 ], [ -61.367877960205021, 10.517190933227594 ], [ -61.368473052978466, 10.512907028198354 ], [ -61.371650695800781, 10.512350082397576 ], [ -61.374362945556591, 10.510218620300236 ], [ -61.371177673339851, 10.50482273101801 ], [ -61.373886108398374, 10.503214836120609 ], [ -61.392635345458984, 10.503822326660268 ], [ -61.393665313720589, 10.50597000122076 ], [ -61.396888732910092, 10.505459785461536 ], [ -61.400650024414062, 10.501714706420842 ], [ -61.407623291015625, 10.499602317810174 ], [ -61.415153503417969, 10.499635696411188 ], [ -61.4241943359375, 10.507723808288688 ], [ -61.425743103027344, 10.518542289733945 ], [ -61.43006515502924, 10.516369819641055 ], [ -61.433807373046825, 10.516386985778921 ], [ -61.437564849853516, 10.513212203979494 ], [ -61.443962097167969, 10.520765304565542 ], [ -61.448780059814396, 10.522930145263729 ], [ -61.46875, 10.52288913726812 ] ] ] } },
{ "type": "Feature", "properties": { "NAME_0": "Trinidad and Tobago", "NAME_1": "Couva-Tabaquite-Talparo", "TYPE_1": "Region", "ENGTYPE_1": "Region", "HASC_1": "TT.CT", "ADM0_PCODE": "TT", "ADM1_PCODE": "TT36", "boundary_use": "User-supplied administrative boundary used only as a local map fallback; not presented as an EMA legal or survey boundary." }, "geometry": { "type": "Polygon", "coordinates": [ [ [ -61.430564880371037, 10.313261985778922 ], [ -61.433776855468693, 10.313277244567812 ], [ -61.436985015869141, 10.314910888671932 ], [ -61.44073486328125, 10.310642242431699 ], [ -61.467639923095653, 10.310967445373594 ], [ -61.464862823486328, 10.315138816833608 ], [ -61.465694427490241, 10.318749427795465 ], [ -61.462081909179688, 10.319861412048393 ], [ -61.467082977294872, 10.320139884948789 ], [ -61.467361450195256, 10.322917938232536 ], [ -61.471527099609375, 10.32569599151611 ], [ -61.467361450195256, 10.324028015136715 ], [ -61.464027404785099, 10.324584007263185 ], [ -61.459861755371094, 10.330415725708061 ], [ -61.459861755371094, 10.332916259765737 ], [ -61.46180725097657, 10.33541679382324 ], [ -61.460971832275341, 10.343750953674375 ], [ -61.464862823486328, 10.345694541931266 ], [ -61.46319580078125, 10.348752021789551 ], [ -61.466251373291023, 10.355693817138784 ], [ -61.465972900390625, 10.359306335449221 ], [ -61.470138549804631, 10.364304542541506 ], [ -61.474861145019531, 10.365694999694826 ], [ -61.479862213134716, 10.371526718139709 ], [ -61.485137939453118, 10.375140190124625 ], [ -61.490970611572266, 10.377916336059627 ], [ -61.493751525878906, 10.377916336059627 ], [ -61.488750457763672, 10.378749847412164 ], [ -61.48347091674799, 10.37625026702881 ], [ -61.482360839843757, 10.379584312439023 ], [ -61.490695953369148, 10.380694389343374 ], [ -61.488193511962891, 10.38347244262695 ], [ -61.4856948852538, 10.384028434753473 ], [ -61.486526489257749, 10.385418891906793 ], [ -61.490139007568303, 10.385972023010364 ], [ -61.490695953369148, 10.39624881744396 ], [ -61.492916107177678, 10.397360801696891 ], [ -61.494861602783203, 10.395973205566463 ], [ -61.494861602783203, 10.398195266723748 ], [ -61.492084503173714, 10.400138854980469 ], [ -61.492084503173714, 10.401807785034178 ], [ -61.492916107177678, 10.403473854065 ], [ -61.495418548583871, 10.403194427490348 ], [ -61.495693206787053, 10.40625 ], [ -61.493194580078075, 10.409305572509879 ], [ -61.491249084472649, 10.409861564636342 ], [ -61.489860534667919, 10.419583320617734 ], [ -61.493473052978523, 10.420972824096793 ], [ -61.499027252197209, 10.419027328491266 ], [ -61.499862670898438, 10.420418739318899 ], [ -61.494861602783203, 10.423196792602651 ], [ -61.49263763427728, 10.428195953369251 ], [ -61.489307403564403, 10.427639961242789 ], [ -61.492362976074162, 10.429862022399902 ], [ -61.491806030273445, 10.432359695434684 ], [ -61.489028930663956, 10.434306144714299 ], [ -61.487361907958991, 10.43736171722418 ], [ -61.487083435058594, 10.449304580688592 ], [ -61.484859466552734, 10.452361106872557 ], [ -61.484027862548835, 10.456806182861442 ], [ -61.480693817138679, 10.461250305175836 ], [ -61.477085113525341, 10.474861145019473 ], [ -61.473751068115185, 10.479305267334096 ], [ -61.47430419921875, 10.481804847717285 ], [ -61.471527099609375, 10.483750343322811 ], [ -61.470695495605412, 10.494585037231447 ], [ -61.471527099609375, 10.495972633361873 ], [ -61.473194122314403, 10.495138168335016 ], [ -61.475139617919929, 10.498750686645451 ], [ -61.473194122314403, 10.504583358764647 ], [ -61.474582672119148, 10.51513767242426 ], [ -61.46875, 10.520693778991813 ], [ -61.46875, 10.52288913726812 ], [ -61.448780059814396, 10.522930145263729 ], [ -61.443962097167969, 10.520765304565542 ], [ -61.437564849853516, 10.513212203979494 ], [ -61.433807373046825, 10.516386985778921 ], [ -61.43006515502924, 10.516369819641055 ], [ -61.425743103027344, 10.518542289733945 ], [ -61.4241943359375, 10.507723808288688 ], [ -61.415153503417969, 10.499635696411188 ], [ -61.407623291015625, 10.499602317810174 ], [ -61.400650024414062, 10.501714706420842 ], [ -61.396888732910092, 10.505459785461536 ], [ -61.393665313720589, 10.50597000122076 ], [ -61.392635345458984, 10.503822326660268 ], [ -61.373886108398374, 10.503214836120609 ], [ -61.371177673339851, 10.50482273101801 ], [ -61.374362945556591, 10.510218620300236 ], [ -61.371650695800781, 10.512350082397576 ], [ -61.368473052978466, 10.512907028198354 ], [ -61.367877960205021, 10.517190933227594 ], [ -61.369995117187443, 10.519343376159782 ], [ -61.375904083251896, 10.520989418029895 ], [ -61.377494812011719, 10.524234771728517 ], [ -61.37745285034169, 10.530712127685545 ], [ -61.373134613037053, 10.531788825988881 ], [ -61.364505767822259, 10.539799690246696 ], [ -61.363922119140625, 10.549513816833551 ], [ -61.366600036621101, 10.552763938903867 ], [ -61.367069244384766, 10.56029224395752 ], [ -61.369171142578125, 10.564635276794547 ], [ -61.366928100585881, 10.580772399902344 ], [ -61.36583328247071, 10.581291198730408 ], [ -61.359474182128913, 10.575881958007869 ], [ -61.356235504150398, 10.578010559082147 ], [ -61.353080749511719, 10.568327903747559 ], [ -61.337535858154297, 10.568260192871149 ], [ -61.335353851318359, 10.568775177002067 ], [ -61.331565856933537, 10.574712753296012 ], [ -61.323497772216797, 10.57572555541992 ], [ -61.325065612792905, 10.581686973571779 ], [ -61.320774078369084, 10.584906578063965 ], [ -61.305747985839851, 10.584841728210453 ], [ -61.302024841308601, 10.58211135864269 ], [ -61.297203063964851, 10.580470085144041 ], [ -61.292934417724553, 10.580451965332088 ], [ -61.290218353271484, 10.582584381103514 ], [ -61.284854888916016, 10.583132743835447 ], [ -61.280570983886726, 10.57930278778076 ], [ -61.275192260742131, 10.581995010376032 ], [ -61.268215179443352, 10.583060264587457 ], [ -61.259666442871037, 10.579213142395075 ], [ -61.254829406738281, 10.579192161560057 ], [ -61.248893737792855, 10.586216926574709 ], [ -61.245124816894531, 10.588868141174373 ], [ -61.238662719726506, 10.590459823608398 ], [ -61.236743927001953, 10.592592239379826 ], [ -61.228004455566349, 10.58341121673584 ], [ -61.221080780029297, 10.577999114990234 ], [ -61.22112655639642, 10.572615623474178 ], [ -61.222766876220597, 10.569383621215817 ], [ -61.217975616455021, 10.563980102539062 ], [ -61.217994689941293, 10.561788558959901 ], [ -61.222908020019538, 10.552663803100584 ], [ -61.217514038085881, 10.551545143127557 ], [ -61.215919494628899, 10.549394607544 ], [ -61.215938568115234, 10.547250747680661 ], [ -61.219757080078125, 10.544028282165639 ], [ -61.219776153564396, 10.541884422302303 ], [ -61.219226837158153, 10.539166450500542 ], [ -61.216018676757812, 10.537532806396484 ], [ -61.224132537841797, 10.530566215515194 ], [ -61.225257873535149, 10.52628326416021 ], [ -61.224720001220703, 10.522470474243168 ], [ -61.207572937011662, 10.521871566772575 ], [ -61.202796936035099, 10.520231246948244 ], [ -61.20173645019532, 10.516987800598145 ], [ -61.206768035888672, 10.49276256561285 ], [ -61.208927154540952, 10.489532470703237 ], [ -61.215927124023438, 10.484752655029297 ], [ -61.216472625732308, 10.482039451599238 ], [ -61.220287322997933, 10.478816986083984 ], [ -61.220302581787109, 10.47667407989513 ], [ -61.217105865478459, 10.47394466400146 ], [ -61.212802886962898, 10.472877502441461 ], [ -61.212810516357365, 10.471781730651909 ], [ -61.219299316406193, 10.465904235839787 ], [ -61.219318389892528, 10.463189125061092 ], [ -61.217220306396428, 10.459416389465389 ], [ -61.210269927978409, 10.457766532897891 ], [ -61.197914123535156, 10.457187652588001 ], [ -61.196365356445312, 10.455560684204157 ], [ -61.196937561035163, 10.449085235595703 ], [ -61.199096679687443, 10.445331573486383 ], [ -61.199192047119084, 10.433679580688587 ], [ -61.206211090087891, 10.425928115844725 ], [ -61.212738037109318, 10.414668083190861 ], [ -61.219223022460874, 10.408219337463432 ], [ -61.219787597656193, 10.402315139770563 ], [ -61.224143981933594, 10.395856857299748 ], [ -61.218250274658146, 10.392591476440543 ], [ -61.207572937011662, 10.390399932861383 ], [ -61.202781677246094, 10.386043548584096 ], [ -61.202812194824162, 10.381756782531737 ], [ -61.206081390380859, 10.374769210815487 ], [ -61.206703186035163, 10.361291885375977 ], [ -61.21269226074218, 10.351078033447319 ], [ -61.211105346679638, 10.348356246948184 ], [ -61.21179199218745, 10.325210571289121 ], [ -61.215579986572209, 10.317654609680174 ], [ -61.228439331054695, 10.31771278381359 ], [ -61.231109619140618, 10.314486503601186 ], [ -61.232223510742195, 10.31072902679449 ], [ -61.236507415771484, 10.306461334228572 ], [ -61.242729187011712, 10.305825233459529 ], [ -61.242919921875007, 10.308634757995604 ], [ -61.250907897949219, 10.316196441650449 ], [ -61.250877380371037, 10.320530891418459 ], [ -61.253005981445312, 10.320540428161562 ], [ -61.255733489990178, 10.315171241760307 ], [ -61.256774902343693, 10.315176010131783 ], [ -61.25836181640625, 10.318421363830623 ], [ -61.272220611572266, 10.324391365051325 ], [ -61.275417327880866, 10.327120780944766 ], [ -61.279197692871037, 10.327137947082633 ], [ -61.281860351562436, 10.324958801269529 ], [ -61.288791656494141, 10.327705383300838 ], [ -61.28929138183593, 10.330946922302303 ], [ -61.294109344482422, 10.331492424011174 ], [ -61.299987792968693, 10.336901664733887 ], [ -61.309593200683594, 10.33532619476324 ], [ -61.311790466308594, 10.331573486328239 ], [ -61.315013885498054, 10.329969406127987 ], [ -61.315525054931584, 10.331590652465877 ], [ -61.31873703002929, 10.332129478454704 ], [ -61.321388244628913, 10.331093788146973 ], [ -61.334716796874943, 10.339775085449331 ], [ -61.342750549316406, 10.340335845947266 ], [ -61.347591400146428, 10.337120056152459 ], [ -61.355068206787109, 10.335535049438477 ], [ -61.357803344726442, 10.328546524047907 ], [ -61.370101928710881, 10.326459884643553 ], [ -61.379695892333977, 10.326504707336481 ], [ -61.388809204101555, 10.328165054321344 ], [ -61.394683837890568, 10.325477600097766 ], [ -61.397384643554574, 10.323871612548945 ], [ -61.397396087646491, 10.322252273559625 ], [ -61.394710540771378, 10.320096969604606 ], [ -61.394721984863288, 10.317954063415584 ], [ -61.405464172363224, 10.3152894973756 ], [ -61.410270690917969, 10.308311462402454 ], [ -61.411880493163949, 10.307794570922965 ], [ -61.414558410644538, 10.310521125793569 ], [ -61.415069580078125, 10.312666893005483 ], [ -61.418277740478516, 10.313729286193846 ], [ -61.423595428466747, 10.318087577819881 ], [ -61.430564880371037, 10.313261985778922 ] ] ] } },
{ "type": "Feature", "properties": { "NAME_0": "Trinidad and Tobago", "NAME_1": "Diego Martin", "TYPE_1": "Region", "ENGTYPE_1": "Region", "HASC_1": "TT.DM", "ADM0_PCODE": "TT", "ADM1_PCODE": "TT31", "boundary_use": "User-supplied administrative boundary used only as a local map fallback; not presented as an EMA legal or survey boundary." }, "geometry": { "type": "MultiPolygon", "coordinates": [ [ [ [ -61.513748168945312, 10.771529197692928 ], [ -61.509304046630859, 10.77124881744396 ], [ -61.510417938232422, 10.76819515228266 ], [ -61.514583587646428, 10.769582748413141 ], [ -61.513748168945312, 10.771529197692928 ] ] ], [ [ [ -61.508193969726499, 10.765137672424428 ], [ -61.508193969726499, 10.762915611267092 ], [ -61.510139465332038, 10.762082099914551 ], [ -61.509860992431641, 10.764307022094727 ], [ -61.508193969726499, 10.765137672424428 ] ] ], [ [ [ -61.517127990722599, 10.676533699035756 ], [ -61.520347595214844, 10.678353309631463 ], [ -61.524089813232365, 10.678373336791992 ], [ -61.525695800781257, 10.68103885650646 ], [ -61.52782821655267, 10.681050300598203 ], [ -61.528404235839787, 10.678395271301326 ], [ -61.531631469726506, 10.677320480346793 ], [ -61.544994354247997, 10.677912712097166 ], [ -61.555137634277344, 10.675971984863338 ], [ -61.557918548583991, 10.673749923705998 ], [ -61.56097412109375, 10.673195838928336 ], [ -61.563751220703125, 10.675417900085449 ], [ -61.563472747802727, 10.677362442016655 ], [ -61.565139770507805, 10.679027557373159 ], [ -61.567638397216804, 10.678750038147086 ], [ -61.567916870117188, 10.677083969116268 ], [ -61.569862365722656, 10.677362442016657 ], [ -61.570137023925781, 10.678471565246694 ], [ -61.572917938232365, 10.677083969116268 ], [ -61.574028015136719, 10.679306030273553 ], [ -61.58013916015625, 10.680693626403809 ], [ -61.582916259765625, 10.682641029357908 ], [ -61.591804504394482, 10.683472633361873 ], [ -61.592918395996087, 10.682638168335016 ], [ -61.594028472900277, 10.684584617614801 ], [ -61.596527099609382, 10.683194160461484 ], [ -61.59736251831049, 10.680972099304199 ], [ -61.598472595214844, 10.684860229492131 ], [ -61.601249694824169, 10.68652915954584 ], [ -61.602359771728516, 10.690417289734002 ], [ -61.604305267333928, 10.690694808960075 ], [ -61.6073608398437, 10.688195228576662 ], [ -61.610416412353459, 10.688195228576662 ], [ -61.613471984863232, 10.682915687561092 ], [ -61.618194580078132, 10.681528091430666 ], [ -61.618751525878913, 10.680137634277344 ], [ -61.622360229492188, 10.681249618530275 ], [ -61.624027252197266, 10.680137634277344 ], [ -61.622638702392472, 10.677915573120229 ], [ -61.618473052978516, 10.678750038147085 ], [ -61.616249084472543, 10.674584388732852 ], [ -61.614307403564396, 10.675417900085449 ], [ -61.613750457763615, 10.674305915832463 ], [ -61.615139007568359, 10.672362327575739 ], [ -61.622081756591804, 10.670693397522028 ], [ -61.627361297607422, 10.666251182556209 ], [ -61.631248474121094, 10.665695190429743 ], [ -61.631248474121094, 10.666805267334098 ], [ -61.636249542236278, 10.668748855590819 ], [ -61.636249542236278, 10.673195838928336 ], [ -61.634029388427734, 10.67625045776367 ], [ -61.63458251953125, 10.677915573120229 ], [ -61.633472442626953, 10.679862022400012 ], [ -61.635971069335881, 10.677638053894158 ], [ -61.637359619140625, 10.677915573120231 ], [ -61.636528015136662, 10.680137634277342 ], [ -61.645694732665966, 10.679862022400012 ], [ -61.648750305175724, 10.678471565246694 ], [ -61.648750305175724, 10.680137634277344 ], [ -61.651527404785099, 10.68041801452631 ], [ -61.651527404785099, 10.679306030273549 ], [ -61.654304504394425, 10.678471565246694 ], [ -61.657638549804581, 10.681249618530272 ], [ -61.665138244628842, 10.682082176208553 ], [ -61.662082672119134, 10.68402862548834 ], [ -61.661804199218686, 10.68652915954584 ], [ -61.663471221923828, 10.688472747802788 ], [ -61.667362213134716, 10.689305305481012 ], [ -61.668472290039062, 10.692362785339299 ], [ -61.66319274902343, 10.697917938232365 ], [ -61.662082672119134, 10.701806068420526 ], [ -61.662639617919929, 10.704028129577633 ], [ -61.663749694824212, 10.704305648803709 ], [ -61.663749694824212, 10.702083587646595 ], [ -61.667915344238217, 10.700971603393667 ], [ -61.669029235839844, 10.702362060546989 ], [ -61.668193817138615, 10.703749656677248 ], [ -61.669303894042969, 10.706527709960993 ], [ -61.671249389648374, 10.707360267639274 ], [ -61.670696258544872, 10.708749771118107 ], [ -61.669303894042969, 10.708749771118107 ], [ -61.67097091674799, 10.709582328796385 ], [ -61.67097091674799, 10.710972785949707 ], [ -61.667640686035099, 10.71152877807617 ], [ -61.667362213134716, 10.713473320007378 ], [ -61.662639617919929, 10.71402740478527 ], [ -61.661529541015568, 10.716528892517088 ], [ -61.656806945800781, 10.716526985168514 ], [ -61.654861450195256, 10.718194961547908 ], [ -61.651527404785099, 10.717361450195368 ], [ -61.643749237060554, 10.719861030578725 ], [ -61.64152908325196, 10.722639083862306 ], [ -61.640415191650384, 10.726528167724553 ], [ -61.636528015136662, 10.728194236755373 ], [ -61.637084960937507, 10.73124980926525 ], [ -61.632637023925724, 10.730416297912711 ], [ -61.629581451415952, 10.733750343322756 ], [ -61.627082824707038, 10.734581947326719 ], [ -61.626525878906193, 10.737081527709901 ], [ -61.624027252197266, 10.737362861633356 ], [ -61.623195648193303, 10.736249923706112 ], [ -61.623195648193303, 10.737081527709901 ], [ -61.620693206787109, 10.737360000610295 ], [ -61.619861602783146, 10.738751411438102 ], [ -61.620971679687507, 10.739303588867246 ], [ -61.620971679687507, 10.740973472595215 ], [ -61.617637634277351, 10.741806983947811 ], [ -61.616806030273388, 10.744583129882812 ], [ -61.612640380859382, 10.747361183166561 ], [ -61.607639312744084, 10.748471260070913 ], [ -61.606250762939453, 10.747361183166559 ], [ -61.604583740234325, 10.748471260070911 ], [ -61.601806640625, 10.746526718139705 ], [ -61.59736251831049, 10.746249198913633 ], [ -61.595138549804638, 10.747361183166557 ], [ -61.592082977294929, 10.745416641235353 ], [ -61.588470458984325, 10.74541664123535 ], [ -61.585414886474553, 10.747082710266168 ], [ -61.579303741455085, 10.74541664123535 ], [ -61.573749542236335, 10.74541664123535 ], [ -61.570693969726562, 10.745972633361815 ], [ -61.569305419921818, 10.749027252197381 ], [ -61.561527252197273, 10.751526832580623 ], [ -61.56097412109375, 10.750139236450138 ], [ -61.558750152587891, 10.749583244323672 ], [ -61.552360534667969, 10.750417709350531 ], [ -61.548751831054688, 10.749583244323672 ], [ -61.546249389648317, 10.747082710266168 ], [ -61.542083740234375, 10.748471260070913 ], [ -61.540138244628849, 10.7509708404541 ], [ -61.537361145019474, 10.751249313354492 ], [ -61.535415649414062, 10.752639770507814 ], [ -61.535694122314446, 10.753749847412168 ], [ -61.532638549804688, 10.753472328186092 ], [ -61.531806945800788, 10.75458431243902 ], [ -61.53125, 10.753195762634334 ], [ -61.53125, 10.754028320312555 ], [ -61.529582977294915, 10.754028320312557 ], [ -61.526527404785156, 10.752083778381346 ], [ -61.521526336669858, 10.751249313354487 ], [ -61.513748168945312, 10.756250381469666 ], [ -61.514583587646428, 10.75847244262701 ], [ -61.51208496093745, 10.759305953979549 ], [ -61.512916564941399, 10.76124954223627 ], [ -61.508193969726499, 10.761805534362738 ], [ -61.504581451416016, 10.759861946106012 ], [ -61.502918243408146, 10.755694389343203 ], [ -61.497276306152344, 10.755417823791616 ], [ -61.497188568115234, 10.720528602600211 ], [ -61.495635986328132, 10.705573081970327 ], [ -61.501522064208878, 10.700774192810117 ], [ -61.508518218994134, 10.6868782043457 ], [ -61.516586303710874, 10.683126449584959 ], [ -61.517127990722599, 10.676533699035756 ] ] ], [ [ [ -61.726528167724609, 10.707360267639274 ], [ -61.721805572509702, 10.705694198608454 ], [ -61.717082977294922, 10.701527595520133 ], [ -61.717918395996094, 10.700694084167539 ], [ -61.712638854980412, 10.699861526489316 ], [ -61.711528778076165, 10.6981925964356 ], [ -61.711807250976449, 10.69319534301758 ], [ -61.710414886474609, 10.692639350891113 ], [ -61.710693359375007, 10.690973281860463 ], [ -61.712360382080021, 10.689861297607536 ], [ -61.715972900390568, 10.690694808960073 ], [ -61.719581604003913, 10.685417175293079 ], [ -61.720695495605469, 10.686250686645451 ], [ -61.719028472900327, 10.687083244323729 ], [ -61.71875, 10.69013881683361 ], [ -61.717639923095696, 10.690417289734 ], [ -61.71875, 10.693195343017578 ], [ -61.717082977294922, 10.693751335144043 ], [ -61.717361450195312, 10.697917938232367 ], [ -61.718471527099553, 10.699584007263184 ], [ -61.720695495605469, 10.699584007263182 ], [ -61.723194122314453, 10.703749656677248 ], [ -61.730415344238281, 10.704305648803711 ], [ -61.730415344238281, 10.705694198608454 ], [ -61.726528167724609, 10.707360267639274 ] ] ], [ [ [ -61.6779174804687, 10.705694198608455 ], [ -61.674583435058544, 10.697640419006458 ], [ -61.675693511962891, 10.695974349975645 ], [ -61.675971984863274, 10.697917938232365 ], [ -61.679584503173828, 10.700139999389648 ], [ -61.68013763427728, 10.696249008178656 ], [ -61.678470611572266, 10.695138931274469 ], [ -61.679027557373047, 10.693751335144039 ], [ -61.677639007568303, 10.692919731140254 ], [ -61.676250457763672, 10.685973167419375 ], [ -61.678470611572266, 10.68680477142334 ], [ -61.680416107177678, 10.684304237365664 ], [ -61.681251525878906, 10.687360763549801 ], [ -61.682918548583984, 10.687360763549803 ], [ -61.683750152587834, 10.683472633361873 ], [ -61.686248779296761, 10.682641029357908 ], [ -61.683193206787053, 10.68069362640381 ], [ -61.68486022949218, 10.679583549499453 ], [ -61.68708419799799, 10.679583549499453 ], [ -61.688472747802734, 10.681249618530273 ], [ -61.693473815917919, 10.680693626403807 ], [ -61.694026947021484, 10.683194160461483 ], [ -61.69708251953125, 10.681587219238395 ], [ -61.698192596435547, 10.685138702392523 ], [ -61.702083587646364, 10.681528091430664 ], [ -61.703750610351555, 10.681528091430666 ], [ -61.700416564941399, 10.685973167419375 ], [ -61.699028015136605, 10.686250686645449 ], [ -61.698749542236321, 10.687916755676323 ], [ -61.695693969726449, 10.689026832580678 ], [ -61.696250915527294, 10.690973281860463 ], [ -61.695415496826172, 10.691527366638182 ], [ -61.69708251953125, 10.692362785339295 ], [ -61.695415496826172, 10.694028854370117 ], [ -61.695137023925788, 10.695417404174863 ], [ -61.696250915527294, 10.696251869201719 ], [ -61.695415496826172, 10.698192596435605 ], [ -61.692359924316406, 10.700415611267148 ], [ -61.689861297607365, 10.700415611267147 ], [ -61.686805725097592, 10.703749656677246 ], [ -61.684028625488232, 10.703472137451172 ], [ -61.683471679687436, 10.70236206054699 ], [ -61.681526184082031, 10.703472137451174 ], [ -61.681251525878906, 10.702083587646596 ], [ -61.68013763427728, 10.702083587646596 ], [ -61.68013763427728, 10.7048597335816 ], [ -61.6779174804687, 10.705694198608455 ] ] ], [ [ [ -61.754581451416023, 10.700971603393667 ], [ -61.748195648193359, 10.699584007263184 ], [ -61.739028930664062, 10.693472862243651 ], [ -61.737640380859318, 10.690973281860465 ], [ -61.734306335449162, 10.688751220703184 ], [ -61.732360839843757, 10.684304237365666 ], [ -61.730693817138558, 10.683472633361871 ], [ -61.730693817138558, 10.680972099304197 ], [ -61.734027862548714, 10.681249618530273 ], [ -61.734306335449162, 10.682641029357908 ], [ -61.73597335815429, 10.682082176208555 ], [ -61.73597335815429, 10.683194160461483 ], [ -61.73736190795892, 10.682082176208556 ], [ -61.73736190795892, 10.683751106262264 ], [ -61.739582061767585, 10.683751106262262 ], [ -61.740139007568366, 10.684860229492129 ], [ -61.741527557372997, 10.684304237365666 ], [ -61.743194580078125, 10.685417175293082 ], [ -61.742916107177741, 10.687639236450195 ], [ -61.747081756591747, 10.690694808960075 ], [ -61.747638702392528, 10.687916755676325 ], [ -61.752082824707031, 10.688472747802788 ], [ -61.752918243408203, 10.685694694518986 ], [ -61.755973815917969, 10.686250686645449 ], [ -61.754581451416023, 10.683194160461479 ], [ -61.756248474120987, 10.680972099304199 ], [ -61.752918243408203, 10.679027557373161 ], [ -61.752082824707031, 10.679862022400014 ], [ -61.746528625488281, 10.678750038147083 ], [ -61.743751525878849, 10.676527976989803 ], [ -61.742362976074219, 10.673195838928335 ], [ -61.747360229492131, 10.672639846801815 ], [ -61.748748779296875, 10.674028396606388 ], [ -61.754581451416023, 10.674305915832461 ], [ -61.756248474120987, 10.675694465637209 ], [ -61.75847244262696, 10.674305915832463 ], [ -61.759582519531193, 10.671806335449276 ], [ -61.764583587646491, 10.670970916748102 ], [ -61.763748168945263, 10.674305915832464 ], [ -61.761806488037116, 10.674584388732853 ], [ -61.757915496826179, 10.678471565246694 ], [ -61.75847244262696, 10.681805610656735 ], [ -61.756526947021435, 10.68402862548834 ], [ -61.756843566894531, 10.685138702392523 ], [ -61.759029388427734, 10.685138702392523 ], [ -61.760692596435554, 10.68652915954584 ], [ -61.759582519531193, 10.687916755676323 ], [ -61.760139465331974, 10.688751220703182 ], [ -61.757083892822216, 10.689582824707143 ], [ -61.758193969726562, 10.690973281860465 ], [ -61.758750915527344, 10.698192596435602 ], [ -61.754581451416023, 10.700971603393667 ] ] ], [ [ [ -61.652637481689446, 10.677362442016657 ], [ -61.652915954589844, 10.675138473510742 ], [ -61.654861450195256, 10.675971984863336 ], [ -61.654026031494141, 10.677362442016658 ], [ -61.652637481689446, 10.677362442016657 ] ] ], [ [ [ -61.657081604003899, 10.670693397522028 ], [ -61.655971527099602, 10.668471336364743 ], [ -61.647361755371094, 10.670140266418457 ], [ -61.645416259765568, 10.66819477081293 ], [ -61.645416259765568, 10.666526794433704 ], [ -61.646251678466797, 10.665139198303279 ], [ -61.649028778076122, 10.664304733276424 ], [ -61.648471832275341, 10.662082672119142 ], [ -61.650417327880866, 10.660972595214957 ], [ -61.652362823486278, 10.662082672119139 ], [ -61.654582977294872, 10.661251068115346 ], [ -61.653751373291023, 10.664029121398926 ], [ -61.656528472900398, 10.662361145019473 ], [ -61.660415649414055, 10.662917137145998 ], [ -61.660972595214787, 10.664304733276422 ], [ -61.666248321533203, 10.664583206176813 ], [ -61.666805267333984, 10.666251182556209 ], [ -61.66319274902343, 10.667917251587028 ], [ -61.661804199218686, 10.669861793518068 ], [ -61.659027099609375, 10.669583320617674 ], [ -61.657081604003899, 10.670693397522028 ] ] ], [ [ [ -61.623195648193303, 10.663473129272463 ], [ -61.621807098388672, 10.662361145019474 ], [ -61.622360229492188, 10.660972595214957 ], [ -61.62569427490223, 10.660695075988826 ], [ -61.62569427490223, 10.662361145019473 ], [ -61.623195648193303, 10.663473129272463 ] ] ], [ [ [ -61.629581451415952, 10.660695075988825 ], [ -61.628749847412116, 10.658750534057617 ], [ -61.630695343017578, 10.657081604003904 ], [ -61.631805419921875, 10.659304618835503 ], [ -61.629581451415952, 10.660695075988825 ] ] ] ] } },
{ "type": "Feature", "properties": { "NAME_0": "Trinidad and Tobago", "NAME_1": "Mayaro/Rio Claro", "TYPE_1": "Region", "ENGTYPE_1": "Region", "HASC_1": "TT.MR", "ADM0_PCODE": "TT", "ADM1_PCODE": "TT51", "boundary_use": "User-supplied administrative boundary used only as a local map fallback; not presented as an EMA legal or survey boundary." }, "geometry": { "type": "Polygon", "coordinates": [ [ [ -61.050140380859325, 10.132914543151969 ], [ -61.055137634277351, 10.127361297607479 ], [ -61.062362670898438, 10.114306449890137 ], [ -61.065692901611214, 10.114027976989748 ], [ -61.069583892822202, 10.11180591583263 ], [ -61.073726654052727, 10.112048149108945 ], [ -61.075973510742131, 10.110416412353628 ], [ -61.087917327880746, 10.110139846801815 ], [ -61.09013748168946, 10.106805801391603 ], [ -61.095695495605469, 10.107361793518066 ], [ -61.107082366943246, 10.097916603088436 ], [ -61.109584808349609, 10.098751068115293 ], [ -61.111251831054624, 10.096248626709041 ], [ -61.112915039062507, 10.09763908386236 ], [ -61.115970611572266, 10.096248626709039 ], [ -61.11958312988282, 10.096248626709039 ], [ -61.125415802001953, 10.089859962463375 ], [ -61.131248474121101, 10.088193893432559 ], [ -61.132362365722663, 10.086806297302305 ], [ -61.134860992431641, 10.086806297302303 ], [ -61.135417938232422, 10.085415840148983 ], [ -61.138195037841797, 10.085694313049371 ], [ -61.14125061035157, 10.08347225189209 ], [ -61.147914886474602, 10.082083702087514 ], [ -61.151794433593693, 10.078674316406364 ], [ -61.15625, 10.078195571899414 ], [ -61.157917022704972, 10.075972557067981 ], [ -61.160972595214844, 10.074860572815057 ], [ -61.165416717529247, 10.0765266418457 ], [ -61.168472290039006, 10.074860572815053 ], [ -61.174583435058537, 10.074860572815057 ], [ -61.177360534667912, 10.07624912261957 ], [ -61.181854248046768, 10.160183906555233 ], [ -61.183437347412053, 10.163953781127926 ], [ -61.184322357177678, 10.192483901977541 ], [ -61.181018829345703, 10.208137512207088 ], [ -61.178874969482365, 10.211318016052303 ], [ -61.175590515136726, 10.22263813018793 ], [ -61.183506011962884, 10.239916801452749 ], [ -61.182247161865234, 10.265250205993652 ], [ -61.189174652099545, 10.267949104309141 ], [ -61.189155578613281, 10.270664215088004 ], [ -61.191314697265625, 10.272817611694281 ], [ -61.203578948974553, 10.276113510131834 ], [ -61.205696105956925, 10.277742385864258 ], [ -61.209430694580085, 10.277235984802191 ], [ -61.212146759033146, 10.274009704589789 ], [ -61.21697998046875, 10.271888732910266 ], [ -61.220222473144524, 10.267569541931152 ], [ -61.226593017578118, 10.268693923950309 ], [ -61.229793548583935, 10.270852088928224 ], [ -61.229766845703125, 10.275138854980581 ], [ -61.225479125976562, 10.279976844787599 ], [ -61.227077484130852, 10.281603813171442 ], [ -61.235054016113232, 10.282735824584902 ], [ -61.240913391113281, 10.290287971496639 ], [ -61.242485046386662, 10.295677185058649 ], [ -61.242729187011712, 10.305825233459529 ], [ -61.236507415771484, 10.306461334228572 ], [ -61.232223510742195, 10.31072902679449 ], [ -61.231109619140618, 10.314486503601186 ], [ -61.228439331054695, 10.31771278381359 ], [ -61.215579986572209, 10.317654609680174 ], [ -61.21179199218745, 10.325210571289121 ], [ -61.211105346679638, 10.348356246948184 ], [ -61.21269226074218, 10.351078033447319 ], [ -61.206703186035163, 10.361291885375977 ], [ -61.206081390380859, 10.374769210815487 ], [ -61.202812194824162, 10.381756782531737 ], [ -61.202781677246094, 10.386043548584096 ], [ -61.207572937011662, 10.390399932861383 ], [ -61.218250274658146, 10.392591476440543 ], [ -61.224143981933594, 10.395856857299748 ], [ -61.219787597656193, 10.402315139770563 ], [ -61.219223022460874, 10.408219337463432 ], [ -61.212738037109318, 10.414668083190861 ], [ -61.206211090087891, 10.425928115844725 ], [ -61.200809478759716, 10.432382583618104 ], [ -61.192176818847656, 10.440442085266227 ], [ -61.184738159179695, 10.435026168823299 ], [ -61.180942535400398, 10.436058044433647 ], [ -61.174503326415959, 10.44141197204601 ], [ -61.169647216796761, 10.444629669189393 ], [ -61.164283752441357, 10.446226119995115 ], [ -61.16156005859375, 10.448929786682241 ], [ -61.157817840576058, 10.448912620544434 ], [ -61.151954650878906, 10.441884040832576 ], [ -61.148765563964837, 10.444014549255424 ], [ -61.1470947265625, 10.451009750366211 ], [ -61.143825531005866, 10.456377983093374 ], [ -61.135250091552734, 10.456340789794979 ], [ -61.128303527832024, 10.454166412353461 ], [ -61.126708984374943, 10.452540397644098 ], [ -61.129394531249943, 10.448788642883359 ], [ -61.11558532714843, 10.435246467590387 ], [ -61.108097076415966, 10.43521308898937 ], [ -61.096767425537053, 10.441071510315053 ], [ -61.089813232421825, 10.439421653747555 ], [ -61.033195495605476, 10.43958377838146 ], [ -61.027362823486328, 10.416528701782342 ], [ -61.020694732666016, 10.396529197692928 ], [ -61.020973205566413, 10.392360687255799 ], [ -61.017639160156257, 10.388472557067871 ], [ -61.012916564941406, 10.374304771423454 ], [ -61.010417938232429, 10.370139122009276 ], [ -61.010692596435547, 10.368473052978628 ], [ -61.009304046630803, 10.367638587951777 ], [ -61.005973815917912, 10.358471870422362 ], [ -61.001251220703125, 10.349862098693904 ], [ -60.990695953369141, 10.337082862854059 ], [ -60.982639312744148, 10.335972785949705 ], [ -60.979515075683587, 10.340402603149526 ], [ -60.974029541015568, 10.339304924011346 ], [ -60.970417022705021, 10.33986091613764 ], [ -60.9696044921875, 10.341307640075797 ], [ -60.967082977294815, 10.340970993041992 ], [ -60.970417022705021, 10.332360267639276 ], [ -60.969863891601562, 10.327899932861273 ], [ -60.97149658203125, 10.328490257263299 ], [ -60.972637176513679, 10.326250076293999 ], [ -60.974304199218693, 10.326250076294 ], [ -60.983749389648381, 10.329584121704102 ], [ -60.987640380859382, 10.324028015136721 ], [ -60.995418548583991, 10.307638168335018 ], [ -60.998748779296768, 10.289027214050293 ], [ -60.998195648193366, 10.275693893432559 ], [ -60.999305725097599, 10.253193855285646 ], [ -61.00041580200196, 10.250971794128532 ], [ -61.001804351806641, 10.230417251586912 ], [ -61.003749847412116, 10.22097206115728 ], [ -61.003192901611271, 10.200972557067869 ], [ -61.00041580200196, 10.179305076599176 ], [ -60.994026184082031, 10.147082328796385 ], [ -60.990695953369141, 10.139583587646539 ], [ -60.9879150390625, 10.140137672424258 ], [ -60.987361907958935, 10.138750076294002 ], [ -60.990417480468693, 10.13736152648926 ], [ -60.990417480468693, 10.135682106018123 ], [ -60.994583129882812, 10.13624954223633 ], [ -60.995693206786996, 10.137695312499998 ], [ -61.003471374511719, 10.136528015136721 ], [ -61.003749847412116, 10.137639999389647 ], [ -61.001804351806641, 10.137639999389648 ], [ -61.00153732299804, 10.139583587646539 ], [ -61.000137329101562, 10.140145301818789 ], [ -61.000400543212891, 10.148767471313475 ], [ -61.004859924316399, 10.152916908264102 ], [ -61.011249542236328, 10.154582977294922 ], [ -61.014305114746087, 10.15347099304199 ], [ -61.019306182861335, 10.153751373290957 ], [ -61.025138854980419, 10.151250839233457 ], [ -61.050140380859325, 10.132914543151969 ] ] ] } },
{ "type": "Feature", "properties": { "NAME_0": "Trinidad and Tobago", "NAME_1": "Penal-Debe", "TYPE_1": "Region", "ENGTYPE_1": "Region", "HASC_1": "TT.PD", "ADM0_PCODE": "TT", "ADM1_PCODE": "TT72", "boundary_use": "User-supplied administrative boundary used only as a local map fallback; not presented as an EMA legal or survey boundary." }, "geometry": { "type": "Polygon", "coordinates": [ [ [ -61.381526947021428, 10.070694923400991 ], [ -61.385139465331967, 10.069028854370174 ], [ -61.388473510742188, 10.072639465332031 ], [ -61.396251678466797, 10.072083473205568 ], [ -61.397060394287053, 10.073538780212347 ], [ -61.399860382079964, 10.074304580688532 ], [ -61.40208435058593, 10.073195457458496 ], [ -61.405418395996087, 10.073471069335994 ], [ -61.406806945800717, 10.075693130493107 ], [ -61.410415649414013, 10.076805114746037 ], [ -61.421249389648445, 10.074304580688532 ], [ -61.425109863281193, 10.07452392578125 ], [ -61.430694580078132, 10.071526527404787 ], [ -61.432640075683537, 10.073195457458496 ], [ -61.445972442626953, 10.071805000305172 ], [ -61.448471069335881, 10.073471069335994 ], [ -61.453472137451179, 10.073748588562069 ], [ -61.46041488647456, 10.070694923400991 ], [ -61.47343444824218, 10.069541931152289 ], [ -61.479026794433601, 10.067916870117246 ], [ -61.485973358154247, 10.068751335144098 ], [ -61.487640380859375, 10.067639350891115 ], [ -61.49263763427728, 10.068195343017635 ], [ -61.498195648193359, 10.067083358764647 ], [ -61.501525878906136, 10.071250915527457 ], [ -61.505844116210938, 10.071563720703184 ], [ -61.507301330566399, 10.078031539917108 ], [ -61.509395599365241, 10.081429481506348 ], [ -61.507221221923771, 10.084750175476074 ], [ -61.504997253417976, 10.093194007873649 ], [ -61.502285003661996, 10.094865798950252 ], [ -61.503364562988274, 10.096564292907827 ], [ -61.507625579833871, 10.096593856811467 ], [ -61.507621765136662, 10.099972724914664 ], [ -61.509971618652344, 10.105578422546447 ], [ -61.51411056518544, 10.11057662963873 ], [ -61.512500762939453, 10.112711906433217 ], [ -61.508197784423714, 10.114833831787223 ], [ -61.508174896240178, 10.123451232910211 ], [ -61.506038665771491, 10.127250671386772 ], [ -61.493247985839851, 10.128236770629936 ], [ -61.484127044677734, 10.133573532104602 ], [ -61.477752685546818, 10.135162353515568 ], [ -61.471309661865241, 10.143225669860898 ], [ -61.47290039062495, 10.148089408874569 ], [ -61.473384857177685, 10.158852577209471 ], [ -61.467510223388672, 10.166347503662054 ], [ -61.469108581542962, 10.168544769287166 ], [ -61.473354339599553, 10.169089317321721 ], [ -61.475448608398445, 10.178240776062069 ], [ -61.471668243408153, 10.193840026855524 ], [ -61.467906951904304, 10.202487945556696 ], [ -61.468986511230419, 10.204635620117189 ], [ -61.479122161865241, 10.207921981811635 ], [ -61.490825653076115, 10.209024429321232 ], [ -61.501518249511669, 10.216073989868105 ], [ -61.502544403076122, 10.219316482543887 ], [ -61.500411987304695, 10.221449851989801 ], [ -61.501491546630795, 10.224168777465877 ], [ -61.508415222167976, 10.227962493896428 ], [ -61.519073486328004, 10.231250762939453 ], [ -61.521755218505859, 10.233977317810059 ], [ -61.52125167846674, 10.236804962158258 ], [ -61.504577636718636, 10.245484352111815 ], [ -61.487522125244141, 10.247815132141055 ], [ -61.481082916259709, 10.253165245056264 ], [ -61.47413253784174, 10.254752159118652 ], [ -61.464481353759766, 10.259563446045036 ], [ -61.457012176513672, 10.261147499084531 ], [ -61.454326629638672, 10.260039329528924 ], [ -61.447380065917969, 10.26053142547619 ], [ -61.444805145263665, 10.2651309967041 ], [ -61.440959930419872, 10.259977340698301 ], [ -61.434040069580085, 10.254564285278436 ], [ -61.424995422363288, 10.249664306640629 ], [ -61.410041809081974, 10.245308876037599 ], [ -61.40521240234375, 10.248476982116813 ], [ -61.398277282714844, 10.246872901916559 ], [ -61.386566162109382, 10.236008644104063 ], [ -61.372207641601449, 10.226798057556209 ], [ -61.371150970458928, 10.220316886901852 ], [ -61.376502990722656, 10.216056823730467 ], [ -61.377082824707031, 10.212821006774901 ], [ -61.374931335449219, 10.208477973938098 ], [ -61.373950958251946, 10.194473266601506 ], [ -61.377689361572273, 10.191824913024902 ], [ -61.375011444091797, 10.189098358154297 ], [ -61.377189636230462, 10.186965942382871 ], [ -61.383045196533146, 10.186993598937987 ], [ -61.384654998779297, 10.185381889343375 ], [ -61.384147644042969, 10.182664871215932 ], [ -61.382549285888672, 10.181038856506404 ], [ -61.381526947021428, 10.070694923400991 ] ] ] } },
{ "type": "Feature", "properties": { "NAME_0": "Trinidad and Tobago", "NAME_1": "Point Fortin", "TYPE_1": "Borough", "ENGTYPE_1": "Borough", "HASC_1": "TT.PF", "ADM0_PCODE": "TT", "ADM1_PCODE": "TT80", "boundary_use": "User-supplied administrative boundary used only as a local map fallback; not presented as an EMA legal or survey boundary." }, "geometry": { "type": "Polygon", "coordinates": [ [ [ -61.704536437988217, 10.163749694824332 ], [ -61.696804046630803, 10.167083740234373 ], [ -61.696804046630803, 10.171527862548828 ], [ -61.697917938232422, 10.173473358154297 ], [ -61.694583892822266, 10.177360534667969 ], [ -61.694305419921868, 10.179861068725641 ], [ -61.695102691650327, 10.18375778198242 ], [ -61.69708251953125, 10.18458271026617 ], [ -61.697368621826179, 10.185971260070914 ], [ -61.695693969726449, 10.188194274902287 ], [ -61.692638397216676, 10.185695648193418 ], [ -61.692359924316406, 10.188194274902287 ], [ -61.690692901611335, 10.188194274902285 ], [ -61.701759338378857, 10.210431098937928 ], [ -61.702915191650334, 10.210139274597283 ], [ -61.703193664550724, 10.211526870727539 ], [ -61.700416564941399, 10.212361335754391 ], [ -61.700973510742195, 10.210416793823354 ], [ -61.693748474121037, 10.195416450500488 ], [ -61.688472747802734, 10.187640190124625 ], [ -61.685974121093757, 10.187084197998161 ], [ -61.673820495605412, 10.189579963684139 ], [ -61.656806945800781, 10.196249961853082 ], [ -61.655418395996037, 10.19874954223644 ], [ -61.653194427490241, 10.198798179626577 ], [ -61.646251678466797, 10.203194618225153 ], [ -61.642578125, 10.20709228515625 ], [ -61.642639160156193, 10.209583282470758 ], [ -61.640972137451179, 10.209027290344292 ], [ -61.637638092041023, 10.212361335754395 ], [ -61.637027740478452, 10.211717605590819 ], [ -61.63661193847657, 10.208668708801383 ], [ -61.630786895751953, 10.200022697448787 ], [ -61.632400512695305, 10.19569778442394 ], [ -61.643100738525398, 10.183369636535645 ], [ -61.646869659423821, 10.169913291931151 ], [ -61.652202606201065, 10.168844223022573 ], [ -61.655937194824226, 10.166719436645508 ], [ -61.658123016357415, 10.16134929656994 ], [ -61.662372589111278, 10.161369323730524 ], [ -61.666110992431591, 10.157626152038629 ], [ -61.672538757324219, 10.153895378112903 ], [ -61.674671173095696, 10.150668144226186 ], [ -61.683799743652351, 10.14314079284668 ], [ -61.693946838378857, 10.143189430236758 ], [ -61.69819641113282, 10.142162322998047 ], [ -61.700309753417969, 10.145409584045467 ], [ -61.700862884521484, 10.150220870971678 ], [ -61.703498840331982, 10.151852607727161 ], [ -61.704536437988217, 10.163749694824332 ] ] ] } },
{ "type": "Feature", "properties": { "NAME_0": "Trinidad and Tobago", "NAME_1": "Port of Spain", "TYPE_1": "City", "ENGTYPE_1": "City", "HASC_1": "TT.PS", "ADM0_PCODE": "TT", "ADM1_PCODE": "TT10", "boundary_use": "User-supplied administrative boundary used only as a local map fallback; not presented as an EMA legal or survey boundary." }, "geometry": { "type": "Polygon", "coordinates": [ [ [ -61.49736022949218, 10.639371871948356 ], [ -61.49958419799799, 10.641248703002985 ], [ -61.504028320312507, 10.641248703002985 ], [ -61.504028320312507, 10.639861106872555 ], [ -61.508750915527294, 10.640971183776912 ], [ -61.509582519531243, 10.643473625183161 ], [ -61.507637023925781, 10.645415306091307 ], [ -61.508193969726499, 10.646528244018553 ], [ -61.509582519531243, 10.645139694213807 ], [ -61.510692596435547, 10.646528244018555 ], [ -61.513748168945312, 10.645695686340275 ], [ -61.514862060546825, 10.649027824401969 ], [ -61.523750305175781, 10.652638435363826 ], [ -61.528751373291016, 10.657362937927191 ], [ -61.532917022705071, 10.657081604003906 ], [ -61.537082672119077, 10.658473014831543 ], [ -61.538192749023445, 10.659860610961973 ], [ -61.537918090820256, 10.665416717529354 ], [ -61.539028167724602, 10.665970802307241 ], [ -61.537639617919872, 10.667638778686467 ], [ -61.538192749023445, 10.670140266418459 ], [ -61.544609069824162, 10.674305915832464 ], [ -61.547359466552685, 10.673751831054801 ], [ -61.548194885253906, 10.675971984863336 ], [ -61.55076980590821, 10.676742553710996 ], [ -61.544994354247997, 10.677912712097166 ], [ -61.531631469726506, 10.677320480346793 ], [ -61.528404235839787, 10.678395271301326 ], [ -61.52782821655267, 10.681050300598203 ], [ -61.525695800781257, 10.68103885650646 ], [ -61.524089813232365, 10.678373336791992 ], [ -61.520347595214844, 10.678353309631463 ], [ -61.508563995361278, 10.671268463134766 ], [ -61.505340576171768, 10.671252250671387 ], [ -61.501064300537109, 10.675027847290039 ], [ -61.498886108398445, 10.6739244461059 ], [ -61.498390197753913, 10.666421890258787 ], [ -61.494152069091747, 10.659419059753418 ], [ -61.494159698486271, 10.656710624694766 ], [ -61.498966217041016, 10.652409553527832 ], [ -61.498985290527344, 10.648132324218805 ], [ -61.494235992431641, 10.639503479003903 ], [ -61.49736022949218, 10.639371871948356 ] ] ] } },
{ "type": "Feature", "properties": { "NAME_0": "Trinidad and Tobago", "NAME_1": "Princes Town", "TYPE_1": "Region", "ENGTYPE_1": "Region", "HASC_1": "TT.PT", "ADM0_PCODE": "TT", "ADM1_PCODE": "TT71", "boundary_use": "User-supplied administrative boundary used only as a local map fallback; not presented as an EMA legal or survey boundary." }, "geometry": { "type": "Polygon", "coordinates": [ [ [ -61.177413940429688, 10.076485633850096 ], [ -61.180416107177685, 10.07736110687256 ], [ -61.183471679687393, 10.076249122619572 ], [ -61.187084197997997, 10.076526641845703 ], [ -61.187377929687436, 10.07849216461193 ], [ -61.191806793212898, 10.0795841217041 ], [ -61.199584960937443, 10.07736110687256 ], [ -61.208194732666016, 10.072639465332033 ], [ -61.220695495605462, 10.072639465332028 ], [ -61.220417022705078, 10.074027061462457 ], [ -61.222915649414062, 10.075139045715392 ], [ -61.226379394531193, 10.074860572815057 ], [ -61.229583740234368, 10.076526641845703 ], [ -61.232082366943303, 10.075972557067985 ], [ -61.234027862548828, 10.077918052673283 ], [ -61.236804962158203, 10.07736110687256 ], [ -61.237083435058594, 10.078467369079705 ], [ -61.23791503906245, 10.077918052673281 ], [ -61.241806030273381, 10.080417633056697 ], [ -61.244583129882756, 10.080140113830621 ], [ -61.244812011718757, 10.081299781799373 ], [ -61.249862670898438, 10.084028244018555 ], [ -61.252082824707038, 10.084305763244629 ], [ -61.263748168945256, 10.080694198608455 ], [ -61.26736068725581, 10.085415840148983 ], [ -61.282360076904247, 10.086806297302305 ], [ -61.290695190429688, 10.085415840148981 ], [ -61.293193817138679, 10.085971832275446 ], [ -61.300971984863288, 10.084028244018553 ], [ -61.313472747802734, 10.078471183776912 ], [ -61.314582824706982, 10.078471183776912 ], [ -61.315380096435554, 10.080451965332033 ], [ -61.321529388427678, 10.078195571899411 ], [ -61.325695037841797, 10.078748703002988 ], [ -61.332637786865227, 10.073748588562067 ], [ -61.335971832275398, 10.074304580688532 ], [ -61.339027404785156, 10.073195457458493 ], [ -61.342918395996044, 10.074027061462459 ], [ -61.362361907958935, 10.070694923400994 ], [ -61.377639770507706, 10.072360992431641 ], [ -61.381526947021428, 10.070694923400991 ], [ -61.382549285888672, 10.181038856506404 ], [ -61.384147644042969, 10.182664871215932 ], [ -61.384654998779297, 10.185381889343375 ], [ -61.383045196533146, 10.186993598937987 ], [ -61.377189636230462, 10.186965942382871 ], [ -61.375011444091797, 10.189098358154297 ], [ -61.377689361572273, 10.191824913024902 ], [ -61.373950958251946, 10.194473266601506 ], [ -61.374931335449219, 10.208477973938098 ], [ -61.377082824707031, 10.212821006774901 ], [ -61.376502990722656, 10.216056823730467 ], [ -61.371150970458928, 10.220316886901852 ], [ -61.371650695800781, 10.224081039428764 ], [ -61.372207641601449, 10.226798057556209 ], [ -61.386566162109382, 10.236008644104063 ], [ -61.398277282714844, 10.246872901916559 ], [ -61.40521240234375, 10.248476982116813 ], [ -61.410041809081974, 10.245308876037599 ], [ -61.424995422363288, 10.249664306640629 ], [ -61.434040069580085, 10.254564285278436 ], [ -61.440959930419872, 10.259977340698301 ], [ -61.444805145263665, 10.2651309967041 ], [ -61.440402984619141, 10.268593788147029 ], [ -61.438259124755803, 10.273440361023006 ], [ -61.438220977783196, 10.282059669494574 ], [ -61.43602371215821, 10.286906242370607 ], [ -61.434940338134702, 10.2971391677857 ], [ -61.431686401367131, 10.305743217468203 ], [ -61.430564880371037, 10.313261985778922 ], [ -61.423595428466747, 10.318087577819881 ], [ -61.418277740478516, 10.313729286193846 ], [ -61.415069580078125, 10.312666893005483 ], [ -61.414558410644538, 10.310521125793569 ], [ -61.411880493163949, 10.307794570922965 ], [ -61.410270690917969, 10.308311462402454 ], [ -61.405464172363224, 10.3152894973756 ], [ -61.394721984863288, 10.317954063415584 ], [ -61.394710540771378, 10.320096969604606 ], [ -61.397396087646491, 10.322252273559625 ], [ -61.397384643554574, 10.323871612548945 ], [ -61.394683837890568, 10.325477600097766 ], [ -61.388809204101555, 10.328165054321344 ], [ -61.379695892333977, 10.326504707336481 ], [ -61.370101928710881, 10.326459884643553 ], [ -61.357803344726442, 10.328546524047907 ], [ -61.355068206787109, 10.335535049438477 ], [ -61.347591400146428, 10.337120056152459 ], [ -61.342750549316406, 10.340335845947266 ], [ -61.334716796874943, 10.339775085449331 ], [ -61.321388244628913, 10.331093788146973 ], [ -61.31873703002929, 10.332129478454704 ], [ -61.315525054931584, 10.331590652465877 ], [ -61.315013885498054, 10.329969406127987 ], [ -61.311790466308594, 10.331573486328239 ], [ -61.309593200683594, 10.33532619476324 ], [ -61.299987792968693, 10.336901664733887 ], [ -61.294109344482422, 10.331492424011174 ], [ -61.28929138183593, 10.330946922302303 ], [ -61.288791656494141, 10.327705383300838 ], [ -61.281860351562436, 10.324958801269529 ], [ -61.279197692871037, 10.327137947082633 ], [ -61.275417327880866, 10.327120780944766 ], [ -61.272220611572266, 10.324391365051325 ], [ -61.25836181640625, 10.318421363830623 ], [ -61.256774902343693, 10.315176010131783 ], [ -61.255733489990178, 10.315171241760307 ], [ -61.253005981445312, 10.320540428161562 ], [ -61.250877380371037, 10.320530891418459 ], [ -61.250907897949219, 10.316196441650449 ], [ -61.242919921875007, 10.308634757995604 ], [ -61.242485046386662, 10.295677185058649 ], [ -61.240913391113281, 10.290287971496639 ], [ -61.235054016113232, 10.282735824584902 ], [ -61.227077484130852, 10.281603813171442 ], [ -61.225479125976562, 10.279976844787599 ], [ -61.229766845703125, 10.275138854980581 ], [ -61.229793548583935, 10.270852088928224 ], [ -61.226593017578118, 10.268693923950309 ], [ -61.220222473144524, 10.267569541931152 ], [ -61.21697998046875, 10.271888732910266 ], [ -61.212146759033146, 10.274009704589789 ], [ -61.209430694580085, 10.277235984802191 ], [ -61.205696105956925, 10.277742385864258 ], [ -61.203578948974553, 10.276113510131834 ], [ -61.191314697265625, 10.272817611694281 ], [ -61.189155578613281, 10.270664215088004 ], [ -61.189174652099545, 10.267949104309141 ], [ -61.182247161865234, 10.265250205993652 ], [ -61.183506011962884, 10.239916801452749 ], [ -61.175590515136726, 10.22263813018793 ], [ -61.178874969482365, 10.211318016052303 ], [ -61.181018829345703, 10.208137512207088 ], [ -61.184322357177678, 10.192483901977541 ], [ -61.183437347412053, 10.163953781127926 ], [ -61.181854248046768, 10.160183906555233 ], [ -61.177413940429688, 10.076485633850096 ] ] ] } },
{ "type": "Feature", "properties": { "NAME_0": "Trinidad and Tobago", "NAME_1": "San Fernando", "TYPE_1": "City", "ENGTYPE_1": "City", "HASC_1": "TT.SF", "ADM0_PCODE": "TT", "ADM1_PCODE": "TT20", "boundary_use": "User-supplied administrative boundary used only as a local map fallback; not presented as an EMA legal or survey boundary." }, "geometry": { "type": "Polygon", "coordinates": [ [ [ -61.501251220703132, 10.246527671813906 ], [ -61.500434875488288, 10.248195648193358 ], [ -61.494861602783203, 10.249584197998104 ], [ -61.494010925292969, 10.251193046569769 ], [ -61.491527557373047, 10.251250267028922 ], [ -61.49041748046875, 10.253473281860295 ], [ -61.487617492675781, 10.253405570983942 ], [ -61.47991943359375, 10.25927734375011 ], [ -61.479305267333871, 10.262916564941522 ], [ -61.475971221923828, 10.265138626098635 ], [ -61.470695495605412, 10.273194313049375 ], [ -61.471527099609375, 10.279859542846792 ], [ -61.468471527099616, 10.284304618835504 ], [ -61.468688964843686, 10.286314964294487 ], [ -61.466804504394474, 10.28680515289318 ], [ -61.462039947509659, 10.29232692718506 ], [ -61.46041488647456, 10.29211521148693 ], [ -61.45734786987299, 10.297065734863395 ], [ -61.455944061279304, 10.300986289978082 ], [ -61.458232879638665, 10.306206703186092 ], [ -61.462081909179688, 10.306249618530272 ], [ -61.467639923095653, 10.310967445373594 ], [ -61.44073486328125, 10.310642242431699 ], [ -61.436985015869141, 10.314910888671932 ], [ -61.433776855468693, 10.313277244567812 ], [ -61.430564880371037, 10.313261985778922 ], [ -61.431686401367131, 10.305743217468203 ], [ -61.434940338134702, 10.2971391677857 ], [ -61.43602371215821, 10.286906242370607 ], [ -61.438220977783196, 10.282059669494574 ], [ -61.438259124755803, 10.273440361023006 ], [ -61.440402984619141, 10.268593788147029 ], [ -61.444667816162045, 10.265375137329155 ], [ -61.447380065917969, 10.26053142547619 ], [ -61.454326629638672, 10.260039329528924 ], [ -61.457012176513672, 10.261147499084531 ], [ -61.464481353759766, 10.259563446045036 ], [ -61.47413253784174, 10.254752159118652 ], [ -61.481082916259709, 10.253165245056264 ], [ -61.487522125244141, 10.247815132141055 ], [ -61.496074676513615, 10.246236801147518 ], [ -61.501251220703132, 10.246527671813906 ] ] ] } },
{ "type": "Feature", "properties": { "NAME_0": "Trinidad and Tobago", "NAME_1": "San Juan-Laventille", "TYPE_1": "Region", "ENGTYPE_1": "Region", "HASC_1": "TT.SL", "ADM0_PCODE": "TT", "ADM1_PCODE": "TT32", "boundary_use": "User-supplied administrative boundary used only as a local map fallback; not presented as an EMA legal or survey boundary." }, "geometry": { "type": "Polygon", "coordinates": [ [ [ -61.34553527832032, 10.807084083557182 ], [ -61.345973968505803, 10.800423622131463 ], [ -61.350212097167969, 10.791360855102539 ], [ -61.352912902831974, 10.789252281189022 ], [ -61.352378845214837, 10.786050796508787 ], [ -61.359340667724602, 10.780238151550352 ], [ -61.359287261962891, 10.734341621399039 ], [ -61.366783142089844, 10.739192008972223 ], [ -61.370532989501953, 10.739208221435602 ], [ -61.374851226806584, 10.741352081298887 ], [ -61.376987457275391, 10.740274429321289 ], [ -61.379695892333977, 10.73603534698492 ], [ -61.388805389404297, 10.73177623748785 ], [ -61.392555236816406, 10.73448562622076 ], [ -61.415092468261655, 10.743133544921932 ], [ -61.422115325927734, 10.742079734802246 ], [ -61.430130004882812, 10.734657287597654 ], [ -61.439804077148381, 10.730403900146483 ], [ -61.433879852294872, 10.722389221191522 ], [ -61.433361053466797, 10.718083381652885 ], [ -61.431228637695249, 10.715377807617127 ], [ -61.432849884033153, 10.710038185119744 ], [ -61.430721282958984, 10.705247879028375 ], [ -61.432865142822259, 10.700428962707463 ], [ -61.428573608398438, 10.69074344635021 ], [ -61.429683685302685, 10.683259010314998 ], [ -61.426471710204972, 10.678928375244196 ], [ -61.426494598388665, 10.672477722167971 ], [ -61.423805236816406, 10.669285774231072 ], [ -61.4216918945312, 10.663865089416618 ], [ -61.424407958984375, 10.660127639770511 ], [ -61.420108795166016, 10.656356811523493 ], [ -61.419078826904297, 10.653122901916561 ], [ -61.423892974853395, 10.647776603698727 ], [ -61.428245544433537, 10.639719009399414 ], [ -61.428272247314396, 10.634346961975041 ], [ -61.425659179687507, 10.617641448974608 ], [ -61.421474456787053, 10.603630065917969 ], [ -61.421009063720646, 10.595009803772086 ], [ -61.418361663818239, 10.586377143859805 ], [ -61.415519714355469, 10.564265251159668 ], [ -61.438350677490227, 10.565461158752557 ], [ -61.447467803955085, 10.562261581420955 ], [ -61.453411102294915, 10.549905776977539 ], [ -61.456127166747933, 10.547203063964844 ], [ -61.458293914794865, 10.540782928466795 ], [ -61.464027404785099, 10.540579795837457 ], [ -61.462360382080085, 10.543472290039178 ], [ -61.464584350585881, 10.544028282165643 ], [ -61.467639923095653, 10.55819511413574 ], [ -61.469860076904183, 10.560971260070914 ], [ -61.469028472900398, 10.566249847412166 ], [ -61.470417022705028, 10.567084312439022 ], [ -61.473472595214787, 10.575415611267088 ], [ -61.475418090820312, 10.57763862609869 ], [ -61.477085113525341, 10.58930778503418 ], [ -61.484584808349616, 10.601528167724666 ], [ -61.485416412353516, 10.604861259460449 ], [ -61.484306335449219, 10.605973243713377 ], [ -61.485973358154247, 10.605417251586914 ], [ -61.488193511962891, 10.608751296997184 ], [ -61.488750457763672, 10.61652660369873 ], [ -61.495140075683601, 10.621806144714299 ], [ -61.500694274902351, 10.622362136840822 ], [ -61.503471374511712, 10.627360343933105 ], [ -61.502918243408146, 10.637916564941518 ], [ -61.494235992431641, 10.639503479003903 ], [ -61.498985290527344, 10.648132324218805 ], [ -61.498966217041016, 10.652409553527832 ], [ -61.494159698486271, 10.656710624694766 ], [ -61.494152069091747, 10.659419059753418 ], [ -61.498390197753913, 10.666421890258787 ], [ -61.498886108398445, 10.6739244461059 ], [ -61.501064300537109, 10.675027847290039 ], [ -61.505340576171768, 10.671252250671387 ], [ -61.508563995361278, 10.671268463134766 ], [ -61.517127990722599, 10.676533699035756 ], [ -61.516586303710874, 10.683126449584959 ], [ -61.508518218994134, 10.6868782043457 ], [ -61.501522064208878, 10.700774192810117 ], [ -61.495635986328132, 10.705573081970327 ], [ -61.497188568115234, 10.720528602600211 ], [ -61.496807098388679, 10.756806373596193 ], [ -61.494026184082024, 10.757083892822264 ], [ -61.494304656982422, 10.759584426879938 ], [ -61.492916107177678, 10.759860038757438 ], [ -61.494026184082024, 10.761805534362738 ], [ -61.49263763427728, 10.76291561126709 ], [ -61.491806030273445, 10.762915611267092 ], [ -61.492362976074162, 10.760693550109803 ], [ -61.490139007568303, 10.760137557983509 ], [ -61.49041748046875, 10.757916450500547 ], [ -61.488193511962891, 10.753749847412166 ], [ -61.484584808349616, 10.75347232818609 ], [ -61.481529235839844, 10.75458431243902 ], [ -61.482082366943359, 10.755694389343201 ], [ -61.480693817138679, 10.755140304565543 ], [ -61.479862213134716, 10.757083892822266 ], [ -61.476249694824112, 10.758477210998649 ], [ -61.472084045410156, 10.764584541320803 ], [ -61.472362518310554, 10.767639160156191 ], [ -61.476806640624943, 10.771248817443961 ], [ -61.475139617919929, 10.773470878601074 ], [ -61.475139617919929, 10.775138854980467 ], [ -61.476806640624943, 10.775694847106932 ], [ -61.475971221923828, 10.778193473815859 ], [ -61.473751068115185, 10.777083396911676 ], [ -61.474029541015568, 10.775694847106934 ], [ -61.470695495605412, 10.775417327880859 ], [ -61.468471527099616, 10.776527404785213 ], [ -61.466251373291023, 10.776251792907715 ], [ -61.46513748168946, 10.774582862854004 ], [ -61.461528778076122, 10.774861335754395 ], [ -61.462360382080085, 10.76652908325201 ], [ -61.461250305175724, 10.766250610351676 ], [ -61.46041488647456, 10.763194084167479 ], [ -61.454582214355412, 10.762638092041019 ], [ -61.452640533447266, 10.763471603393612 ], [ -61.452640533447266, 10.766804695129336 ], [ -61.450973510742131, 10.767639160156193 ], [ -61.45069503784169, 10.772360801696891 ], [ -61.447917938232365, 10.774861335754393 ], [ -61.443473815917969, 10.775138854980469 ], [ -61.442081451415966, 10.776251792907717 ], [ -61.440971374511719, 10.773195266723745 ], [ -61.443473815917969, 10.771529197692926 ], [ -61.443748474121094, 10.767916679382324 ], [ -61.440971374511719, 10.767360687255801 ], [ -61.439861297607422, 10.765694618225153 ], [ -61.442638397216797, 10.764028549194338 ], [ -61.442359924316349, 10.761805534362736 ], [ -61.437637329101562, 10.759028434753477 ], [ -61.434581756591804, 10.75958442687994 ], [ -61.432083129882763, 10.75847244262701 ], [ -61.428749084472607, 10.759305953979549 ], [ -61.42541503906245, 10.760972023010368 ], [ -61.424304962158203, 10.762915611267092 ], [ -61.425140380859375, 10.766250610351674 ], [ -61.427639007568359, 10.768472671508787 ], [ -61.426528930664006, 10.773195266723745 ], [ -61.419582366943303, 10.775694847106932 ], [ -61.41902923583973, 10.777360916137809 ], [ -61.420139312744084, 10.777917861938533 ], [ -61.420139312744084, 10.779583930969183 ], [ -61.417640686035149, 10.782084465026855 ], [ -61.416248321533146, 10.781805992126522 ], [ -61.415973663330021, 10.78319358825695 ], [ -61.414859771728516, 10.782917976379451 ], [ -61.413192749023388, 10.785415649414064 ], [ -61.408473968505859, 10.785415649414064 ], [ -61.406528472900334, 10.780971527099663 ], [ -61.402637481689453, 10.779583930969183 ], [ -61.392639160156243, 10.780971527099666 ], [ -61.391529083251896, 10.782637596130483 ], [ -61.394027709960874, 10.785971641540527 ], [ -61.392639160156243, 10.787916183471737 ], [ -61.381805419921811, 10.789305686950799 ], [ -61.374305725097535, 10.792084693908633 ], [ -61.370971679687493, 10.795416831970327 ], [ -61.368473052978466, 10.800139427185115 ], [ -61.365139007568295, 10.801804542541445 ], [ -61.364582061767578, 10.806249618530329 ], [ -61.36652755737304, 10.809583663940428 ], [ -61.36652755737304, 10.81124973297125 ], [ -61.365139007568295, 10.812361717224178 ], [ -61.362640380859318, 10.812640190124569 ], [ -61.361251831054688, 10.811528205871637 ], [ -61.35736083984375, 10.813194274902456 ], [ -61.351528167724616, 10.812084197998104 ], [ -61.34553527832032, 10.807084083557182 ] ] ] } },
{ "type": "Feature", "properties": { "NAME_0": "Trinidad and Tobago", "NAME_1": "Sangre Grande", "TYPE_1": "Region", "ENGTYPE_1": "Region", "HASC_1": "TT.SN", "ADM0_PCODE": "TT", "ADM1_PCODE": "TT61", "boundary_use": "User-supplied administrative boundary used only as a local map fallback; not presented as an EMA legal or survey boundary." }, "geometry": { "type": "Polygon", "coordinates": [ [ [ -61.027084350585945, 10.614583015442003 ], [ -61.023750305175788, 10.597915649414061 ], [ -61.023193359374993, 10.585970878601072 ], [ -61.022083282470646, 10.584306716919004 ], [ -61.021526336669865, 10.57708168029791 ], [ -61.019859313964844, 10.575140953064075 ], [ -61.020694732666016, 10.574028015136832 ], [ -61.020137786865234, 10.567361831665151 ], [ -61.021526336669865, 10.564306259155273 ], [ -61.020694732666016, 10.558749198913629 ], [ -61.019027709960888, 10.557639122009279 ], [ -61.020137786865234, 10.555694580078239 ], [ -61.015693664550717, 10.541806221008299 ], [ -61.015140533447216, 10.535140037536619 ], [ -61.013473510742188, 10.534860610961914 ], [ -61.013748168945305, 10.53152656555187 ], [ -61.01180648803706, 10.530417442321836 ], [ -61.01180648803706, 10.528751373290959 ], [ -61.012916564941406, 10.521806716919061 ], [ -61.017917633056527, 10.522678375244141 ], [ -61.018470764160092, 10.523751258850101 ], [ -61.020973205566413, 10.522638320922852 ], [ -61.023193359374993, 10.523195266723631 ], [ -61.029582977294922, 10.515137672424261 ], [ -61.03708267211902, 10.514306068420467 ], [ -61.037918090820263, 10.515693664550779 ], [ -61.040138244628793, 10.515137672424261 ], [ -61.043193817138665, 10.507918357849178 ], [ -61.043472290038949, 10.492916107177734 ], [ -61.042640686035163, 10.492083549499625 ], [ -61.04041671752924, 10.464859962463436 ], [ -61.033473968505859, 10.439651489257868 ], [ -61.089813232421825, 10.439421653747555 ], [ -61.096767425537053, 10.441071510315053 ], [ -61.108097076415966, 10.43521308898937 ], [ -61.11558532714843, 10.435246467590387 ], [ -61.129394531249943, 10.448788642883359 ], [ -61.126708984374943, 10.452540397644098 ], [ -61.128303527832024, 10.454166412353461 ], [ -61.135250091552734, 10.456340789794979 ], [ -61.143825531005866, 10.456377983093374 ], [ -61.1470947265625, 10.451009750366211 ], [ -61.148765563964837, 10.444014549255424 ], [ -61.151954650878906, 10.441884040832576 ], [ -61.157817840576058, 10.448912620544434 ], [ -61.16156005859375, 10.448929786682241 ], [ -61.164283752441357, 10.446226119995115 ], [ -61.169647216796761, 10.444629669189393 ], [ -61.174503326415959, 10.44141197204601 ], [ -61.180942535400398, 10.436058044433647 ], [ -61.184738159179695, 10.435026168823299 ], [ -61.192176818847656, 10.440442085266227 ], [ -61.199192047119084, 10.433679580688587 ], [ -61.199096679687443, 10.445331573486383 ], [ -61.196937561035163, 10.449085235595703 ], [ -61.196365356445312, 10.455560684204157 ], [ -61.197914123535156, 10.457187652588001 ], [ -61.210269927978409, 10.457766532897891 ], [ -61.217220306396428, 10.459416389465389 ], [ -61.219318389892528, 10.463189125061092 ], [ -61.219299316406193, 10.465904235839787 ], [ -61.212810516357365, 10.471781730651909 ], [ -61.212802886962898, 10.472877502441461 ], [ -61.217105865478459, 10.47394466400146 ], [ -61.220302581787109, 10.47667407989513 ], [ -61.220287322997933, 10.478816986083984 ], [ -61.216472625732308, 10.482039451599238 ], [ -61.215927124023438, 10.484752655029297 ], [ -61.208927154540952, 10.489532470703237 ], [ -61.206768035888672, 10.49276256561285 ], [ -61.20173645019532, 10.516987800598145 ], [ -61.202796936035099, 10.520231246948244 ], [ -61.207572937011662, 10.521871566772575 ], [ -61.224720001220703, 10.522470474243168 ], [ -61.225257873535149, 10.52628326416021 ], [ -61.224132537841797, 10.530566215515194 ], [ -61.216018676757812, 10.537532806396484 ], [ -61.219226837158153, 10.539166450500542 ], [ -61.219776153564396, 10.541884422302303 ], [ -61.219757080078125, 10.544028282165639 ], [ -61.215938568115234, 10.547250747680661 ], [ -61.215919494628899, 10.549394607544 ], [ -61.217514038085881, 10.551545143127557 ], [ -61.222908020019538, 10.552663803100584 ], [ -61.217994689941293, 10.561788558959901 ], [ -61.217975616455021, 10.563980102539062 ], [ -61.222766876220597, 10.569383621215817 ], [ -61.22112655639642, 10.572615623474178 ], [ -61.221080780029297, 10.577999114990234 ], [ -61.228004455566349, 10.58341121673584 ], [ -61.236743927001953, 10.592592239379826 ], [ -61.228889465332038, 10.601756095886342 ], [ -61.225669860839844, 10.60117053985601 ], [ -61.222476959228402, 10.60277652740484 ], [ -61.214939117431584, 10.602744102478081 ], [ -61.212306976318359, 10.600065231323297 ], [ -61.207988739013679, 10.600047111511174 ], [ -61.205772399902294, 10.609184265136719 ], [ -61.201992034912109, 10.612931251525991 ], [ -61.199222564697266, 10.620491027832086 ], [ -61.199195861816349, 10.62368106842041 ], [ -61.204517364501889, 10.628556251525932 ], [ -61.202877044677734, 10.631785392761229 ], [ -61.2028198242187, 10.639348030090444 ], [ -61.214561462402237, 10.650658607482969 ], [ -61.219928741455085, 10.650678634643498 ], [ -61.22475814819331, 10.652312278747615 ], [ -61.225826263427741, 10.656639099121039 ], [ -61.22309875488282, 10.659811019897575 ], [ -61.22255706787103, 10.663038253784293 ], [ -61.226295471191293, 10.665236473083494 ], [ -61.225761413574219, 10.667370796203667 ], [ -61.221427917480362, 10.669491767883411 ], [ -61.2176513671875, 10.673797607421816 ], [ -61.217624664306648, 10.678590774536248 ], [ -61.213863372802678, 10.680760383606069 ], [ -61.210597991943359, 10.687722206115836 ], [ -61.210578918457038, 10.690947532653752 ], [ -61.213222503662053, 10.694701194763296 ], [ -61.212677001953125, 10.700056076049918 ], [ -61.209999084472663, 10.704360008239746 ], [ -61.209407806396428, 10.710753440857049 ], [ -61.212627410888608, 10.71398353576666 ], [ -61.220703125, 10.715097427368159 ], [ -61.221790313720653, 10.717231750488391 ], [ -61.224967956542969, 10.718330383300835 ], [ -61.231437683105419, 10.716741561889705 ], [ -61.241641998290959, 10.72051429748541 ], [ -61.244861602783139, 10.724263191223086 ], [ -61.24214172363282, 10.730688095092832 ], [ -61.237865447998047, 10.730674743652346 ], [ -61.231937408447273, 10.725309371948242 ], [ -61.230361938476513, 10.72795391082769 ], [ -61.227130889892514, 10.728511810302734 ], [ -61.222808837890625, 10.727410316467228 ], [ -61.211528778076172, 10.727377891540472 ], [ -61.198154449462834, 10.729441642761227 ], [ -61.192131042480419, 10.734276771545353 ], [ -61.189456939697209, 10.7423095703125 ], [ -61.182979583740178, 10.747116088867246 ], [ -61.178646087646484, 10.753486633300895 ], [ -61.178642272949219, 10.757786750793569 ], [ -61.175975799560547, 10.759906768798771 ], [ -61.170600891113175, 10.759894371032772 ], [ -61.166843414306584, 10.761492729187067 ], [ -61.157661437988281, 10.760953903198242 ], [ -61.153373718261719, 10.769495010376032 ], [ -61.152801513671875, 10.774310111999569 ], [ -61.156047821044915, 10.788188934326168 ], [ -61.161437988281193, 10.796166419982967 ], [ -61.166866302490178, 10.797259330749627 ], [ -61.167388916015625, 10.795658111572322 ], [ -61.170051574707031, 10.79566287994396 ], [ -61.170085906982372, 10.809231758117734 ], [ -61.165695190429695, 10.813194274902454 ], [ -61.161529541015575, 10.812917709350645 ], [ -61.158748626708935, 10.811249732971248 ], [ -61.153194427490234, 10.812917709350645 ], [ -61.15180587768549, 10.816808700561467 ], [ -61.148193359375, 10.817638397216852 ], [ -61.142360687255803, 10.822639465332028 ], [ -61.139026641845646, 10.820973396301211 ], [ -61.135139465332038, 10.820973396301214 ], [ -61.133193969726513, 10.822083473205566 ], [ -61.129306793212777, 10.820973396301209 ], [ -61.125694274902351, 10.823195457458549 ], [ -61.124862670898438, 10.821806907653809 ], [ -61.119026184082038, 10.819861412048455 ], [ -61.117637634277294, 10.82069492340082 ], [ -61.116249084472663, 10.819581985473631 ], [ -61.115695953369141, 10.82069492340082 ], [ -61.111251831054624, 10.82069492340082 ], [ -61.106250762939453, 10.822916984558161 ], [ -61.100418090820305, 10.822362899780272 ], [ -61.097637176513622, 10.825139045715442 ], [ -61.086250305175781, 10.82541656494152 ], [ -61.082916259765632, 10.828471183776911 ], [ -61.079860687255859, 10.827917098999023 ], [ -61.074306488037102, 10.82986068725597 ], [ -61.072082519531136, 10.828748703002985 ], [ -61.069862365722599, 10.831526756286619 ], [ -61.063751220703068, 10.830973625183159 ], [ -61.062362670898438, 10.83319568634033 ], [ -61.059307098388565, 10.832915306091309 ], [ -61.053470611572209, 10.82930469512945 ], [ -61.049304962158196, 10.829583168029842 ], [ -61.044860839843743, 10.83347225189209 ], [ -61.043750762939396, 10.840971946716367 ], [ -61.038471221923828, 10.841250419616756 ], [ -61.037639617919865, 10.839584350585936 ], [ -61.035694122314453, 10.839307785034119 ], [ -61.03486251831049, 10.840971946716365 ], [ -61.030971527099553, 10.840971946716362 ], [ -61.022361755371044, 10.84375 ], [ -61.014862060546768, 10.84375 ], [ -61.010139465332031, 10.841527938842829 ], [ -61.008472442626839, 10.84375 ], [ -61.006805419921875, 10.844028472900334 ], [ -61.003471374511719, 10.841806411743221 ], [ -61.001525878906243, 10.837637901306151 ], [ -61.000137329101562, 10.839028358459473 ], [ -60.998195648193366, 10.839028358459471 ], [ -60.991806030273438, 10.835140228271536 ], [ -60.982639312744148, 10.837083816528432 ], [ -60.977085113525334, 10.837083816528434 ], [ -60.971527099609382, 10.835140228271541 ], [ -60.966526031494148, 10.837916374206539 ], [ -60.960693359374886, 10.834861755371151 ], [ -60.955696105957031, 10.836250305175893 ], [ -60.955696105957031, 10.834305763244684 ], [ -60.952915191650391, 10.835140228271541 ], [ -60.951805114746044, 10.83347225189209 ], [ -60.947082519531257, 10.835140228271539 ], [ -60.945415496826115, 10.837637901306152 ], [ -60.945972442626896, 10.839861869812012 ], [ -60.940692901611328, 10.84099769592285 ], [ -60.940139770507812, 10.84375 ], [ -60.9390258789062, 10.844306945800723 ], [ -60.934307098388672, 10.842362403869686 ], [ -60.931526184082038, 10.839028358459473 ], [ -60.925140380859368, 10.838472366333006 ], [ -60.92430496215821, 10.835971832275503 ], [ -60.909305572509766, 10.835417747497612 ], [ -60.909027099609375, 10.833195686340334 ], [ -60.910694122314396, 10.83124923706049 ], [ -60.914028167724553, 10.830139160156309 ], [ -60.913749694824162, 10.827917098999022 ], [ -60.915416717529297, 10.825972557067812 ], [ -60.912361145019531, 10.818751335144102 ], [ -60.910415649414006, 10.81819438934332 ], [ -60.910694122314396, 10.816805839538629 ], [ -60.912639617919922, 10.814583778381293 ], [ -60.915138244628906, 10.815693855285645 ], [ -60.919029235839837, 10.811528205871639 ], [ -60.919029235839837, 10.80986213684082 ], [ -60.92430496215821, 10.809306144714357 ], [ -60.925140380859368, 10.805971145629996 ], [ -60.930694580078125, 10.804305076599121 ], [ -60.9334716796875, 10.8056955337525 ], [ -60.934028625488281, 10.804305076599119 ], [ -60.93763732910157, 10.803474426269645 ], [ -60.939304351806584, 10.797082901000977 ], [ -60.940692901611328, 10.795695304870719 ], [ -60.940692901611328, 10.792936325073354 ], [ -60.944583892822266, 10.789582252502555 ], [ -60.943748474121101, 10.784584045410268 ], [ -60.945693969726513, 10.784028053283803 ], [ -60.945693969726513, 10.77930641174328 ], [ -60.944583892822266, 10.777360916137809 ], [ -60.945137023925732, 10.773751258850211 ], [ -60.94819259643549, 10.772083282470815 ], [ -60.94819259643549, 10.766250610351676 ], [ -60.947082519531257, 10.765973091125545 ], [ -60.947082519531257, 10.764584541320801 ], [ -60.948749542236271, 10.762640953064077 ], [ -60.950138092041016, 10.763194084167479 ], [ -60.952915191650391, 10.761249542236268 ], [ -60.954303741454972, 10.758749961853084 ], [ -60.956527709960945, 10.758472442627008 ], [ -60.957637786865178, 10.756527900695801 ], [ -60.961528778076115, 10.755417823791619 ], [ -60.962917327880859, 10.75347232818609 ], [ -60.96430587768549, 10.754028320312557 ], [ -60.964862823486271, 10.750988006591797 ], [ -60.969581604003906, 10.747638702392633 ], [ -60.969028472900391, 10.742638587951774 ], [ -60.974582672119091, 10.741526603698844 ], [ -60.974582672119091, 10.739028930664004 ], [ -60.97874832153321, 10.737362861633354 ], [ -60.980972290039006, 10.734862327575684 ], [ -60.979862213134659, 10.730972290039176 ], [ -60.984306335449226, 10.72764015197748 ], [ -60.985416412353523, 10.725418090820369 ], [ -60.985416412353523, 10.720694541931096 ], [ -60.984027862548778, 10.719306945800835 ], [ -60.984584808349609, 10.717082977294977 ], [ -60.987361907958935, 10.718473434448299 ], [ -60.987640380859382, 10.721248626708981 ], [ -60.991249084472656, 10.719861030578727 ], [ -60.995693206786996, 10.712917327880914 ], [ -60.995418548583991, 10.707360267639276 ], [ -60.998195648193366, 10.703749656677248 ], [ -61.000137329101562, 10.704305648803709 ], [ -61.009860992431648, 10.702083587646598 ], [ -61.011249542236328, 10.703749656677248 ], [ -61.014583587646484, 10.704028129577633 ], [ -61.015972137451115, 10.705971717834529 ], [ -61.017639160156257, 10.706250190734922 ], [ -61.021251678466683, 10.705140113830568 ], [ -61.022083282470646, 10.703193664550779 ], [ -61.026527404785149, 10.702918052673454 ], [ -61.030971527099553, 10.695417404174863 ], [ -61.032081604003906, 10.689305305481014 ], [ -61.037361145019467, 10.68708324432373 ], [ -61.038192749023381, 10.674861907958983 ], [ -61.03680419921875, 10.657917022705075 ], [ -61.029026031494141, 10.624028205871639 ], [ -61.029582977294922, 10.617639541625977 ], [ -61.027084350585945, 10.614583015442003 ] ] ] } },
{ "type": "Feature", "properties": { "NAME_0": "Trinidad and Tobago", "NAME_1": "Siparia", "TYPE_1": "Region", "ENGTYPE_1": "Region", "HASC_1": "TT.SI", "ADM0_PCODE": "TT", "ADM1_PCODE": "TT81", "boundary_use": "User-supplied administrative boundary used only as a local map fallback; not presented as an EMA legal or survey boundary." }, "geometry": { "type": "Polygon", "coordinates": [ [ [ -61.633750915527351, 10.06013774871826 ], [ -61.640686035156243, 10.060730934143125 ], [ -61.644859313964723, 10.058194160461539 ], [ -61.647640228271491, 10.060137748718262 ], [ -61.651248931884652, 10.059583663940373 ], [ -61.652938842773374, 10.065137863159178 ], [ -61.659027099609375, 10.068751335144096 ], [ -61.665416717529304, 10.077638626098633 ], [ -61.678195953369148, 10.082637786865233 ], [ -61.686805725097592, 10.08180618286144 ], [ -61.688865661621094, 10.084305763244629 ], [ -61.691806793212891, 10.084859848022516 ], [ -61.695415496826172, 10.087362289428768 ], [ -61.706787109375, 10.08630466461193 ], [ -61.710971832275391, 10.084859848022518 ], [ -61.721805572509702, 10.085694313049373 ], [ -61.725139617919858, 10.087362289428768 ], [ -61.729583740234375, 10.086527824401912 ], [ -61.734027862548714, 10.087362289428768 ], [ -61.734313964843636, 10.08648681640636 ], [ -61.747081756591747, 10.084028244018555 ], [ -61.750137329101506, 10.085415840148981 ], [ -61.755973815917969, 10.085140228271486 ], [ -61.770973205566406, 10.08014011383062 ], [ -61.779304504394482, 10.075139045715391 ], [ -61.780971527099609, 10.075139045715391 ], [ -61.784275054931584, 10.079620361328239 ], [ -61.792598724365241, 10.086024284362736 ], [ -61.797916412353459, 10.087637901306096 ], [ -61.807640075683544, 10.087637901306096 ], [ -61.815612792968757, 10.08630466461193 ], [ -61.828193664550781, 10.081806182861442 ], [ -61.840972900390625, 10.074583053588924 ], [ -61.84375, 10.071526527404783 ], [ -61.848751068115185, 10.070973396301381 ], [ -61.857639312744141, 10.06541633605957 ], [ -61.864582061767521, 10.064860343933049 ], [ -61.878471374511719, 10.056528091430721 ], [ -61.886528015136719, 10.049583435058592 ], [ -61.897083282470646, 10.044583320617734 ], [ -61.909584045410099, 10.042917251586914 ], [ -61.91958236694331, 10.044304847717342 ], [ -61.928749084472599, 10.048748970031737 ], [ -61.930137634277344, 10.051804542541618 ], [ -61.929027557372997, 10.061249732971193 ], [ -61.912361145019482, 10.075139045715387 ], [ -61.908195495605469, 10.08180618286144 ], [ -61.908473968505852, 10.087362289428768 ], [ -61.888195037841797, 10.089028358459416 ], [ -61.88189697265625, 10.092917442321832 ], [ -61.869304656982429, 10.092359542846793 ], [ -61.85374832153321, 10.095417022705078 ], [ -61.851249694824212, 10.097639083862362 ], [ -61.84375, 10.100417137145936 ], [ -61.834304809570312, 10.105971336364746 ], [ -61.832382202148438, 10.108422279357965 ], [ -61.830970764160156, 10.114582061767633 ], [ -61.827083587646435, 10.116806030273551 ], [ -61.824913024902223, 10.120401382446289 ], [ -61.824584960937507, 10.130139350891056 ], [ -61.826248168945192, 10.134584426879998 ], [ -61.817638397216747, 10.134305953979606 ], [ -61.806251525878913, 10.135693550109863 ], [ -61.800407409667848, 10.138743400573789 ], [ -61.800682067871037, 10.141811370849609 ], [ -61.790695190429695, 10.144304275512754 ], [ -61.78791809082032, 10.148472785949703 ], [ -61.775417327880746, 10.148195266723631 ], [ -61.746528625488281, 10.151250839233454 ], [ -61.718471527099553, 10.157638549804801 ], [ -61.704860687255859, 10.163749694824331 ], [ -61.703498840331982, 10.151852607727161 ], [ -61.700862884521484, 10.150220870971678 ], [ -61.700309753417969, 10.145409584045467 ], [ -61.69819641113282, 10.142162322998047 ], [ -61.693946838378857, 10.143189430236758 ], [ -61.683799743652351, 10.14314079284668 ], [ -61.674671173095696, 10.150668144226186 ], [ -61.672538757324219, 10.153895378112903 ], [ -61.666110992431591, 10.157626152038629 ], [ -61.662372589111278, 10.161369323730524 ], [ -61.658123016357415, 10.16134929656994 ], [ -61.655937194824226, 10.166719436645508 ], [ -61.652202606201065, 10.168844223022573 ], [ -61.646869659423821, 10.169913291931151 ], [ -61.643100738525398, 10.183369636535645 ], [ -61.632400512695305, 10.19569778442394 ], [ -61.630786895751953, 10.200022697448787 ], [ -61.634498596191406, 10.204849243164062 ], [ -61.637638092041023, 10.212361335754395 ], [ -61.631526947021491, 10.219861984252928 ], [ -61.632976531982422, 10.223471641540529 ], [ -61.636806488037109, 10.226806640625057 ], [ -61.635692596435483, 10.228195190429801 ], [ -61.636528015136662, 10.23458290100092 ], [ -61.639026641845653, 10.236248970031737 ], [ -61.637638092041023, 10.242918014526365 ], [ -61.633415222167855, 10.245413780212401 ], [ -61.633472442626953, 10.247083663940373 ], [ -61.630695343017578, 10.246527671813908 ], [ -61.624305725097663, 10.247916221618651 ], [ -61.618473052978516, 10.251250267028922 ], [ -61.609859466552628, 10.246250152588004 ], [ -61.586528778076172, 10.240139961242788 ], [ -61.58013916015625, 10.23486137390131 ], [ -61.577915191650277, 10.235138893127385 ], [ -61.573471069335938, 10.232639312744197 ], [ -61.565139770507805, 10.23180484771734 ], [ -61.559581756591747, 10.229582786560057 ], [ -61.548194885253906, 10.229028701782338 ], [ -61.542083740234375, 10.230417251586912 ], [ -61.534862518310547, 10.230417251586914 ], [ -61.527637481689396, 10.232083320617734 ], [ -61.524028778076065, 10.235694885253906 ], [ -61.521800994872997, 10.235973358154238 ], [ -61.521755218505859, 10.233977317810059 ], [ -61.519073486328004, 10.231250762939453 ], [ -61.508415222167976, 10.227962493896428 ], [ -61.501491546630795, 10.224168777465877 ], [ -61.500411987304695, 10.221449851989801 ], [ -61.502544403076122, 10.219316482543887 ], [ -61.501518249511669, 10.216073989868105 ], [ -61.490825653076115, 10.209024429321232 ], [ -61.479122161865241, 10.207921981811635 ], [ -61.468986511230419, 10.204635620117189 ], [ -61.467906951904304, 10.202487945556696 ], [ -61.471668243408153, 10.193840026855524 ], [ -61.475448608398445, 10.178240776062069 ], [ -61.473354339599553, 10.169089317321721 ], [ -61.469108581542962, 10.168544769287166 ], [ -61.467510223388672, 10.166347503662054 ], [ -61.473384857177685, 10.158852577209471 ], [ -61.47290039062495, 10.148089408874569 ], [ -61.471309661865241, 10.143225669860898 ], [ -61.477752685546818, 10.135162353515568 ], [ -61.484127044677734, 10.133573532104602 ], [ -61.493247985839851, 10.128236770629936 ], [ -61.506038665771491, 10.127250671386772 ], [ -61.508174896240178, 10.123451232910211 ], [ -61.508197784423714, 10.114833831787223 ], [ -61.512500762939453, 10.112711906433217 ], [ -61.51411056518544, 10.11057662963873 ], [ -61.509971618652344, 10.105578422546447 ], [ -61.507621765136662, 10.099972724914664 ], [ -61.507625579833871, 10.096593856811467 ], [ -61.503364562988274, 10.096564292907827 ], [ -61.502285003661996, 10.094865798950252 ], [ -61.504997253417976, 10.093194007873649 ], [ -61.507221221923771, 10.084750175476074 ], [ -61.509395599365241, 10.081429481506348 ], [ -61.507301330566399, 10.078031539917108 ], [ -61.505844116210938, 10.071563720703184 ], [ -61.507930755615241, 10.072408676147461 ], [ -61.514583587646428, 10.071805000305174 ], [ -61.520973205566357, 10.070138931274524 ], [ -61.527637481689396, 10.07430458068853 ], [ -61.535137176513672, 10.073471069335993 ], [ -61.540416717529233, 10.074583053588924 ], [ -61.545139312744134, 10.072360992431639 ], [ -61.551818847656243, 10.072693824768063 ], [ -61.559581756591747, 10.071250915527459 ], [ -61.562637329101506, 10.073195457458496 ], [ -61.572639465331967, 10.073748588562067 ], [ -61.58709716796875, 10.071290016174258 ], [ -61.599029541015625, 10.064304351806582 ], [ -61.601806640625, 10.067323684692379 ], [ -61.605415344238288, 10.067083358764648 ], [ -61.609306335449226, 10.064584732055778 ], [ -61.612361907958984, 10.064304351806584 ], [ -61.619861602783146, 10.059306144714469 ], [ -61.623748779296818, 10.058471679687612 ], [ -61.627361297607422, 10.055418014526365 ], [ -61.632362365722607, 10.058194160461539 ], [ -61.633750915527351, 10.06013774871826 ] ] ] } },
{ "type": "Feature", "properties": { "NAME_0": "Trinidad and Tobago", "NAME_1": "Tobago", "TYPE_1": "Region", "ENGTYPE_1": "Region", "HASC_1": "TT.TB", "ADM0_PCODE": "TT", "ADM1_PCODE": "TT90", "boundary_use": "User-supplied administrative boundary used only as a local map fallback; not presented as an EMA legal or survey boundary." }, "geometry": { "type": "MultiPolygon", "coordinates": [ [ [ [ -60.512638092040966, 11.359584808349553 ], [ -60.513473510742195, 11.356526374817006 ], [ -60.518196105957031, 11.356250762939508 ], [ -60.522640228271435, 11.353194236755371 ], [ -60.527915954589737, 11.35291576385498 ], [ -60.529861450195312, 11.354584693908693 ], [ -60.528194427490185, 11.358195304870719 ], [ -60.525970458984375, 11.358195304870719 ], [ -60.524581909179567, 11.356526374817008 ], [ -60.522640228271435, 11.356250762939508 ], [ -60.519584655761662, 11.35875129699718 ], [ -60.515140533447159, 11.357916831970325 ], [ -60.512638092040966, 11.359584808349553 ] ] ], [ [ [ -60.550415039062436, 11.266530036926214 ], [ -60.55402755737299, 11.264027595520131 ], [ -60.554862976074219, 11.26208400726324 ], [ -60.554584503173771, 11.259860992431639 ], [ -60.552360534667962, 11.258473396301385 ], [ -60.552082061767578, 11.255695343017578 ], [ -60.550693511962834, 11.254583358764647 ], [ -60.550971984863217, 11.251805305481067 ], [ -60.553470611572209, 11.249860763549862 ], [ -60.551250457763615, 11.246250152588003 ], [ -60.552917480468757, 11.245694160461541 ], [ -60.552639007568359, 11.244028091430721 ], [ -60.559860229492124, 11.242083549499513 ], [ -60.56319427490228, 11.246250152588004 ], [ -60.570415496826115, 11.245415687561145 ], [ -60.571804046630859, 11.247916221618651 ], [ -60.574028015136712, 11.249029159545898 ], [ -60.576805114746037, 11.249029159545898 ], [ -60.584304809570312, 11.245694160461541 ], [ -60.584583282470696, 11.242916107177733 ], [ -60.586250305175724, 11.24152755737299 ], [ -60.585693359374943, 11.240694046020621 ], [ -60.590972900390625, 11.240415573120059 ], [ -60.594581604003793, 11.236528396606447 ], [ -60.595138549804631, 11.233195304870661 ], [ -60.59736251831054, 11.231527328491209 ], [ -60.594028472900384, 11.225973129272459 ], [ -60.596248626708984, 11.224861145019531 ], [ -60.593193054199226, 11.223751068115346 ], [ -60.593471527099609, 11.222359657287711 ], [ -60.598472595214787, 11.220693588256889 ], [ -60.598472595214787, 11.223195075988883 ], [ -60.600971221923722, 11.224026679992674 ], [ -60.602916717529297, 11.220972061157285 ], [ -60.605693817138672, 11.220416069030817 ], [ -60.607360839843636, 11.221529006958063 ], [ -60.611251831054631, 11.218471527099608 ], [ -60.614582061767528, 11.218194007873535 ], [ -60.615139007568359, 11.215971946716365 ], [ -60.617637634277287, 11.215971946716367 ], [ -60.618473052978516, 11.214028358459471 ], [ -60.61986160278321, 11.214028358459469 ], [ -60.62041854858392, 11.211806297302356 ], [ -60.626251220703125, 11.209305763244682 ], [ -60.629306793212891, 11.204860687255973 ], [ -60.630138397216747, 11.201526641845703 ], [ -60.633472442626903, 11.199860572814885 ], [ -60.634304046630866, 11.197360992431696 ], [ -60.639862060546818, 11.194028854370229 ], [ -60.640140533447209, 11.192638397216911 ], [ -60.644306182861335, 11.191528320312555 ], [ -60.645694732665902, 11.189306259155215 ], [ -60.652362823486271, 11.188194274902457 ], [ -60.652915954589794, 11.189862251281681 ], [ -60.654582977294922, 11.189862251281681 ], [ -60.655693054199169, 11.188194274902454 ], [ -60.658748626708928, 11.187084197998104 ], [ -60.659305572509709, 11.185137748718315 ], [ -60.661529541015511, 11.184583663940428 ], [ -60.660694122314453, 11.187084197998105 ], [ -60.662082672119084, 11.189583778381344 ], [ -60.664028167724609, 11.190137863159178 ], [ -60.664859771728459, 11.192638397216911 ], [ -60.672359466552734, 11.19208431243902 ], [ -60.673194885253913, 11.192918777465877 ], [ -60.681251525878857, 11.190137863159181 ], [ -60.688751220703132, 11.19347190856945 ], [ -60.692916870117188, 11.192084312439022 ], [ -60.697360992431591, 11.187359809875602 ], [ -60.696804046630795, 11.184027671813963 ], [ -60.698749542236321, 11.180138587951717 ], [ -60.702083587646491, 11.180138587951717 ], [ -60.699859619140568, 11.176527023315373 ], [ -60.702083587646491, 11.173194885253906 ], [ -60.704860687255852, 11.174027442932186 ], [ -60.705970764160035, 11.177083015441836 ], [ -60.708751678466804, 11.176804542541502 ], [ -60.71291732788081, 11.174583435058649 ], [ -60.713195800781193, 11.170972824096792 ], [ -60.715694427490121, 11.168194770813045 ], [ -60.71763992309571, 11.168194770813043 ], [ -60.719028472900341, 11.170695304870717 ], [ -60.722637176513615, 11.169860839843862 ], [ -60.723472595214844, 11.17125129699718 ], [ -60.725139617919808, 11.170695304870716 ], [ -60.727359771728516, 11.171805381774902 ], [ -60.734027862548828, 11.178473472595215 ], [ -60.736526489257812, 11.178473472595215 ], [ -60.738471984863217, 11.181529998779354 ], [ -60.741806030273374, 11.1806955337525 ], [ -60.7459716796875, 11.176528930664173 ], [ -60.746528625488274, 11.174306869506834 ], [ -60.752361297607422, 11.169306755065975 ], [ -60.753749847411989, 11.165694236755369 ], [ -60.757083892822145, 11.164582252502383 ], [ -60.761528015136719, 11.165971755981444 ], [ -60.763473510742074, 11.16541576385498 ], [ -60.768470764160163, 11.160140037536562 ], [ -60.774028778076108, 11.149582862854002 ], [ -60.773750305175724, 11.147083282470817 ], [ -60.770973205566349, 11.143195152282715 ], [ -60.77180480957032, 11.141806602478139 ], [ -60.778472900390625, 11.140973091125602 ], [ -60.778751373291009, 11.145973205566463 ], [ -60.779861450195256, 11.145694732666072 ], [ -60.779861450195256, 11.144305229187069 ], [ -60.783195495605412, 11.145417213439996 ], [ -60.782081604003906, 11.137638092041016 ], [ -60.783195495605412, 11.135137557983343 ], [ -60.78486251831054, 11.134584426879938 ], [ -60.798751831054631, 11.134028434753475 ], [ -60.8004150390625, 11.135417938232539 ], [ -60.799861907958984, 11.140973091125602 ], [ -60.800693511962898, 11.143472671508793 ], [ -60.81097412109375, 11.14541721344 ], [ -60.814582824706974, 11.147639274597282 ], [ -60.831806182861335, 11.14763927459728 ], [ -60.832916259765632, 11.145694732666071 ], [ -60.840972900390575, 11.143195152282713 ], [ -60.845695495605476, 11.147083282470815 ], [ -60.845695495605476, 11.153473854065057 ], [ -60.841251373291023, 11.154862403869572 ], [ -60.839027404785163, 11.15847206115734 ], [ -60.841804504394524, 11.165971755981444 ], [ -60.841526031494141, 11.169583320617789 ], [ -60.840137481689396, 11.170416831970329 ], [ -60.839305877685547, 11.173473358154293 ], [ -60.836250305175788, 11.171805381774904 ], [ -60.836528778076058, 11.170139312744254 ], [ -60.834861755371094, 11.167360305786188 ], [ -60.829303741455078, 11.166527748107908 ], [ -60.817081451416016, 11.167637825012262 ], [ -60.818195343017528, 11.170418739318904 ], [ -60.820972442626903, 11.171251296997182 ], [ -60.825416564941406, 11.16875076293951 ], [ -60.824859619140575, 11.172361373901369 ], [ -60.820415496826172, 11.173750877380373 ], [ -60.816249847412116, 11.172638893127441 ], [ -60.811527252197216, 11.173473358154297 ], [ -60.807083129882812, 11.177639007568359 ], [ -60.807083129882812, 11.179582595825254 ], [ -60.811527252197216, 11.182917594909782 ], [ -60.810417175292969, 11.186249732971246 ], [ -60.809307098388672, 11.184583663940431 ], [ -60.80736160278321, 11.184306144714355 ], [ -60.804584503173835, 11.185972213745172 ], [ -60.803195953369141, 11.185137748718317 ], [ -60.800971984863281, 11.186249732971248 ], [ -60.801250457763679, 11.187359809875604 ], [ -60.799304962158153, 11.186528205871639 ], [ -60.797359466552741, 11.187640190124569 ], [ -60.795970916747997, 11.194584846496694 ], [ -60.799026489257756, 11.197918891906738 ], [ -60.798473358154183, 11.199584960937553 ], [ -60.793750762939453, 11.19930458068859 ], [ -60.794029235839844, 11.20069503784174 ], [ -60.787082672119141, 11.20263862609869 ], [ -60.78486251831054, 11.205139160156362 ], [ -60.78625106811517, 11.208195686340328 ], [ -60.781528472900391, 11.210417747497615 ], [ -60.777915954589851, 11.21430587768555 ], [ -60.777362823486264, 11.21875 ], [ -60.778751373291009, 11.220137596130426 ], [ -60.781528472900391, 11.219584465026855 ], [ -60.781528472900391, 11.222640991210996 ], [ -60.778472900390625, 11.225138664245605 ], [ -60.777084350585881, 11.224026679992678 ], [ -60.775138854980476, 11.224305152893068 ], [ -60.775417327880859, 11.225973129272461 ], [ -60.774028778076108, 11.227360725402889 ], [ -60.77180480957032, 11.225694656372067 ], [ -60.768470764160163, 11.227083206176809 ], [ -60.767639160156193, 11.228751182556207 ], [ -60.765693664550788, 11.227360725402889 ], [ -60.766529083251832, 11.230138778686523 ], [ -60.764862060546868, 11.230417251586857 ], [ -60.764026641845646, 11.232363700866697 ], [ -60.759582519531257, 11.233470916748161 ], [ -60.760139465331918, 11.235139846801871 ], [ -60.758472442626953, 11.236251831054799 ], [ -60.755416870117188, 11.235695838928335 ], [ -60.755973815917962, 11.238750457763729 ], [ -60.752082824707031, 11.241527557372986 ], [ -60.752918243408203, 11.242637634277344 ], [ -60.750972747802678, 11.243749618530332 ], [ -60.750972747802678, 11.245971679687614 ], [ -60.7484741210937, 11.245415687561149 ], [ -60.749027252197266, 11.248473167419434 ], [ -60.744026184082038, 11.24847316741943 ], [ -60.744861602783146, 11.250416755676325 ], [ -60.742084503173771, 11.25125122070318 ], [ -60.74152755737299, 11.250139236450254 ], [ -60.737640380859382, 11.253473281860462 ], [ -60.731250762939453, 11.253748893737791 ], [ -60.731803894042912, 11.254583358764647 ], [ -60.730415344238281, 11.254862785339354 ], [ -60.727916717529297, 11.254027366638185 ], [ -60.727638244628899, 11.256805419921932 ], [ -60.724861145019524, 11.256251335144039 ], [ -60.725692749023381, 11.257917404174918 ], [ -60.722637176513615, 11.26152992248535 ], [ -60.719028472900341, 11.260696411132756 ], [ -60.716804504394467, 11.26208400726324 ], [ -60.717082977294915, 11.264583587646598 ], [ -60.715137481689453, 11.266528129577637 ], [ -60.715415954589837, 11.268194198608454 ], [ -60.710971832275384, 11.26875019073492 ], [ -60.709304809570192, 11.270972251892033 ], [ -60.707916259765625, 11.270972251892029 ], [ -60.707637786865227, 11.272638320922908 ], [ -60.698471069335938, 11.276250839233512 ], [ -60.696529388427628, 11.278195381164551 ], [ -60.69597244262696, 11.280694961547907 ], [ -60.698471069335938, 11.282917022705021 ], [ -60.699306488037116, 11.285972595214899 ], [ -60.696804046630795, 11.287361145019643 ], [ -60.696804046630795, 11.289027214050291 ], [ -60.686527252197273, 11.289027214050291 ], [ -60.687362670898388, 11.29069328308111 ], [ -60.685417175292976, 11.292916297912713 ], [ -60.680694580078011, 11.292083740234428 ], [ -60.679862976074226, 11.289584159851072 ], [ -60.676807403564453, 11.292916297912713 ], [ -60.675693511962891, 11.292916297912713 ], [ -60.674583435058544, 11.290417671203613 ], [ -60.671806335449169, 11.290140151977537 ], [ -60.670417785644538, 11.291250228881893 ], [ -60.672084808349553, 11.295694351196291 ], [ -60.671527862548771, 11.297916412353571 ], [ -60.668193817138615, 11.296527862548885 ], [ -60.664028167724609, 11.300418853759876 ], [ -60.658195495605476, 11.2998619079591 ], [ -60.657081604003899, 11.298195838928281 ], [ -60.655418395996037, 11.298472404480094 ], [ -60.654582977294922, 11.300418853759878 ], [ -60.650417327880866, 11.299305915832635 ], [ -60.650138854980469, 11.300694465637205 ], [ -60.652362823486271, 11.301528930664062 ], [ -60.652084350585824, 11.30291652679449 ], [ -60.648193359375007, 11.30347347259527 ], [ -60.649307250976506, 11.305694580078065 ], [ -60.647361755371094, 11.305459022522033 ], [ -60.64708328247071, 11.306804656982422 ], [ -60.642082214355476, 11.306248664855955 ], [ -60.64056396484375, 11.3048610687257 ], [ -60.639026641845703, 11.304861068725701 ], [ -60.640140533447209, 11.306529045104922 ], [ -60.637638092041023, 11.306248664855957 ], [ -60.636806488037053, 11.3026380538941 ], [ -60.633193969726506, 11.303473472595272 ], [ -60.632915496826058, 11.302640914916992 ], [ -60.630138397216747, 11.3026380538941 ], [ -60.630138397216747, 11.304862976074274 ], [ -60.632915496826058, 11.307639122009274 ], [ -60.632915496826058, 11.309026718139704 ], [ -60.629859924316349, 11.309861183166559 ], [ -60.629859924316349, 11.311527252197211 ], [ -60.624862670898438, 11.313470840454157 ], [ -60.624305725097599, 11.315971374511829 ], [ -60.62041854858392, 11.317084312439079 ], [ -60.618194580078068, 11.315971374511834 ], [ -60.61541748046875, 11.317084312439077 ], [ -60.615970611572273, 11.319583892822264 ], [ -60.613750457763558, 11.319583892822262 ], [ -60.612361907958984, 11.323749542236328 ], [ -60.610694885253785, 11.324861526489258 ], [ -60.607917785644474, 11.323193550109863 ], [ -60.604305267333871, 11.323749542236326 ], [ -60.601249694824162, 11.321528434753475 ], [ -60.599029541015568, 11.322917938232534 ], [ -60.597637176513679, 11.322361946106071 ], [ -60.596527099609382, 11.324584007263182 ], [ -60.594581604003793, 11.324861526489256 ], [ -60.591804504394482, 11.328193664550893 ], [ -60.588748931884709, 11.327363014221248 ], [ -60.582916259765568, 11.330138206481935 ], [ -60.582637786865178, 11.328750610351674 ], [ -60.581249237060547, 11.329582214355471 ], [ -60.577640533447266, 11.327637672424427 ], [ -60.575138092041016, 11.328472137451286 ], [ -60.574584960937507, 11.327360153198356 ], [ -60.57569503784169, 11.325971603393612 ], [ -60.57319259643549, 11.319583892822264 ], [ -60.569583892822209, 11.319862365722656 ], [ -60.569862365722607, 11.316528320312614 ], [ -60.566806793212834, 11.316807746887264 ], [ -60.564304351806641, 11.315692901611442 ], [ -60.56319427490228, 11.318473815917912 ], [ -60.559581756591676, 11.317917823791616 ], [ -60.556526184081918, 11.321528434753475 ], [ -60.554584503173771, 11.319862365722656 ], [ -60.552360534667962, 11.319862365722656 ], [ -60.549304962158203, 11.323472023010197 ], [ -60.550415039062436, 11.327637672424428 ], [ -60.549861907958984, 11.330695152282715 ], [ -60.555973052978516, 11.332638740539606 ], [ -60.558471679687493, 11.33680534362793 ], [ -60.557640075683544, 11.339306831359922 ], [ -60.553749084472592, 11.336805343627928 ], [ -60.548751831054688, 11.338194847106989 ], [ -60.546806335449226, 11.340695381164663 ], [ -60.544029235839787, 11.339583396911735 ], [ -60.543193817138672, 11.341529846191516 ], [ -60.540416717529297, 11.341249465942381 ], [ -60.540416717529297, 11.342918395996094 ], [ -60.537918090820256, 11.342082977294922 ], [ -60.535972595214844, 11.339860916137807 ], [ -60.533748626708984, 11.34541797637945 ], [ -60.528472900390568, 11.347084045410099 ], [ -60.529861450195312, 11.343193054199276 ], [ -60.527637481689453, 11.340695381164666 ], [ -60.527915954589737, 11.337917327880914 ], [ -60.519306182861278, 11.336528778076175 ], [ -60.522083282470653, 11.330972671508791 ], [ -60.518470764160099, 11.330138206481934 ], [ -60.520137786865227, 11.323749542236326 ], [ -60.517082214355469, 11.322917938232534 ], [ -60.517360687255866, 11.315971374511832 ], [ -60.519859313964844, 11.317084312439079 ], [ -60.520416259765625, 11.31930637359619 ], [ -60.522083282470653, 11.318750381469727 ], [ -60.520973205566406, 11.317640304565543 ], [ -60.521526336669808, 11.31319522857666 ], [ -60.520137786865227, 11.311804771423338 ], [ -60.522914886474602, 11.310973167419549 ], [ -60.525138854980412, 11.31291675567627 ], [ -60.526805877685554, 11.312639236450194 ], [ -60.527084350585938, 11.310694694519155 ], [ -60.524860382080028, 11.30680465698242 ], [ -60.529026031494084, 11.306804656982422 ], [ -60.528194427490185, 11.304025650024359 ], [ -60.531528472900341, 11.304025650024357 ], [ -60.531528472900341, 11.30291652679449 ], [ -60.533473968505866, 11.301807403564453 ], [ -60.533473968505866, 11.295973777770994 ], [ -60.53236007690429, 11.294028282165639 ], [ -60.529861450195312, 11.292639732360898 ], [ -60.527362823486335, 11.29374980926508 ], [ -60.523471832275398, 11.291806221008356 ], [ -60.523750305175781, 11.290693283081112 ], [ -60.522361755371037, 11.289584159851072 ], [ -60.523750305175781, 11.283748626709041 ], [ -60.526248931884759, 11.282917022705018 ], [ -60.528194427490185, 11.284029006958006 ], [ -60.527915954589737, 11.282361030578556 ], [ -60.525970458984375, 11.281806945800893 ], [ -60.526248931884759, 11.279305458068903 ], [ -60.529861450195312, 11.277639389038082 ], [ -60.524860382080028, 11.276526451110838 ], [ -60.52541732788081, 11.269583702087516 ], [ -60.526805877685554, 11.266805648803709 ], [ -60.529582977294929, 11.269027709961051 ], [ -60.531806945800724, 11.264583587646598 ], [ -60.531528472900341, 11.260696411132756 ], [ -60.535137176513615, 11.259583473205563 ], [ -60.533748626708984, 11.257082939148061 ], [ -60.534305572509652, 11.255139350891112 ], [ -60.535972595214844, 11.254583358764648 ], [ -60.544029235839787, 11.257917404174917 ], [ -60.544303894042905, 11.261529922485348 ], [ -60.546806335449226, 11.266530036926213 ], [ -60.550415039062436, 11.266530036926214 ] ] ], [ [ [ -60.505138397216804, 11.307916641235352 ], [ -60.501804351806648, 11.30264091491699 ], [ -60.499305725097543, 11.304025650024359 ], [ -60.496528625488232, 11.30291652679449 ], [ -60.495971679687386, 11.301807403564455 ], [ -60.498195648193359, 11.299305915832635 ], [ -60.492916107177628, 11.29736232757574 ], [ -60.492084503173828, 11.295140266418398 ], [ -60.494026184081974, 11.295417785644531 ], [ -60.494861602783203, 11.293472290039176 ], [ -60.495971679687386, 11.293472290039176 ], [ -60.502082824707031, 11.295694351196291 ], [ -60.50152587890625, 11.293193817138782 ], [ -60.502361297607315, 11.292916297912708 ], [ -60.503192901611278, 11.2951402664184 ], [ -60.508193969726562, 11.2951402664184 ], [ -60.508193969726562, 11.297916412353574 ], [ -60.505695343017472, 11.300694465637205 ], [ -60.50847244262696, 11.305138587951776 ], [ -60.507362365722663, 11.307641029357852 ], [ -60.505138397216804, 11.307916641235352 ] ] ], [ [ [ -60.517360687255866, 11.304582595825311 ], [ -60.515415191650327, 11.300971984863281 ], [ -60.518196105957031, 11.300971984863279 ], [ -60.518470764160099, 11.297362327575742 ], [ -60.520694732666023, 11.297637939453239 ], [ -60.521251678466804, 11.299584388733024 ], [ -60.518749237060497, 11.301807403564451 ], [ -60.518470764160099, 11.304582595825313 ], [ -60.517360687255866, 11.304582595825311 ] ] ], [ [ [ -60.559307098388672, 11.241527557372988 ], [ -60.557640075683544, 11.239027976989801 ], [ -60.556251525878913, 11.239029884338379 ], [ -60.556251525878913, 11.237636566162166 ], [ -60.558471679687493, 11.237636566162166 ], [ -60.559581756591676, 11.239862442016655 ], [ -60.561527252197266, 11.240415573120059 ], [ -60.559307098388672, 11.241527557372988 ] ] ], [ [ [ -60.595138549804631, 11.219305992126465 ], [ -60.590694427490234, 11.219028472900389 ], [ -60.591251373291009, 11.216250419616756 ], [ -60.596527099609382, 11.217082023620547 ], [ -60.595138549804631, 11.219305992126465 ] ] ], [ [ [ -60.999862670898381, 11.000140190124563 ], [ -61.000137329101562, 10.9998598098756 ], [ -61.000137329101562, 11.000140190124567 ], [ -60.999862670898381, 11.000140190124563 ] ] ] ] } },
{ "type": "Feature", "properties": { "NAME_0": "Trinidad and Tobago", "NAME_1": "Tunapuna/Piarco", "TYPE_1": "Region", "ENGTYPE_1": "Region", "HASC_1": "TT.TP", "ADM0_PCODE": "TT", "ADM1_PCODE": "TT33", "boundary_use": "User-supplied administrative boundary used only as a local map fallback; not presented as an EMA legal or survey boundary." }, "geometry": { "type": "Polygon", "coordinates": [ [ [ -61.228889465332038, 10.601756095886342 ], [ -61.238662719726506, 10.590459823608398 ], [ -61.245124816894531, 10.588868141174373 ], [ -61.248893737792855, 10.586216926574709 ], [ -61.254829406738281, 10.579192161560057 ], [ -61.259666442871037, 10.579213142395075 ], [ -61.268215179443352, 10.583060264587457 ], [ -61.275192260742131, 10.581995010376032 ], [ -61.280570983886726, 10.57930278778076 ], [ -61.284854888916016, 10.583132743835447 ], [ -61.290218353271484, 10.582584381103514 ], [ -61.292934417724553, 10.580451965332088 ], [ -61.297203063964851, 10.580470085144041 ], [ -61.302024841308601, 10.58211135864269 ], [ -61.305747985839851, 10.584841728210453 ], [ -61.320774078369084, 10.584906578063965 ], [ -61.325065612792905, 10.581686973571779 ], [ -61.323497772216797, 10.57572555541992 ], [ -61.331565856933537, 10.574712753296012 ], [ -61.335353851318359, 10.568775177002067 ], [ -61.353080749511719, 10.568327903747559 ], [ -61.356235504150398, 10.578010559082147 ], [ -61.359474182128913, 10.575881958007869 ], [ -61.36583328247071, 10.581291198730408 ], [ -61.366928100585881, 10.580772399902344 ], [ -61.368980407714844, 10.565682411193789 ], [ -61.415519714355469, 10.564265251159668 ], [ -61.418361663818239, 10.586377143859805 ], [ -61.421009063720646, 10.595009803772086 ], [ -61.421474456787053, 10.603630065917969 ], [ -61.425659179687507, 10.617641448974608 ], [ -61.428272247314396, 10.634346961975041 ], [ -61.428245544433537, 10.639719009399414 ], [ -61.423892974853395, 10.647776603698727 ], [ -61.419078826904297, 10.653122901916561 ], [ -61.420108795166016, 10.656356811523493 ], [ -61.424407958984375, 10.660127639770511 ], [ -61.4216918945312, 10.663865089416618 ], [ -61.423805236816406, 10.669285774231072 ], [ -61.426494598388665, 10.672477722167971 ], [ -61.426471710204972, 10.678928375244196 ], [ -61.429683685302685, 10.683259010314998 ], [ -61.428573608398438, 10.69074344635021 ], [ -61.432865142822259, 10.700428962707463 ], [ -61.430721282958984, 10.705247879028375 ], [ -61.432849884033153, 10.710038185119744 ], [ -61.431228637695249, 10.715377807617127 ], [ -61.433361053466797, 10.718083381652885 ], [ -61.433879852294872, 10.722389221191522 ], [ -61.439804077148381, 10.730403900146483 ], [ -61.430130004882812, 10.734657287597654 ], [ -61.422115325927734, 10.742079734802246 ], [ -61.415092468261655, 10.743133544921932 ], [ -61.392555236816406, 10.73448562622076 ], [ -61.388805389404297, 10.73177623748785 ], [ -61.379695892333977, 10.73603534698492 ], [ -61.376987457275391, 10.740274429321289 ], [ -61.374851226806584, 10.741352081298887 ], [ -61.370532989501953, 10.739208221435602 ], [ -61.366783142089844, 10.739192008972223 ], [ -61.359287261962891, 10.734341621399039 ], [ -61.359340667724602, 10.780238151550352 ], [ -61.352378845214837, 10.786050796508787 ], [ -61.352912902831974, 10.789252281189022 ], [ -61.350212097167969, 10.791360855102539 ], [ -61.345973968505803, 10.800423622131463 ], [ -61.34553527832032, 10.807084083557182 ], [ -61.344028472900391, 10.805695533752498 ], [ -61.334583282470703, 10.80458259582525 ], [ -61.330417633056584, 10.801527023315543 ], [ -61.326248168945312, 10.801528930664121 ], [ -61.321529388427678, 10.799860954284723 ], [ -61.319583892822266, 10.800695419311579 ], [ -61.318748474121087, 10.799583435058649 ], [ -61.315139770507763, 10.799860954284721 ], [ -61.314582824706982, 10.799027442932186 ], [ -61.307361602783203, 10.799306869506838 ], [ -61.300971984863288, 10.795972824096793 ], [ -61.295417785644474, 10.795972824096793 ], [ -61.295139312744091, 10.797361373901367 ], [ -61.293472290039062, 10.79791736602783 ], [ -61.288749694824162, 10.797082901000978 ], [ -61.285972595214787, 10.798750877380371 ], [ -61.284584045410156, 10.797361373901367 ], [ -61.2820816040038, 10.79791736602783 ], [ -61.280139923095646, 10.795972824096793 ], [ -61.277362823486328, 10.796251296997182 ], [ -61.275695800781129, 10.794046401977539 ], [ -61.273193359374943, 10.795139312744199 ], [ -61.264305114746101, 10.795418739318904 ], [ -61.25819396972657, 10.794583320617733 ], [ -61.257637023925724, 10.793473243713377 ], [ -61.252918243408196, 10.792360305786133 ], [ -61.24958419799804, 10.795972824096792 ], [ -61.247917175292912, 10.794583320617733 ], [ -61.244861602783139, 10.794860839843864 ], [ -61.241806030273381, 10.79319477081299 ], [ -61.23625183105468, 10.793473243713379 ], [ -61.235137939453075, 10.795695304870719 ], [ -61.233470916748047, 10.794860839843864 ], [ -61.229583740234368, 10.795695304870721 ], [ -61.227359771728516, 10.794027328491264 ], [ -61.221248626708984, 10.794306755065975 ], [ -61.217918395996101, 10.799306869506836 ], [ -61.21541595458978, 10.798196792602482 ], [ -61.214862823486328, 10.796526908874512 ], [ -61.212917327880803, 10.796251296997184 ], [ -61.202083587646484, 10.797361373901367 ], [ -61.197360992431584, 10.800416946411191 ], [ -61.194583892822273, 10.800416946411188 ], [ -61.190692901611271, 10.797917366027832 ], [ -61.188472747802741, 10.799860954284725 ], [ -61.184860229492188, 10.799860954284723 ], [ -61.183750152587841, 10.804026603698787 ], [ -61.177360534667912, 10.807361602783317 ], [ -61.176528930664062, 10.809027671813965 ], [ -61.170696258544815, 10.809862136840822 ], [ -61.170051574707031, 10.79566287994396 ], [ -61.167388916015625, 10.795658111572322 ], [ -61.166866302490178, 10.797259330749627 ], [ -61.161437988281193, 10.796166419982967 ], [ -61.156047821044915, 10.788188934326168 ], [ -61.152801513671875, 10.774310111999569 ], [ -61.153373718261719, 10.769495010376032 ], [ -61.157661437988281, 10.760953903198242 ], [ -61.166843414306584, 10.761492729187067 ], [ -61.170600891113175, 10.759894371032772 ], [ -61.175975799560547, 10.759906768798771 ], [ -61.178642272949219, 10.757786750793569 ], [ -61.178646087646484, 10.753486633300895 ], [ -61.182979583740178, 10.747116088867246 ], [ -61.189456939697209, 10.7423095703125 ], [ -61.192131042480419, 10.734276771545353 ], [ -61.198085784912116, 10.729467391967773 ], [ -61.211528778076172, 10.727377891540472 ], [ -61.222808837890625, 10.727410316467228 ], [ -61.227130889892514, 10.728511810302734 ], [ -61.230361938476513, 10.72795391082769 ], [ -61.231937408447273, 10.725309371948242 ], [ -61.237865447998047, 10.730674743652346 ], [ -61.24214172363282, 10.730688095092832 ], [ -61.243762969970703, 10.727997779846131 ], [ -61.244861602783139, 10.724263191223086 ], [ -61.241641998290959, 10.72051429748541 ], [ -61.231437683105419, 10.716741561889705 ], [ -61.224967956542969, 10.718330383300835 ], [ -61.221790313720653, 10.717231750488391 ], [ -61.220703125, 10.715097427368159 ], [ -61.212627410888608, 10.71398353576666 ], [ -61.209407806396428, 10.710753440857049 ], [ -61.209999084472663, 10.704360008239746 ], [ -61.212677001953125, 10.700056076049918 ], [ -61.213222503662053, 10.694701194763296 ], [ -61.210578918457038, 10.690947532653752 ], [ -61.210597991943359, 10.687722206115836 ], [ -61.213863372802678, 10.680760383606069 ], [ -61.217624664306648, 10.678590774536248 ], [ -61.2176513671875, 10.673797607421816 ], [ -61.221427917480362, 10.669491767883411 ], [ -61.225761413574219, 10.667370796203667 ], [ -61.226295471191293, 10.665236473083494 ], [ -61.22255706787103, 10.663038253784293 ], [ -61.22309875488282, 10.659811019897575 ], [ -61.225826263427741, 10.656639099121039 ], [ -61.22475814819331, 10.652312278747615 ], [ -61.219928741455085, 10.650678634643498 ], [ -61.214561462402237, 10.650658607482969 ], [ -61.2028198242187, 10.639348030090444 ], [ -61.202877044677734, 10.631785392761229 ], [ -61.204517364501889, 10.628556251525932 ], [ -61.199195861816349, 10.62368106842041 ], [ -61.199222564697266, 10.620491027832086 ], [ -61.201992034912109, 10.612931251525991 ], [ -61.205772399902294, 10.609184265136719 ], [ -61.207988739013679, 10.600047111511174 ], [ -61.212306976318359, 10.600065231323297 ], [ -61.214939117431584, 10.602744102478081 ], [ -61.222476959228402, 10.60277652740484 ], [ -61.225669860839844, 10.60117053985601 ], [ -61.228889465332038, 10.601756095886342 ] ], [ [ -61.276100158691413, 10.605146408081051 ], [ -61.268016815185554, 10.607825279235838 ], [ -61.263172149658139, 10.608328819275016 ], [ -61.262634277343743, 10.610516548156792 ], [ -61.262619018554638, 10.613190650939941 ], [ -61.265819549560547, 10.615907669067381 ], [ -61.267921447753913, 10.620769500732477 ], [ -61.267848968505803, 10.630994796753043 ], [ -61.269439697265625, 10.634193420410156 ], [ -61.268310546875007, 10.644418716430778 ], [ -61.285972595214787, 10.655253410339412 ], [ -61.289722442626953, 10.655268669128477 ], [ -61.29188156127924, 10.653111457824821 ], [ -61.288715362548835, 10.643424987793082 ], [ -61.291412353515561, 10.641309738159299 ], [ -61.289833068847656, 10.636447906494199 ], [ -61.292560577392528, 10.632141113281307 ], [ -61.289897918701115, 10.626220703125055 ], [ -61.290454864501889, 10.622994422912653 ], [ -61.292095184326065, 10.617632865905762 ], [ -61.29693222045892, 10.617101669311467 ], [ -61.297489166259766, 10.614412307739311 ], [ -61.293220520019467, 10.610626220703235 ], [ -61.287887573242131, 10.607909202575739 ], [ -61.276100158691413, 10.605146408081051 ] ] ] } }
]
}
